ticker,symbol,company_name,name,exchange,current_price,days_low,days_high,days_range,volume,volume_today,avg_volume_3mon,dvav,market_cap,shares_available,pe_ratio,dividend_yield,one_year_target,week_52_low,week_52_high,earnings_per_share,book_value,price_to_book,bid_price,ask_price,bid_ask_spread,price_change_today,price_change_week,price_change_month,price_change_year,change_percent,market_cap_change_3mon,pe_change_3mon,last_updated,created_at
ABNB,ABNB,ABNB,ABNB,NASDAQ,125.8499984741211,122.80500030517578,126.0,122.81 - 126.00,1877596,1877596,,,,,,,,,,,,,,,,,,,,2.408657416530177,,,2025-10-17 16:26:15.722268+00:00,2025-10-17 16:26:15.722272+00:00
ADSK,ADSK,ADSK,ADSK,NASDAQ,304.2214050292969,298.9100036621094,305.260009765625,298.91 - 305.26,544872,544872,,,,,,,,,,,,,,,,,,,,1.4680133405235196,,,2025-10-17 16:26:15.722769+00:00,2025-10-17 16:26:15.722771+00:00
CCL,CCL,CCL,CCL,NASDAQ,28.280000686645508,27.719999313354492,28.368999481201172,27.72 - 28.37,6787034,6787034,,,,,,,,,,,,,,,,,,,,0.2481446453196868,,,2025-10-17 16:26:15.723921+00:00,2025-10-17 16:26:15.723924+00:00
DXCM,DXCM,DXCM,DXCM,NASDAQ,66.38999938964844,65.41000366210938,66.4800033569336,65.41 - 66.48,1302800,1302800,,,,,,,,,,,,,,,,,,,,0.09045312368084403,,,2025-10-17 16:26:15.724842+00:00,2025-10-17 16:26:15.724846+00:00
HON,HON,HON,HON,NASDAQ,203.8800048828125,202.16000366210938,205.0,202.16 - 205.00,1581447,1581447,,,,,,,,,,,,,,,,,,,,0.3494643501826406,,,2025-10-17 16:26:15.753552+00:00,2025-10-17 16:26:15.753556+00:00
MAR,MAR,MAR,MAR,NASDAQ,262.55499267578125,258.9200134277344,263.07000732421875,258.92 - 263.07,602408,602408,,,,,,,,,,,,,,,,,,,,1.3569271212596559,,,2025-10-17 16:26:15.768200+00:00,2025-10-17 16:26:15.768204+00:00
MCHP,MCHP,MCHP,MCHP,NASDAQ,64.91999816894531,64.26000213623047,65.62999725341797,64.26 - 65.63,1390995,1390995,,,,,,,,,,,,,,,,,,,,-0.657995891684777,,,2025-10-17 16:26:15.787441+00:00,2025-10-17 16:26:15.787444+00:00
META,META,META,META,NASDAQ,712.780029296875,706.1199951171875,715.739990234375,706.12 - 715.74,5391837,5391837,,,,,,,,,,,,,,,,,,,,0.09971238296137977,,,2025-10-17 16:26:15.793752+00:00,2025-10-17 16:26:15.793756+00:00
MRNA,MRNA,MRNA,MRNA,NASDAQ,26.729999542236328,26.24169921875,26.940000534057617,26.24 - 26.94,3444134,3444134,,,,,,,,,,,,,,,,,,,,-1.5106848070471544,,,2025-10-17 16:26:15.794502+00:00,2025-10-17 16:26:15.794506+00:00
ROST,ROST,ROST,ROST,NASDAQ,156.75,155.16000366210938,157.28500366210938,155.16 - 157.29,682630,682630,,,,,,,,,,,,,,,,,,,,0.9921997419739963,,,2025-10-17 16:26:15.887145+00:00,2025-10-17 16:26:15.887149+00:00
RUN,RUN,RUN,RUN,NASDAQ,19.739999771118164,19.34000015258789,20.010000228881836,19.34 - 20.01,2627424,2627424,,,,,,,,,,,,,,,,,,,,-1.9860954848681147,,,2025-10-17 16:26:15.888324+00:00,2025-10-17 16:26:15.888326+00:00
SIRI,SIRI,SIRI,SIRI,NASDAQ,21.210100173950195,21.020000457763672,21.399999618530273,21.02 - 21.40,1140476,1140476,,,,,,,,,,,,,,,,,,,,-0.5154761840859846,,,2025-10-17 16:26:15.890565+00:00,2025-10-17 16:26:15.890568+00:00
UPST,UPST,UPST,UPST,NASDAQ,47.43000030517578,46.5,47.90999984741211,46.50 - 47.91,2633979,2633979,,,,,,,,,,,,,,,,,,,,-0.7429099997277782,,,2025-10-17 16:26:15.895053+00:00,2025-10-17 16:26:15.895055+00:00
XPEV,XPEV,XPEV,XPEV,NASDAQ,20.975000381469727,20.780000686645508,21.15999984741211,20.78 - 21.16,2744411,2744411,,,,,,,,,,,,,,,,,,,,-1.8483876567682984,,,2025-10-17 16:26:15.896156+00:00,2025-10-17 16:26:15.896158+00:00
ZM,ZM,ZM,ZM,NASDAQ,79.97000122070312,79.12000274658203,80.13500213623047,79.12 - 80.14,693468,693468,,,,,,,,,,,,,,,,,,,,0.17537189833055508,,,2025-10-17 16:26:15.900297+00:00,2025-10-17 16:26:15.900300+00:00
AAAU,AAAU,AAAU,AAAU,NASDAQ,41.70500183105469,41.630001068115234,42.615501403808594,41.63 - 42.62,7580733,7580733,,,,,,,,,,,,,,,,,,,,-1.9167418107592582,,,2025-10-17 16:26:15.905951+00:00,2025-10-17 16:26:15.905955+00:00
AAME,AAME,AAME,AAME,NASDAQ,3.0999999046325684,3.049999952316284,3.168100118637085,3.05 - 3.17,6787,6787,,,,,,,,,,,,,,,,,,,,0.6493500461665078,,,2025-10-17 16:26:15.907453+00:00,2025-10-17 16:26:15.907455+00:00
AAOI,AAOI,AAOI,AAOI,NASDAQ,31.058000564575195,28.870100021362305,31.104999542236328,28.87 - 31.10,2552246,2552246,,,,,,,,,,,,,,,,,,,,-0.26332314284020264,,,2025-10-17 16:26:15.915903+00:00,2025-10-17 16:26:15.915907+00:00
AAT,AAT,AAT,AAT,NASDAQ,19.53179931640625,19.421300888061523,19.649999618530273,19.42 - 19.65,53923,53923,,,,,,,,,,,,,,,,,,,,-0.09309422692864174,,,2025-10-17 16:26:15.916346+00:00,2025-10-17 16:26:15.916348+00:00
ABBV,ABBV,ABBV,ABBV,NASDAQ,229.42999267578125,226.80499267578125,230.71099853515625,226.80 - 230.71,1818059,1818059,,,,,,,,,,,,,,,,,,,,1.1283984721167768,,,2025-10-17 16:26:15.916708+00:00,2025-10-17 16:26:15.916710+00:00
ABEV,ABEV,ABEV,ABEV,NASDAQ,2.265000104904175,2.201900005340576,2.2699999809265137,2.20 - 2.27,16864868,16864868,,,,,,,,,,,,,,,,,,,,1.5695105619429637,,,2025-10-17 16:26:15.922543+00:00,2025-10-17 16:26:15.922547+00:00
ABM,ABM,ABM,ABM,NASDAQ,44.875,44.55500030517578,45.005001068115234,44.56 - 45.01,122808,122808,,,,,,,,,,,,,,,,,,,,0.4139659408726174,,,2025-10-17 16:26:15.927611+00:00,2025-10-17 16:26:15.927614+00:00
ABR,ABR,ABR,ABR,NASDAQ,11.744999885559082,11.6850004196167,11.899999618530273,11.69 - 11.90,689958,689958,,,,,,,,,,,,,,,,,,,,-1.0530749890913957,,,2025-10-17 16:26:15.927979+00:00,2025-10-17 16:26:15.927981+00:00
ABVC,ABVC,ABVC,ABVC,NASDAQ,2.869999885559082,2.809999942779541,2.9298999309539795,2.81 - 2.93,23561,23561,,,,,,,,,,,,,,,,,,,,-1.7123352543991492,,,2025-10-17 16:26:15.937486+00:00,2025-10-17 16:26:15.937490+00:00
ABVX,ABVX,ABVX,ABVX,NASDAQ,92.81999969482422,90.81009674072266,92.94999694824219,90.81 - 92.95,302811,302811,,,,,,,,,,,,,,,,,,,,-0.09687220292497065,,,2025-10-17 16:26:15.937889+00:00,2025-10-17 16:26:15.937892+00:00
ACB,ACB,ACB,ACB,NASDAQ,5.300000190734863,5.170100212097168,5.324999809265137,5.17 - 5.32,415412,415412,,,,,,,,,,,,,,,,,,,,0.18904024487616386,,,2025-10-17 16:26:15.938249+00:00,2025-10-17 16:26:15.938251+00:00
ACGLN,ACGLN,ACGLN,ACGLN,NASDAQ,17.709999084472656,17.530099868774414,17.760000228881836,17.53 - 17.76,5395,5395,,,,,,,,,,,,,,,,,,,,0.056487689843142674,,,2025-10-17 16:26:15.942122+00:00,2025-10-17 16:26:15.942127+00:00
ACGLO,ACGLO,ACGLO,ACGLO,NASDAQ,21.549999237060547,21.540000915527344,21.690000534057617,21.54 - 21.69,8343,8343,,,,,,,,,,,,,,,,,,,,-0.2776555835092107,,,2025-10-17 16:26:15.948433+00:00,2025-10-17 16:26:15.948437+00:00
ACLX,ACLX,ACLX,ACLX,NASDAQ,88.0999984741211,86.04000091552734,90.27999877929688,86.04 - 90.28,148325,148325,,,,,,,,,,,,,,,,,,,,-0.8441193166913209,,,2025-10-17 16:26:15.951963+00:00,2025-10-17 16:26:15.951966+00:00
ACNB,ACNB,ACNB,ACNB,NASDAQ,43.415000915527344,43.0,43.46500015258789,43.00 - 43.47,6875,6875,,,,,,,,,,,,,,,,,,,,1.0591290520281742,,,2025-10-17 16:26:15.957189+00:00,2025-10-17 16:26:15.957192+00:00
BP,BP,BP,BP,NASDAQ,33.11000061035156,32.880001068115234,33.154998779296875,32.88 - 33.15,2672361,2672361,,,,,,,,,,,,,,,,,,,,1.0067170327752097,,,2025-10-17 16:26:15.886391+00:00,2025-10-17 16:26:15.886395+00:00
BRC,BRC,BRC,BRC,NASDAQ,75.0,74.51000213623047,75.8499984741211,74.51 - 75.85,47468,47468,,,,,,,,,,,,,,,,,,,,0.0,,,2025-10-17 16:26:15.887608+00:00,2025-10-17 16:26:15.887611+00:00
BRX,BRX,BRX,BRX,NASDAQ,27.09000015258789,26.729999542236328,27.184999465942383,26.73 - 27.18,692893,692893,,,,,,,,,,,,,,,,,,,,1.0067131276506955,,,2025-10-17 16:26:15.893070+00:00,2025-10-17 16:26:15.893073+00:00
BSCV,BSCV,BSCV,BSCV,NASDAQ,16.809999465942383,16.79159927368164,16.819900512695312,16.79 - 16.82,151284,151284,,,,,,,,,,,,,,,,,,,,-0.059454393955269615,,,2025-10-17 16:26:15.893508+00:00,2025-10-17 16:26:15.893511+00:00
BSJR,BSJR,BSJR,BSJR,NASDAQ,22.729999542236328,22.700000762939453,22.736400604248047,22.70 - 22.74,49147,49147,,,,,,,,,,,,,,,,,,,,0.0880689501099392,,,2025-10-17 16:26:15.893899+00:00,2025-10-17 16:26:15.893901+00:00
BSMQ,BSMQ,BSMQ,BSMQ,NASDAQ,23.6299991607666,23.6299991607666,23.649999618530273,23.63 - 23.65,6827,6827,,,,,,,,,,,,,,,,,,,,0.021160468853339946,,,2025-10-17 16:26:15.897414+00:00,2025-10-17 16:26:15.897418+00:00
BSR,BSR,BSR,BSR,NASDAQ,29.595500946044922,29.568300247192383,29.568300247192383,29.57 - 29.57,169,169,,,,,,,,,,,,,,,,,,,,-0.0016884894258027477,,,2025-10-17 16:26:15.899091+00:00,2025-10-17 16:26:15.899095+00:00
BTDR,BTDR,BTDR,BTDR,NASDAQ,24.030000686645508,22.899999618530273,25.0,22.90 - 25.00,5837411,5837411,,,,,,,,,,,,,,,,,,,,-7.1483714610224665,,,2025-10-17 16:26:15.901293+00:00,2025-10-17 16:26:15.901295+00:00
BTG,BTG,BTG,BTG,NASDAQ,5.550099849700928,5.53000020980835,5.899899959564209,5.53 - 5.90,31593790,31593790,,,,,,,,,,,,,,,,,,,,-6.563976494336596,,,2025-10-17 16:26:15.901639+00:00,2025-10-17 16:26:15.901641+00:00
BTOP,BTOP,BTOP,BTOP,NASDAQ,32.880001068115234,32.7400016784668,32.880001068115234,32.74 - 32.88,622,622,,,,,,,,,,,,,,,,,,,,0.2805992244255121,,,2025-10-17 16:26:15.909415+00:00,2025-10-17 16:26:15.909418+00:00
BUFF,BUFF,BUFF,BUFF,NASDAQ,48.73550033569336,48.597198486328125,48.74850082397461,48.60 - 48.75,12221,12221,,,,,,,,,,,,,,,,,,,,0.27881042351147134,,,2025-10-17 16:26:15.909881+00:00,2025-10-17 16:26:15.909883+00:00
BUI,BUI,BUI,BUI,NASDAQ,26.69930076599121,26.441600799560547,26.889999389648438,26.44 - 26.89,31256,31256,,,,,,,,,,,,,,,,,,,,-0.07746462535624483,,,2025-10-17 16:26:15.910288+00:00,2025-10-17 16:26:15.910290+00:00
BULLW,BULLW,BULLW,BULLW,NASDAQ,4.489999771118164,4.489999771118164,4.895199775695801,4.49 - 4.90,10139,10139,,,,,,,,,,,,,,,,,,,,-2.8138553606303005,,,2025-10-17 16:26:15.910621+00:00,2025-10-17 16:26:15.910623+00:00
BUSE,BUSE,BUSE,BUSE,NASDAQ,22.579999923706055,22.1299991607666,22.6299991607666,22.13 - 22.63,230046,230046,,,,,,,,,,,,,,,,,,,,1.7575456523755344,,,2025-10-17 16:26:15.919405+00:00,2025-10-17 16:26:15.919406+00:00
BWMN,BWMN,BWMN,BWMN,NASDAQ,42.290000915527344,42.08000183105469,43.36000061035156,42.08 - 43.36,24882,24882,,,,,,,,,,,,,,,,,,,,-2.714516383803991,,,2025-10-17 16:26:15.923773+00:00,2025-10-17 16:26:15.923777+00:00
BWTG,BWTG,BWTG,BWTG,NASDAQ,37.585201263427734,37.585201263427734,37.88999938964844,37.59 - 37.89,1,1,,,,,,,,,,,,,,,,,,,,0.0005379245975867282,,,2025-10-17 16:26:15.924690+00:00,2025-10-17 16:26:15.924692+00:00
BWXT,BWXT,BWXT,BWXT,NASDAQ,201.14999389648438,196.97999572753906,209.58999633789062,196.98 - 209.59,813672,813672,,,,,,,,,,,,,,,,,,,,-3.760586008768347,,,2025-10-17 16:26:15.925001+00:00,2025-10-17 16:26:15.925003+00:00
BXC,BXC,BXC,BXC,NASDAQ,70.27999877929688,70.0999984741211,71.19499969482422,70.10 - 71.19,40068,40068,,,,,,,,,,,,,,,,,,,,-0.12790104273447375,,,2025-10-17 16:26:15.925342+00:00,2025-10-17 16:26:15.925344+00:00
BYM,BYM,BYM,BYM,NASDAQ,10.970000267028809,10.920000076293945,11.010000228881836,10.92 - 11.01,11012,11012,,,,,,,,,,,,,,,,,,,,-0.6340552089319893,,,2025-10-17 16:26:15.928508+00:00,2025-10-17 16:26:15.928512+00:00
BYRE,BYRE,BYRE,BYRE,NASDAQ,25.18000030517578,25.149999618530273,25.199499130249023,25.15 - 25.20,831,831,,,,,,,,,,,,,,,,,,,,-0.11899555885089995,,,2025-10-17 16:26:15.948950+00:00,2025-10-17 16:26:15.948953+00:00
CABA,CABA,CABA,CABA,NASDAQ,2.8350000381469727,2.780400037765503,2.930000066757202,2.78 - 2.93,1134505,1134505,,,,,,,,,,,,,,,,,,,,-1.5625025870070488,,,2025-10-17 16:26:15.956727+00:00,2025-10-17 16:26:15.956730+00:00
CADL,CADL,CADL,CADL,NASDAQ,5.46999979019165,5.300000190734863,5.510000228881836,5.30 - 5.51,333049,333049,,,,,,,,,,,,,,,,,,,,0.9225039334666131,,,2025-10-17 16:26:15.959770+00:00,2025-10-17 16:26:15.959773+00:00
CAML,CAML,CAML,CAML,NASDAQ,38.375,38.04999923706055,38.375,38.05 - 38.38,2969,2969,,,,,,,,,,,,,,,,,,,,0.2743651449709542,,,2025-10-17 16:26:15.894612+00:00,2025-10-17 16:26:15.894616+00:00
CAMT,CAMT,CAMT,CAMT,NASDAQ,121.00499725341797,118.77999877929688,122.85350036621094,118.78 - 122.85,146287,146287,,,,,,,,,,,,,,,,,,,,-1.0103081085848102,,,2025-10-17 16:26:15.896565+00:00,2025-10-17 16:26:15.896567+00:00
CAPT,CAPT,CAPT,CAPT,NASDAQ,0.8389999866485596,0.8158000111579895,0.8424999713897705,0.82 - 0.84,46752,46752,,,,,,,,,,,,,,,,,,,,1.3284996942382536,,,2025-10-17 16:26:15.898480+00:00,2025-10-17 16:26:15.898482+00:00
CARL,CARL,CARL,CARL,NASDAQ,13.40999984741211,13.210000038146973,13.600000381469727,13.21 - 13.60,79640,79640,,,,,,,,,,,,,,,,,,,,-1.6140885193076369,,,2025-10-17 16:26:15.911437+00:00,2025-10-17 16:26:15.911440+00:00
CB,CB,CB,CB,NASDAQ,267.5849914550781,267.3800048828125,270.1000061035156,267.38 - 270.10,972560,972560,,,,,,,,,,,,,,,,,,,,-0.240472544022256,,,2025-10-17 16:26:15.911993+00:00,2025-10-17 16:26:15.911996+00:00
CBOA,CBOA,CBOA,CBOA,NASDAQ,26.450000762939453,26.489900588989258,26.489900588989258,26.49 - 26.49,714,714,,,,,,,,,,,,,,,,,,,,-0.3578802527084243,,,2025-10-17 16:26:15.917479+00:00,2025-10-17 16:26:15.917483+00:00
CBRE,CBRE,CBRE,CBRE,NASDAQ,155.44500732421875,154.57000732421875,156.27000427246094,154.57 - 156.27,403714,403714,,,,,,,,,,,,,,,,,,,,0.016091336744356373,,,2025-10-17 16:26:15.918850+00:00,2025-10-17 16:26:15.918853+00:00
CCCXW,CCCXW,CCCXW,CCCXW,NASDAQ,9.199999809265137,8.300000190734863,9.890000343322754,8.30 - 9.89,402114,402114,,,,,,,,,,,,,,,,,,,,,,,2025-10-17 16:26:15.927162+00:00,2025-10-17 16:26:15.927164+00:00
CCEF,CCEF,CCEF,CCEF,NASDAQ,28.489999771118164,28.489999771118164,28.600000381469727,28.49 - 28.60,720,720,,,,,,,,,,,,,,,,,,,,-0.3846175135816892,,,2025-10-17 16:26:15.933532+00:00,2025-10-17 16:26:15.933536+00:00
CCK,CCK,CCK,CCK,NASDAQ,93.2219009399414,92.05999755859375,93.33499908447266,92.06 - 93.33,349020,349020,,,,,,,,,,,,,,,,,,,,0.9550624182653363,,,2025-10-17 16:26:15.934848+00:00,2025-10-17 16:26:15.934852+00:00
CDRO,CDRO,CDRO,CDRO,NASDAQ,6.570000171661377,6.480000019073486,7.164999961853027,6.48 - 7.16,22027,22027,,,,,,,,,,,,,,,,,,,,0.1524425147723208,,,2025-10-17 16:26:15.935507+00:00,2025-10-17 16:26:15.935509+00:00
CEFA,CEFA,CEFA,CEFA,NASDAQ,36.560001373291016,36.560001373291016,36.560001373291016,36.56 - 36.56,114,114,,,,,,,,,,,,,,,,,,,,0.3981888071348193,,,2025-10-17 16:26:15.943194+00:00,2025-10-17 16:26:15.943197+00:00
CEFD,CEFD,CEFD,CEFD,NASDAQ,19.049999237060547,19.049999237060547,19.139999389648438,19.05 - 19.14,726,726,,,,,,,,,,,,,,,,,,,,-0.8019226836525706,,,2025-10-17 16:26:15.950140+00:00,2025-10-17 16:26:15.950147+00:00
CEPO,CEPO,CEPO,CEPO,NASDAQ,10.509900093078613,10.359999656677246,10.510000228881836,10.36 - 10.51,274366,274366,,,,,,,,,,,,,,,,,,,,0.09428660074869791,,,2025-10-17 16:26:15.953058+00:00,2025-10-17 16:26:15.953061+00:00
CEPT,CEPT,CEPT,CEPT,NASDAQ,11.970000267028809,11.899999618530273,12.160499572753906,11.90 - 12.16,53867,53867,,,,,,,,,,,,,,,,,,,,-0.24999777475992838,,,2025-10-17 16:26:15.953393+00:00,2025-10-17 16:26:15.953396+00:00
CEW,CEW,CEW,CEW,NASDAQ,18.90999984741211,18.90999984741211,18.90999984741211,18.91 - 18.91,643,643,,,,,,,,,,,,,,,,,,,,0.0529112649929968,,,2025-10-17 16:26:15.958076+00:00,2025-10-17 16:26:15.958080+00:00
CFO,CFO,CFO,CFO,NASDAQ,72.47000122070312,72.4198989868164,72.4708023071289,72.42 - 72.47,1408,1408,,,,,,,,,,,,,,,,,,,,0.2212746058796668,,,2025-10-17 16:26:15.960648+00:00,2025-10-17 16:26:15.960651+00:00
CGCTW,CGCTW,CGCTW,CGCTW,NASDAQ,0.3154999911785126,0.3154999911785126,0.3499999940395355,0.32 - 0.35,2818,2818,,,,,,,,,,,,,,,,,,,,,,,2025-10-17 16:26:15.961127+00:00,2025-10-17 16:26:15.961129+00:00
CGEM,CGEM,CGEM,CGEM,NASDAQ,7.71999979019165,7.590000152587891,8.65999984741211,7.59 - 8.66,891825,891825,,,,,,,,,,,,,,,,,,,,-11.670480636591808,,,2025-10-17 16:26:15.963863+00:00,2025-10-17 16:26:15.963880+00:00
CGGE,CGGE,CGGE,CGGE,NASDAQ,30.905000686645508,30.725000381469727,30.950000762939453,30.73 - 30.95,127852,127852,,,,,,,,,,,,,,,,,,,,-0.01617327981649961,,,2025-10-17 16:26:15.964860+00:00,2025-10-17 16:26:15.964862+00:00
CGGR,CGGR,CGGR,CGGR,NASDAQ,43.898399353027344,43.459999084472656,43.98500061035156,43.46 - 43.99,12247572,12247572,,,,,,,,,,,,,,,,,,,,0.22465780292420068,,,2025-10-17 16:26:15.965754+00:00,2025-10-17 16:26:15.965757+00:00
CGHM,CGHM,CGHM,CGHM,NASDAQ,25.61840057373047,25.559999465942383,25.6299991607666,25.56 - 25.63,83666,83666,,,,,,,,,,,,,,,,,,,,0.03279954384503601,,,2025-10-17 16:26:15.966087+00:00,2025-10-17 16:26:15.966089+00:00
CGIC,CGIC,CGIC,CGIC,NASDAQ,31.0,30.8700008392334,31.039400100708008,30.87 - 31.04,48253,48253,,,,,,,,,,,,,,,,,,,,-0.1931727848487984,,,2025-10-17 16:26:15.968193+00:00,2025-10-17 16:26:15.968196+00:00
ACT,ACT,ACT,ACT,NASDAQ,35.40999984741211,35.119998931884766,35.4900016784668,35.12 - 35.49,93043,93043,,,,,,,,,,,,,,,,,,,,1.0847875574001429,,,2025-10-17 16:26:15.892407+00:00,2025-10-17 16:26:15.892410+00:00
ADGM,ADGM,ADGM,ADGM,NASDAQ,1.3799999952316284,1.3300000429153442,1.479599952697754,1.33 - 1.48,66608,66608,,,,,,,,,,,,,,,,,,,,-6.7567582806154425,,,2025-10-17 16:26:15.900806+00:00,2025-10-17 16:26:15.900809+00:00
ADIV,ADIV,ADIV,ADIV,NASDAQ,18.114999771118164,18.082599639892578,18.082599639892578,18.08 - 18.08,217,217,,,,,,,,,,,,,,,,,,,,0.0,,,2025-10-17 16:26:15.913444+00:00,2025-10-17 16:26:15.913449+00:00
AEFC,AEFC,AEFC,AEFC,NASDAQ,20.399999618530273,20.25,20.399999618530273,20.25 - 20.40,12290,12290,,,,,,,,,,,,,,,,,,,,0.29498262287254207,,,2025-10-17 16:26:15.914063+00:00,2025-10-17 16:26:15.914065+00:00
AETH,AETH,AETH,AETH,NASDAQ,42.996299743652344,42.88999938964844,42.88999938964844,42.89 - 42.89,521,521,,,,,,,,,,,,,,,,,,,,0.0007009049570216615,,,2025-10-17 16:26:15.914755+00:00,2025-10-17 16:26:15.914757+00:00
AFGB,AFGB,AFGB,AFGB,NASDAQ,22.5,22.5,22.5,22.50 - 22.50,3156,3156,,,,,,,,,,,,,,,,,,,,-0.0888119776071177,,,2025-10-17 16:26:15.938690+00:00,2025-10-17 16:26:15.938692+00:00
AFGC,AFGC,AFGC,AFGC,NASDAQ,19.8700008392334,19.700000762939453,19.8700008392334,19.70 - 19.87,4611,4611,,,,,,,,,,,,,,,,,,,,1.119599109282731,,,2025-10-17 16:26:15.940320+00:00,2025-10-17 16:26:15.940323+00:00
AFGE,AFGE,AFGE,AFGE,NASDAQ,18.010000228881836,18.000099182128906,18.508399963378906,18.00 - 18.51,568,568,,,,,,,,,,,,,,,,,,,,0.0,,,2025-10-17 16:26:15.941389+00:00,2025-10-17 16:26:15.941392+00:00
AFSM,AFSM,AFSM,AFSM,NASDAQ,31.71500015258789,31.71500015258789,31.75,31.72 - 31.75,2107,2107,,,,,,,,,,,,,,,,,,,,-0.16997371234151082,,,2025-10-17 16:26:15.949481+00:00,2025-10-17 16:26:15.949484+00:00
AGH,AGH,AGH,AGH,NASDAQ,5.710000038146973,4.610000133514404,5.789999961853027,4.61 - 5.79,264129,264129,,,,,,,,,,,,,,,,,,,,13.972051442827322,,,2025-10-17 16:26:15.959256+00:00,2025-10-17 16:26:15.959259+00:00
AGIX,AGIX,AGIX,AGIX,NASDAQ,37.150001525878906,37.0,37.415000915527344,37.00 - 37.42,12278,12278,,,,,,,,,,,,,,,,,,,,-1.1994366978506479,,,2025-10-17 16:26:15.962351+00:00,2025-10-17 16:26:15.962355+00:00
AGL,AGL,AGL,AGL,NASDAQ,0.9501000046730042,0.9078999757766724,0.9900000095367432,0.91 - 0.99,3914140,3914140,,,,,,,,,,,,,,,,,,,,-1.544038290766042,,,2025-10-17 16:26:15.962695+00:00,2025-10-17 16:26:15.962697+00:00
AGM,AGM,AGM,AGM,NASDAQ,157.2449951171875,156.0,158.86000061035156,156.00 - 158.86,30048,30048,,,,,,,,,,,,,,,,,,,,1.2850210094605474,,,2025-10-17 16:26:15.964406+00:00,2025-10-17 16:26:15.964408+00:00
AGNCM,AGNCM,AGNCM,AGNCM,NASDAQ,24.790000915527344,24.719999313354492,24.799999237060547,24.72 - 24.80,1668,1668,,,,,,,,,,,,,,,,,,,,-0.04031581387414668,,,2025-10-17 16:26:15.969329+00:00,2025-10-17 16:26:15.969331+00:00
AGOX,AGOX,AGOX,AGOX,NASDAQ,30.829999923706055,30.520000457763672,30.829999923706055,30.52 - 30.83,9852,9852,,,,,,,,,,,,,,,,,,,,0.1624406625898485,,,2025-10-17 16:26:15.970756+00:00,2025-10-17 16:26:15.970759+00:00
AGQ,AGQ,AGQ,AGQ,NASDAQ,87.66000366210938,86.0,93.06500244140625,86.00 - 93.07,5654745,5654745,,,,,,,,,,,,,,,,,,,,-10.018471248490684,,,2025-10-17 16:26:15.972539+00:00,2025-10-17 16:26:15.972543+00:00
AGQI,AGQI,AGQI,AGQI,NASDAQ,16.190000534057617,16.149999618530273,16.190000534057617,16.15 - 16.19,467,467,,,,,,,,,,,,,,,,,,,,-0.28331810054579587,,,2025-10-17 16:26:15.974679+00:00,2025-10-17 16:26:15.974683+00:00
AIBU,AIBU,AIBU,AIBU,NASDAQ,56.070098876953125,55.13999938964844,57.07870101928711,55.14 - 57.08,21895,21895,,,,,,,,,,,,,,,,,,,,-1.4844979794135709,,,2025-10-17 16:26:15.980089+00:00,2025-10-17 16:26:15.980092+00:00
AII,AII,AII,AII,NASDAQ,22.895000457763672,22.290000915527344,23.440000534057617,22.29 - 23.44,15325,15325,,,,,,,,,,,,,,,,,,,,-0.8874455425139334,,,2025-10-17 16:26:15.987626+00:00,2025-10-17 16:26:15.987635+00:00
AIOO,AIOO,AIOO,AIOO,NASDAQ,25.54199981689453,25.54199981689453,25.600000381469727,25.54 - 25.60,7583,7583,,,,,,,,,,,,,,,,,,,,0.04308362189598267,,,2025-10-17 16:26:15.989500+00:00,2025-10-17 16:26:15.989502+00:00
AIPI,AIPI,AIPI,AIPI,NASDAQ,42.805999755859375,42.3921012878418,42.86000061035156,42.39 - 42.86,46508,46508,,,,,,,,,,,,,,,,,,,,0.24824119678218232,,,2025-10-17 16:26:15.992007+00:00,2025-10-17 16:26:15.992010+00:00
AIR,AIR,AIR,AIR,NASDAQ,82.8550033569336,81.62999725341797,82.92500305175781,81.63 - 82.93,126460,126460,,,,,,,,,,,,,,,,,,,,-0.006030959909677398,,,2025-10-17 16:26:15.992949+00:00,2025-10-17 16:26:15.992951+00:00
AKAN,AKAN,AKAN,AKAN,NASDAQ,2.5899999141693115,2.430000066757202,2.8399999141693115,2.43 - 2.84,14408149,14408149,,,,,,,,,,,,,,,,,,,,16.143492915547007,,,2025-10-17 16:26:15.997549+00:00,2025-10-17 16:26:15.997552+00:00
AREC,AREC,AREC,AREC,NASDAQ,4.09499979019165,3.880000114440918,4.343500137329102,3.88 - 4.34,8658868,8658868,,,,,,,,,,,,,,,,,,,,-3.6470637601964615,,,2025-10-17 16:26:15.898028+00:00,2025-10-17 16:26:15.898032+00:00
AREN,AREN,AREN,AREN,NASDAQ,4.6356000900268555,4.559999942779541,4.760000228881836,4.56 - 4.76,76445,76445,,,,,,,,,,,,,,,,,,,,0.33766677173598253,,,2025-10-17 16:26:15.899799+00:00,2025-10-17 16:26:15.899802+00:00
ARES,ARES,ARES,ARES,NASDAQ,140.83749389648438,139.25999450683594,142.5399932861328,139.26 - 142.54,1073223,1073223,,,,,,,,,,,,,,,,,,,,-0.28498412703557197,,,2025-10-17 16:26:15.907994+00:00,2025-10-17 16:26:15.907998+00:00
ARHS,ARHS,ARHS,ARHS,NASDAQ,10.484999656677246,10.319999694824219,10.6899995803833,10.32 - 10.69,880845,880845,,,,,,,,,,,,,,,,,,,,-0.9915060849643655,,,2025-10-17 16:26:15.908413+00:00,2025-10-17 16:26:15.908415+00:00
ARKB,ARKB,ARKB,ARKB,NASDAQ,35.560001373291016,34.73500061035156,35.70500183105469,34.74 - 35.71,3934880,3934880,,,,,,,,,,,,,,,,,,,,-1.0848383348310926,,,2025-10-17 16:26:15.915239+00:00,2025-10-17 16:26:15.915242+00:00
ARKQ,ARKQ,ARKQ,ARKQ,NASDAQ,116.37999725341797,114.45999908447266,117.71029663085938,114.46 - 117.71,220518,220518,,,,,,,,,,,,,,,,,,,,-1.489759730254986,,,2025-10-17 16:26:15.918122+00:00,2025-10-17 16:26:15.918125+00:00
ARVN,ARVN,ARVN,ARVN,NASDAQ,9.329999923706055,9.210000038146973,9.670000076293945,9.21 - 9.67,631882,631882,,,,,,,,,,,,,,,,,,,,-3.6157063061515142,,,2025-10-17 16:26:15.928916+00:00,2025-10-17 16:26:15.928918+00:00
AS,AS,AS,AS,NASDAQ,30.520000457763672,30.34000015258789,31.059999465942383,30.34 - 31.06,2006267,2006267,,,,,,,,,,,,,,,,,,,,-0.3916414304019426,,,2025-10-17 16:26:15.936162+00:00,2025-10-17 16:26:15.936166+00:00
ASAN,ASAN,ASAN,ASAN,NASDAQ,13.899999618530273,13.720000267028809,14.024999618530273,13.72 - 14.02,1016504,1016504,,,,,,,,,,,,,,,,,,,,-0.5722455388096342,,,2025-10-17 16:26:15.942695+00:00,2025-10-17 16:26:15.942699+00:00
ASB,ASB,ASB,ASB,NASDAQ,24.520000457763672,24.100000381469727,24.56999969482422,24.10 - 24.57,663956,663956,,,,,,,,,,,,,,,,,,,,1.7005385194228366,,,2025-10-17 16:26:15.945640+00:00,2025-10-17 16:26:15.945643+00:00
ASMB,ASMB,ASMB,ASMB,NASDAQ,29.895000457763672,28.864999771118164,30.049999237060547,28.86 - 30.05,165777,165777,,,,,,,,,,,,,,,,,,,,2.8026153239196803,,,2025-10-17 16:26:15.954035+00:00,2025-10-17 16:26:15.954039+00:00
ASO,ASO,ASO,ASO,NASDAQ,50.900001525878906,50.56999969482422,52.470001220703125,50.57 - 52.47,795069,795069,,,,,,,,,,,,,,,,,,,,-3.4338789414377744,,,2025-10-17 16:26:15.958723+00:00,2025-10-17 16:26:15.958726+00:00
ASPC,ASPC,ASPC,ASPC,NASDAQ,10.350000381469727,10.350000381469727,10.350000381469727,10.35 - 10.35,3078,3078,,,,,,,,,,,,,,,,,,,,0.0,,,2025-10-17 16:26:15.961557+00:00,2025-10-17 16:26:15.961559+00:00
ASTC,ASTC,ASTC,ASTC,NASDAQ,3.955899953842163,3.9000000953674316,4.050000190734863,3.90 - 4.05,11950,11950,,,,,,,,,,,,,,,,,,,,-2.5640391725254412,,,2025-10-17 16:26:15.967078+00:00,2025-10-17 16:26:15.967081+00:00
ASTE,ASTE,ASTE,ASTE,NASDAQ,46.84000015258789,46.75,47.56999969482422,46.75 - 47.57,44812,44812,,,,,,,,,,,,,,,,,,,,-1.9468291736736543,,,2025-10-17 16:26:15.967375+00:00,2025-10-17 16:26:15.967377+00:00
ASTH,ASTH,ASTH,ASTH,NASDAQ,31.600000381469727,31.239999771118164,32.040000915527344,31.24 - 32.04,154084,154084,,,,,,,,,,,,,,,,,,,,-0.5976738867120143,,,2025-10-17 16:26:15.967688+00:00,2025-10-17 16:26:15.967690+00:00
ASTI,ASTI,ASTI,ASTI,NASDAQ,2.1301000118255615,2.119999885559082,2.2799999713897705,2.12 - 2.28,79103,79103,,,,,,,,,,,,,,,,,,,,-5.747786689639247,,,2025-10-17 16:26:15.968879+00:00,2025-10-17 16:26:15.968883+00:00
ASUR,ASUR,ASUR,ASUR,NASDAQ,8.414999961853027,8.28499984741211,8.460000038146973,8.28 - 8.46,26747,26747,,,,,,,,,,,,,,,,,,,,-0.5319157930382451,,,2025-10-17 16:26:15.974121+00:00,2025-10-17 16:26:15.974125+00:00
ATEX,ATEX,ATEX,ATEX,NASDAQ,20.389999389648438,20.239999771118164,20.600000381469727,20.24 - 20.60,52516,52516,,,,,,,,,,,,,,,,,,,,-1.8768107993745584,,,2025-10-17 16:26:15.975938+00:00,2025-10-17 16:26:15.975940+00:00
ATLCL,ATLCL,ATLCL,ATLCL,NASDAQ,24.795000076293945,24.793500900268555,24.799999237060547,24.79 - 24.80,1052,1052,,,,,,,,,,,,,,,,,,,,0.020166037039031786,,,2025-10-17 16:26:15.977995+00:00,2025-10-17 16:26:15.977997+00:00
ATMVR,ATMVR,ATMVR,ATMVR,NASDAQ,0.5899999737739563,0.5699999928474426,0.5899999737739563,0.57 - 0.59,2911,2911,,,,,,,,,,,,,,,,,,,,,,,2025-10-17 16:26:15.978400+00:00,2025-10-17 16:26:15.978402+00:00
AUTL,AUTL,AUTL,AUTL,NASDAQ,1.600000023841858,1.5815999507904053,1.672700047492981,1.58 - 1.67,1230247,1230247,,,,,,,,,,,,,,,,,,,,-4.761900369272073,,,2025-10-17 16:26:15.985113+00:00,2025-10-17 16:26:15.985116+00:00
AVLV,AVLV,AVLV,AVLV,NASDAQ,71.44999694824219,71.07050323486328,71.5728988647461,71.07 - 71.57,136198,136198,,,,,,,,,,,,,,,,,,,,0.3370283202571516,,,2025-10-17 16:26:15.990949+00:00,2025-10-17 16:26:15.990953+00:00
AVMA,AVMA,AVMA,AVMA,NASDAQ,64.91179656982422,64.80989837646484,64.80999755859375,64.81 - 64.81,476,476,,,,,,,,,,,,,,,,,,,,-0.0003173429322910068,,,2025-10-17 16:26:15.992537+00:00,2025-10-17 16:26:15.992540+00:00
AVMU,AVMU,AVMU,AVMU,NASDAQ,46.084999084472656,46.049800872802734,46.084999084472656,46.05 - 46.08,2770,2770,,,,,,,,,,,,,,,,,,,,0.07600401301188703,,,2025-10-17 16:26:15.994058+00:00,2025-10-17 16:26:15.994062+00:00
AVO,AVO,AVO,AVO,NASDAQ,11.710000038146973,11.684200286865234,11.800000190734863,11.68 - 11.80,61027,61027,,,,,,,,,,,,,,,,,,,,-0.08532618305452601,,,2025-10-17 16:26:15.999989+00:00,2025-10-17 16:26:15.999992+00:00
AVS,AVS,AVS,AVS,NASDAQ,9.9350004196167,9.84000015258789,10.095000267028809,9.84 - 10.10,309307,309307,,,,,,,,,,,,,,,,,,,,2.106895036227864,,,2025-10-17 16:26:16.012885+00:00,2025-10-17 16:26:16.012888+00:00
AVSU,AVSU,AVSU,AVSU,NASDAQ,72.58000183105469,72.56169891357422,72.9749984741211,72.56 - 72.97,2369,2369,,,,,,,,,,,,,,,,,,,,-0.25834970932119167,,,2025-10-17 16:26:16.013281+00:00,2025-10-17 16:26:16.013283+00:00
AVTR,AVTR,AVTR,AVTR,NASDAQ,14.670000076293945,14.449999809265137,14.78499984741211,14.45 - 14.78,3798897,3798897,,,,,,,,,,,,,,,,,,,,0.6863444307775123,,,2025-10-17 16:26:16.014691+00:00,2025-10-17 16:26:16.014695+00:00
AVXC,AVXC,AVXC,AVXC,NASDAQ,61.1963996887207,61.099998474121094,61.439998626708984,61.10 - 61.44,4239,4239,,,,,,,,,,,,,,,,,,,,-0.38838069380111556,,,2025-10-17 16:26:16.015642+00:00,2025-10-17 16:26:16.015645+00:00
ALFUW,ALFUW,ALFUW,ALFUW,NASDAQ,0.3984000086784363,0.3199999928474426,0.3984000086784363,0.32 - 0.40,6774,6774,,,,,,,,,,,,,,,,,,,,,,,2025-10-17 16:26:15.912620+00:00,2025-10-17 16:26:15.912623+00:00
ALLY,ALLY,ALLY,ALLY,NASDAQ,39.849998474121094,38.70000076293945,41.2400016784668,38.70 - 41.24,4385938,4385938,,,,,,,,,,,,,,,,,,,,3.6410863027369484,,,2025-10-17 16:26:15.919973+00:00,2025-10-17 16:26:15.919976+00:00
ALTL,ALTL,ALTL,ALTL,NASDAQ,42.790000915527344,42.65489959716797,42.790000915527344,42.65 - 42.79,1224,1224,,,,,,,,,,,,,,,,,,,,-0.40267283628944317,,,2025-10-17 16:26:15.923204+00:00,2025-10-17 16:26:15.923208+00:00
AMBP,AMBP,AMBP,AMBP,NASDAQ,3.7850000858306885,3.75,3.809999942779541,3.75 - 3.81,179569,179569,,,,,,,,,,,,,,,,,,,,-0.13192285152146283,,,2025-10-17 16:26:15.939588+00:00,2025-10-17 16:26:15.939591+00:00
AMBR,AMBR,AMBR,AMBR,NASDAQ,2.174999952316284,2.140000104904175,2.2969000339508057,2.14 - 2.30,117077,117077,,,,,,,,,,,,,,,,,,,,-2.9017882564162005,,,2025-10-17 16:26:15.939949+00:00,2025-10-17 16:26:15.939951+00:00
AMDD,AMDD,AMDD,AMDD,NASDAQ,9.180000305175781,9.095000267028809,9.389900207519531,9.10 - 9.39,3131131,3131131,,,,,,,,,,,,,,,,,,,,0.6578993461579525,,,2025-10-17 16:26:15.940717+00:00,2025-10-17 16:26:15.940719+00:00
AMJB,AMJB,AMJB,AMJB,NASDAQ,28.43000030517578,28.360000610351562,28.463600158691406,28.36 - 28.46,5948,5948,,,,,,,,,,,,,,,,,,,,0.014070604373723572,,,2025-10-17 16:26:15.944432+00:00,2025-10-17 16:26:15.944436+00:00
AMLP,AMLP,AMLP,AMLP,NASDAQ,45.48500061035156,45.224998474121094,45.54779815673828,45.22 - 45.55,472422,472422,,,,,,,,,,,,,,,,,,,,0.07700736375047264,,,2025-10-17 16:26:15.947014+00:00,2025-10-17 16:26:15.947016+00:00
AMN,AMN,AMN,AMN,NASDAQ,19.65999984741211,19.420000076293945,19.940000534057617,19.42 - 19.94,97642,97642,,,,,,,,,,,,,,,,,,,,-1.3547438716975497,,,2025-10-17 16:26:15.950924+00:00,2025-10-17 16:26:15.950928+00:00
AMRC,AMRC,AMRC,AMRC,NASDAQ,40.810001373291016,39.83000183105469,42.119998931884766,39.83 - 42.12,307262,307262,,,,,,,,,,,,,,,,,,,,-4.224358627733181,,,2025-10-17 16:26:15.955494+00:00,2025-10-17 16:26:15.955501+00:00
ANDE,ANDE,ANDE,ANDE,NASDAQ,47.439998626708984,46.40999984741211,47.470001220703125,46.41 - 47.47,101300,101300,,,,,,,,,,,,,,,,,,,,1.6498831968586574,,,2025-10-17 16:26:15.956094+00:00,2025-10-17 16:26:15.956096+00:00
ANL,ANL,ANL,ANL,NASDAQ,1.6549999713897705,1.600000023841858,1.7300000190734863,1.60 - 1.73,6541,6541,,,,,,,,,,,,,,,,,,,,2.7950283655170027,,,2025-10-17 16:26:15.965213+00:00,2025-10-17 16:26:15.965216+00:00
ANRO,ANRO,ANRO,ANRO,NASDAQ,5.784999847412109,5.739999771118164,5.95989990234375,5.74 - 5.96,61749,61749,,,,,,,,,,,,,,,,,,,,-1.6156507683646772,,,2025-10-17 16:26:15.973214+00:00,2025-10-17 16:26:15.973217+00:00
ANSC,ANSC,ANSC,ANSC,NASDAQ,11.0600004196167,11.0600004196167,11.0649995803833,11.06 - 11.06,76493,76493,,,,,,,,,,,,,,,,,,,,0.0,,,2025-10-17 16:26:15.973533+00:00,2025-10-17 16:26:15.973535+00:00
ANSCW,ANSCW,ANSCW,ANSCW,NASDAQ,0.335999995470047,0.335999995470047,0.335999995470047,0.34 - 0.34,200,200,,,,,,,,,,,,,,,,,,,,,,,2025-10-17 16:26:15.975184+00:00,2025-10-17 16:26:15.975187+00:00
AOMN,AOMN,AOMN,AOMN,NASDAQ,24.81999969482422,24.81999969482422,24.979999542236328,24.82 - 24.98,4523,4523,,,,,,,,,,,,,,,,,,,,-0.2812362255554377,,,2025-10-17 16:26:15.979550+00:00,2025-10-17 16:26:15.979555+00:00
AOTG,AOTG,AOTG,AOTG,NASDAQ,55.310001373291016,54.986000061035156,55.65999984741211,54.99 - 55.66,6088,6088,,,,,,,,,,,,,,,,,,,,-0.06684869766689154,,,2025-10-17 16:26:15.986723+00:00,2025-10-17 16:26:15.986726+00:00
APED,APED,APED,APED,NASDAQ,18.1200008392334,17.31999969482422,18.15999984741211,17.32 - 18.16,3531,3531,,,,,,,,,,,,,,,,,,,,1.597991417946681,,,2025-10-17 16:26:15.989199+00:00,2025-10-17 16:26:15.989202+00:00
APEI,APEI,APEI,APEI,NASDAQ,36.93000030517578,36.86000061035156,37.810001373291016,36.86 - 37.81,46501,46501,,,,,,,,,,,,,,,,,,,,-0.1891883643897804,,,2025-10-17 16:26:15.998339+00:00,2025-10-17 16:26:15.998343+00:00
APOG,APOG,APOG,APOG,NASDAQ,37.60499954223633,37.439998626708984,38.5099983215332,37.44 - 38.51,48711,48711,,,,,,,,,,,,,,,,,,,,-0.8045378697003657,,,2025-10-17 16:26:15.998913+00:00,2025-10-17 16:26:15.998915+00:00
APPX,APPX,APPX,APPX,NASDAQ,96.65010070800781,95.66000366210938,102.44000244140625,95.66 - 102.44,145235,145235,,,,,,,,,,,,,,,,,,,,-3.744550161310666,,,2025-10-17 16:26:16.005819+00:00,2025-10-17 16:26:16.005823+00:00
APRE,APRE,APRE,APRE,NASDAQ,1.6299999952316284,1.5299999713897705,1.649999976158142,1.53 - 1.65,88675,88675,,,,,,,,,,,,,,,,,,,,5.84415815636172,,,2025-10-17 16:26:16.006423+00:00,2025-10-17 16:26:16.006425+00:00
APRT,APRT,APRT,APRT,NASDAQ,40.56999969482422,40.52000045776367,40.56999969482422,40.52 - 40.57,907,907,,,,,,,,,,,,,,,,,,,,0.1753108584034203,,,2025-10-17 16:26:16.008644+00:00,2025-10-17 16:26:16.008647+00:00
APVO,APVO,APVO,APVO,NASDAQ,1.5449999570846558,1.4900000095367432,1.5499999523162842,1.49 - 1.55,483648,483648,,,,,,,,,,,,,,,,,,,,2.999997138977051,,,2025-10-17 16:26:16.012451+00:00,2025-10-17 16:26:16.012454+00:00
ARAY,ARAY,ARAY,ARAY,NASDAQ,1.684999942779541,1.6699999570846558,1.7599999904632568,1.67 - 1.76,464286,464286,,,,,,,,,,,,,,,,,,,,-4.261366368756328,,,2025-10-17 16:26:16.015023+00:00,2025-10-17 16:26:16.015026+00:00
ARDC,ARDC,ARDC,ARDC,NASDAQ,13.376899719238281,13.329999923706055,13.6850004196167,13.33 - 13.69,54359,54359,,,,,,,,,,,,,,,,,,,,-0.5434951008437926,,,2025-10-17 16:26:16.016225+00:00,2025-10-17 16:26:16.016227+00:00
AWEG,AWEG,AWEG,AWEG,NASDAQ,21.749799728393555,21.749799728393555,21.749799728393555,21.75 - 21.75,20,20,,,,,,,,,,,,,,,,,,,,-0.0009207889951508621,,,2025-10-17 16:26:15.920967+00:00,2025-10-17 16:26:15.920970+00:00
AWK,AWK,AWK,AWK,NASDAQ,144.5800018310547,142.82000732421875,144.80499267578125,142.82 - 144.80,390452,390452,,,,,,,,,,,,,,,,,,,,0.9566336519519497,,,2025-10-17 16:26:15.922064+00:00,2025-10-17 16:26:15.922066+00:00
AWRE,AWRE,AWRE,AWRE,NASDAQ,2.309999942779541,2.2899999618530273,2.4486000537872314,2.29 - 2.45,11274,11274,,,,,,,,,,,,,,,,,,,,4.054050135560291,,,2025-10-17 16:26:15.925878+00:00,2025-10-17 16:26:15.925882+00:00
AXR,AXR,AXR,AXR,NASDAQ,24.09000015258789,24.080699920654297,24.440000534057617,24.08 - 24.44,1830,1830,,,,,,,,,,,,,,,,,,,,1.2184912807718253,,,2025-10-17 16:26:15.926316+00:00,2025-10-17 16:26:15.926318+00:00
AZZ,AZZ,AZZ,AZZ,NASDAQ,98.37999725341797,98.1500015258789,99.72000122070312,98.15 - 99.72,68335,68335,,,,,,,,,,,,,,,,,,,,-0.8765770746418451,,,2025-10-17 16:26:15.926763+00:00,2025-10-17 16:26:15.926765+00:00
BA,BA,BA,BA,NASDAQ,213.9199981689453,210.86000061035156,214.0,210.86 - 214.00,2332683,2332683,,,,,,,,,,,,,,,,,,,,0.958043694909769,,,2025-10-17 16:26:15.929387+00:00,2025-10-17 16:26:15.929390+00:00
BABA,BABA,BABA,BABA,NASDAQ,166.6199951171875,161.14999389648438,167.25,161.15 - 167.25,9280825,9280825,,,,,,,,,,,,,,,,,,,,0.9267664990223986,,,2025-10-17 16:26:15.936735+00:00,2025-10-17 16:26:15.936739+00:00
BAC,BAC,BAC,BAC,NASDAQ,51.69499969482422,50.33000183105469,51.77000045776367,50.33 - 51.77,25845725,25845725,,,,,,,,,,,,,,,,,,,,2.488106864163724,,,2025-10-17 16:26:15.945008+00:00,2025-10-17 16:26:15.945011+00:00
BACQ,BACQ,BACQ,BACQ,NASDAQ,11.163999557495117,11.010000228881836,11.282600402832031,11.01 - 11.28,577252,577252,,,,,,,,,,,,,,,,,,,,-1.4651400470322211,,,2025-10-17 16:26:15.946205+00:00,2025-10-17 16:26:15.946208+00:00
BALI,BALI,BALI,BALI,NASDAQ,31.209999084472656,30.943500518798828,31.219999313354492,30.94 - 31.22,60334,60334,,,,,,,,,,,,,,,,,,,,0.38597276068130565,,,2025-10-17 16:26:15.954549+00:00,2025-10-17 16:26:15.954553+00:00
BALY,BALY,BALY,BALY,NASDAQ,12.949999809265137,12.59000015258789,13.0,12.59 - 13.00,47658,47658,,,,,,,,,,,,,,,,,,,,1.489024897924712,,,2025-10-17 16:26:15.955035+00:00,2025-10-17 16:26:15.955038+00:00
BAMV,BAMV,BAMV,BAMV,NASDAQ,31.936500549316406,31.860000610351562,32.40999984741211,31.86 - 32.41,19,19,,,,,,,,,,,,,,,,,,,,-0.0015647222265686728,,,2025-10-17 16:26:15.963256+00:00,2025-10-17 16:26:15.963259+00:00
BAND,BAND,BAND,BAND,NASDAQ,15.359999656677246,15.130000114440918,15.420000076293945,15.13 - 15.42,38286,38286,,,,,,,,,,,,,,,,,,,,-0.06506329834934921,,,2025-10-17 16:26:15.969798+00:00,2025-10-17 16:26:15.969801+00:00
BANX,BANX,BANX,BANX,NASDAQ,21.52739906311035,21.52739906311035,21.746299743652344,21.53 - 21.75,2767,2767,,,,,,,,,,,,,,,,,,,,0.7837005991360496,,,2025-10-17 16:26:15.971203+00:00,2025-10-17 16:26:15.971206+00:00
BAUG,BAUG,BAUG,BAUG,NASDAQ,48.690101623535156,48.52000045776367,48.690101623535156,48.52 - 48.69,770,770,,,,,,,,,,,,,,,,,,,,0.17920906429134012,,,2025-10-17 16:26:15.971650+00:00,2025-10-17 16:26:15.971652+00:00
BAX,BAX,BAX,BAX,NASDAQ,22.864999771118164,22.575000762939453,23.030000686645508,22.58 - 23.03,1258261,1258261,,,,,,,,,,,,,,,,,,,,-0.45711600076227515,,,2025-10-17 16:26:15.971948+00:00,2025-10-17 16:26:15.971950+00:00
BBAG,BBAG,BBAG,BBAG,NASDAQ,46.91999816894531,46.896400451660156,46.96989822387695,46.90 - 46.97,27008,27008,,,,,,,,,,,,,,,,,,,,-0.08518082688926217,,,2025-10-17 16:26:15.976411+00:00,2025-10-17 16:26:15.976414+00:00
BBC,BBC,BBC,BBC,NASDAQ,29.959999084472656,29.8700008392334,30.164499282836914,29.87 - 30.16,2902,2902,,,,,,,,,,,,,,,,,,,,-1.738277109295206,,,2025-10-17 16:26:15.976864+00:00,2025-10-17 16:26:15.976866+00:00
BBLU,BBLU,BBLU,BBLU,NASDAQ,15.145000457763672,15.052000045776367,15.145000457763672,15.05 - 15.15,14547,14547,,,,,,,,,,,,,,,,,,,,0.29801374276233844,,,2025-10-17 16:26:15.977495+00:00,2025-10-17 16:26:15.977498+00:00
BBSB,BBSB,BBSB,BBSB,NASDAQ,99.5343017578125,99.35009765625,99.5635986328125,99.35 - 99.56,39,39,,,,,,,,,,,,,,,,,,,,0.00030660456902128753,,,2025-10-17 16:26:15.985637+00:00,2025-10-17 16:26:15.985640+00:00
BBSI,BBSI,BBSI,BBSI,NASDAQ,42.119998931884766,42.06999969482422,42.630001068115234,42.07 - 42.63,36446,36446,,,,,,,,,,,,,,,,,,,,-0.07118052884463097,,,2025-10-17 16:26:15.986275+00:00,2025-10-17 16:26:15.986278+00:00
BCBP,BCBP,BCBP,BCBP,NASDAQ,7.940000057220459,7.849999904632568,8.0600004196167,7.85 - 8.06,26095,26095,,,,,,,,,,,,,,,,,,,,1.4048548478444889,,,2025-10-17 16:26:15.987230+00:00,2025-10-17 16:26:15.987232+00:00
BCD,BCD,BCD,BCD,NASDAQ,34.859901428222656,34.75130081176758,34.86949920654297,34.75 - 34.87,16245,16245,,,,,,,,,,,,,,,,,,,,-0.4912652997045004,,,2025-10-17 16:26:15.989856+00:00,2025-10-17 16:26:15.989859+00:00
BCH,BCH,BCH,BCH,NASDAQ,32.618099212646484,32.44499969482422,32.900001525878906,32.44 - 32.90,128028,128028,,,,,,,,,,,,,,,,,,,,-0.46353751295477924,,,2025-10-17 16:26:15.990235+00:00,2025-10-17 16:26:15.990237+00:00
BCI,BCI,BCI,BCI,NASDAQ,21.78499984741211,21.68000030517578,21.81999969482422,21.68 - 21.82,413428,413428,,,,,,,,,,,,,,,,,,,,-0.4341833500836557,,,2025-10-17 16:26:15.993468+00:00,2025-10-17 16:26:15.993470+00:00
BCIM,BCIM,BCIM,BCIM,NASDAQ,21.989999771118164,21.924999237060547,22.010000228881836,21.92 - 22.01,5746,5746,,,,,,,,,,,,,,,,,,,,-0.3489358149120663,,,2025-10-17 16:26:15.995604+00:00,2025-10-17 16:26:15.995607+00:00
BCML,BCML,BCML,BCML,NASDAQ,27.709999084472656,27.139999389648438,27.94499969482422,27.14 - 27.94,3462,3462,,,,,,,,,,,,,,,,,,,,2.100219998684393,,,2025-10-17 16:26:15.996014+00:00,2025-10-17 16:26:15.996016+00:00
BCUS,BCUS,BCUS,BCUS,NASDAQ,31.861600875854492,31.840299606323242,32.209999084472656,31.84 - 32.21,13,13,,,,,,,,,,,,,,,,,,,,-0.0012511326042522705,,,2025-10-17 16:26:15.999429+00:00,2025-10-17 16:26:15.999433+00:00
BEKE,BEKE,BEKE,BEKE,NASDAQ,18.290000915527344,17.899999618530273,18.308000564575195,17.90 - 18.31,1292565,1292565,,,,,,,,,,,,,,,,,,,,0.05470584521991635,,,2025-10-17 16:26:16.009480+00:00,2025-10-17 16:26:16.009483+00:00
BETE,BETE,BETE,BETE,NASDAQ,70.76100158691406,69.64099884033203,70.76100158691406,69.64 - 70.76,6720,6720,,,,,,,,,,,,,,,,,,,,-1.2917194453307406,,,2025-10-17 16:26:16.011464+00:00,2025-10-17 16:26:16.011468+00:00
BETZ,BETZ,BETZ,BETZ,NASDAQ,22.549999237060547,22.549999237060547,22.68000030517578,22.55 - 22.68,1429,1429,,,,,,,,,,,,,,,,,,,,-1.0096639273579848,,,2025-10-17 16:26:16.017618+00:00,2025-10-17 16:26:16.017622+00:00
BFIX,BFIX,BFIX,BFIX,NASDAQ,25.405799865722656,25.36009979248047,25.520000457763672,25.36 - 25.52,2,2,,,,,,,,,,,,,,,,,,,,-0.0007882846782758727,,,2025-10-17 16:26:16.018090+00:00,2025-10-17 16:26:16.018093+00:00
BFJL,BFJL,BFJL,BFJL,NASDAQ,20.167800903320312,20.167800903320312,20.329999923706055,20.17 - 20.33,12335,12335,,,,,,,,,,,,,,,,,,,,-0.0009835594259039288,,,2025-10-17 16:26:16.018397+00:00,2025-10-17 16:26:16.018399+00:00
BFS,BFS,BFS,BFS,NASDAQ,30.15999984741211,29.850000381469727,30.280000686645508,29.85 - 30.28,20284,20284,,,,,,,,,,,,,,,,,,,,0.6675593092494697,,,2025-10-17 16:26:16.018762+00:00,2025-10-17 16:26:16.018764+00:00
BFZ,BFZ,BFZ,BFZ,NASDAQ,10.839599609375,10.819999694824219,10.885000228881836,10.82 - 10.89,22811,22811,,,,,,,,,,,,,,,,,,,,-0.5541285437532668,,,2025-10-17 16:26:16.022305+00:00,2025-10-17 16:26:16.022309+00:00
BGI,BGI,BGI,BGI,NASDAQ,1.180299997329712,1.15910005569458,1.1950000524520874,1.16 - 1.20,55765,55765,,,,,,,,,,,,,,,,,,,,0.025427948740407314,,,2025-10-17 16:26:16.004520+00:00,2025-10-17 16:26:16.004524+00:00
BGX,BGX,BGX,BGX,NASDAQ,11.586999893188477,11.579999923706055,11.671199798583984,11.58 - 11.67,20336,20336,,,,,,,,,,,,,,,,,,,,-0.6260716567662294,,,2025-10-17 16:26:16.007406+00:00,2025-10-17 16:26:16.007409+00:00
BIBL,BIBL,BIBL,BIBL,NASDAQ,44.347599029541016,44.150001525878906,44.47010040283203,44.15 - 44.47,11266,11266,,,,,,,,,,,,,,,,,,,,-0.342474090919066,,,2025-10-17 16:26:16.010816+00:00,2025-10-17 16:26:16.010819+00:00
BINT,BINT,BINT,BINT,NASDAQ,27.545000076293945,27.530000686645508,27.545000076293945,27.53 - 27.55,3264,3264,,,,,,,,,,,,,,,,,,,,-0.05442449179642832,,,2025-10-17 16:26:16.014072+00:00,2025-10-17 16:26:16.014075+00:00
BIPC,BIPC,BIPC,BIPC,NASDAQ,45.439998626708984,45.189998626708984,46.040000915527344,45.19 - 46.04,284841,284841,,,,,,,,,,,,,,,,,,,,-1.0237447664239503,,,2025-10-17 16:26:16.019207+00:00,2025-10-17 16:26:16.019210+00:00
BITF,BITF,BITF,BITF,NASDAQ,4.942999839782715,4.679999828338623,5.150000095367432,4.68 - 5.15,133975917,133975917,,,,,,,,,,,,,,,,,,,,-6.38258251201598,,,2025-10-17 16:26:16.019595+00:00,2025-10-17 16:26:16.019597+00:00
BKD,BKD,BKD,BKD,NASDAQ,8.675000190734863,8.585000038146973,8.710000038146973,8.59 - 8.71,482877,482877,,,,,,,,,,,,,,,,,,,,0.17321412918080475,,,2025-10-17 16:26:16.020232+00:00,2025-10-17 16:26:16.020234+00:00
BKSY,BKSY,BKSY,BKSY,NASDAQ,25.06999969482422,24.360000610351562,25.950000762939453,24.36 - 25.95,1165947,1165947,,,,,,,,,,,,,,,,,,,,-3.7989247559731814,,,2025-10-17 16:26:16.021001+00:00,2025-10-17 16:26:16.021003+00:00
BKU,BKU,BKU,BKU,NASDAQ,35.959999084472656,35.41999816894531,36.27000045776367,35.42 - 36.27,827764,827764,,,,,,,,,,,,,,,,,,,,1.6968282346280432,,,2025-10-17 16:26:16.021336+00:00,2025-10-17 16:26:16.021338+00:00
BLFS,BLFS,BLFS,BLFS,NASDAQ,27.219999313354492,26.950000762939453,27.8799991607666,26.95 - 27.88,92560,92560,,,,,,,,,,,,,,,,,,,,-1.8391642167358873,,,2025-10-17 16:26:16.023620+00:00,2025-10-17 16:26:16.023622+00:00
BLFY,BLFY,BLFY,BLFY,NASDAQ,8.630000114440918,8.5600004196167,8.774999618530273,8.56 - 8.77,14294,14294,,,,,,,,,,,,,,,,,,,,0.11601193752437428,,,2025-10-17 16:26:16.023937+00:00,2025-10-17 16:26:16.023939+00:00
BLMN,BLMN,BLMN,BLMN,NASDAQ,7.449999809265137,7.425000190734863,7.659999847412109,7.43 - 7.66,415458,415458,,,,,,,,,,,,,,,,,,,,-2.6143827922748395,,,2025-10-17 16:26:16.024292+00:00,2025-10-17 16:26:16.024294+00:00
BLNK,BLNK,BLNK,BLNK,NASDAQ,1.850100040435791,1.7599999904632568,1.8849999904632568,1.76 - 1.88,3074317,3074317,,,,,,,,,,,,,,,,,,,,-3.1361218446283514,,,2025-10-17 16:26:16.024618+00:00,2025-10-17 16:26:16.024620+00:00
BMAY,BMAY,BMAY,BMAY,NASDAQ,43.66999816894531,43.650001525878906,43.66999816894531,43.65 - 43.67,559,559,,,,,,,,,,,,,,,,,,,,0.13987252093670327,,,2025-10-17 16:26:16.025095+00:00,2025-10-17 16:26:16.025097+00:00
BNAIW,BNAIW,BNAIW,BNAIW,NASDAQ,0.06689999997615814,0.06689999997615814,0.06689999997615814,0.07 - 0.07,1091,1091,,,,,,,,,,,,,,,,,,,,,,,2025-10-17 16:26:16.025492+00:00,2025-10-17 16:26:16.025494+00:00
BND,BND,BND,BND,NASDAQ,74.88500213623047,74.80999755859375,74.91999816894531,74.81 - 74.92,17204663,17204663,,,,,,,,,,,,,,,,,,,,-0.12670207581997928,,,2025-10-17 16:26:16.025739+00:00,2025-10-17 16:26:16.025740+00:00
BNDC,BNDC,BNDC,BNDC,NASDAQ,22.6200008392334,22.6200008392334,22.645000457763672,22.62 - 22.65,2051,2051,,,,,,,,,,,,,,,,,,,,-0.25135250001282666,,,2025-10-17 16:26:16.025995+00:00,2025-10-17 16:26:16.025997+00:00
BNDS,BNDS,BNDS,BNDS,NASDAQ,50.5099983215332,50.57929992675781,50.57929992675781,50.58 - 50.58,885,885,,,,,,,,,,,,,,,,,,,,0.0,,,2025-10-17 16:26:16.026265+00:00,2025-10-17 16:26:16.026267+00:00
BNJ,BNJ,BNJ,BNJ,NASDAQ,15.795000076293945,15.710000038146973,15.795000076293945,15.71 - 15.80,4610,4610,,,,,,,,,,,,,,,,,,,,0.0950592115119733,,,2025-10-17 16:26:16.026604+00:00,2025-10-17 16:26:16.026605+00:00
BNR,BNR,BNR,BNR,NASDAQ,8.039999961853027,8.0,8.080100059509277,8.00 - 8.08,4583,4583,,,,,,,,,,,,,,,,,,,,0.12453585572082876,,,2025-10-17 16:26:16.026901+00:00,2025-10-17 16:26:16.026903+00:00
BNRG,BNRG,BNRG,BNRG,NASDAQ,1.6799999475479126,1.653499960899353,1.7799999713897705,1.65 - 1.78,35183,35183,,,,,,,,,,,,,,,,,,,,-2.3255860695907784,,,2025-10-17 16:26:16.027136+00:00,2025-10-17 16:26:16.027137+00:00
BOBP,BOBP,BOBP,BOBP,NASDAQ,26.509899139404297,26.509899139404297,26.509899139404297,26.51 - 26.51,1563,1563,,,,,,,,,,,,,,,,,,,,-0.0003813258267305807,,,2025-10-17 16:26:16.027476+00:00,2025-10-17 16:26:16.027478+00:00
BOC,BOC,BOC,BOC,NASDAQ,13.75,13.72249984741211,13.90999984741211,13.72 - 13.91,44261,44261,,,,,,,,,,,,,,,,,,,,-0.7936483362339208,,,2025-10-17 16:26:16.027766+00:00,2025-10-17 16:26:16.027768+00:00
BOCT,BOCT,BOCT,BOCT,NASDAQ,48.179901123046875,47.94990158081055,48.18000030517578,47.95 - 48.18,24834,24834,,,,,,,,,,,,,,,,,,,,0.29121608004448046,,,2025-10-17 16:26:16.028030+00:00,2025-10-17 16:26:16.028031+00:00
BOND,BOND,BOND,BOND,NASDAQ,94.0199966430664,93.8843002319336,94.06999969482422,93.88 - 94.07,205265,205265,,,,,,,,,,,,,,,,,,,,-0.04252702165171286,,,2025-10-17 16:26:16.028387+00:00,2025-10-17 16:26:16.028388+00:00
BOXA,BOXA,BOXA,BOXA,NASDAQ,105.7750015258789,105.77459716796875,105.77459716796875,105.77 - 105.77,352,352,,,,,,,,,,,,,,,,,,,,0.0,,,2025-10-17 16:26:16.028780+00:00,2025-10-17 16:26:16.028782+00:00
