ticker,symbol,company_name,name,exchange,current_price,days_low,days_high,days_range,volume,volume_today,change_percent,last_updated,created_at,week_52_low,week_52_high,dividend_yield,avg_volume_3mon,dvav
CMA,CMA,CMA,CMA,NASDAQ,74.81999969482422,74.53500366210938,77.45999908447266,74.54 - 77.46,1735813,1735813,1.3134749366894543,2025-10-17 17:48:31.936783+00:00,2025-10-17 17:48:31.936786+00:00,,,,,
COCP,COCP,COCP,COCP,NASDAQ,1.0449999570846558,1.0299999713897705,1.0549999475479126,1.03 - 1.05,59639,59639,-2.3364573964402773,2025-10-17 17:48:31.939072+00:00,2025-10-17 17:48:31.939073+00:00,,,,,
COLL,COLL,COLL,COLL,NASDAQ,33.44200134277344,32.97999954223633,33.54999923706055,32.98 - 33.55,133373,133373,0.6985915829466371,2025-10-17 17:48:31.939861+00:00,2025-10-17 17:48:31.939862+00:00,,,,,
COOT,COOT,COOT,COOT,NASDAQ,2.109999895095825,2.009999990463257,2.319999933242798,2.01 - 2.32,1669947,1669947,-4.090915938054087,2025-10-17 17:48:31.940557+00:00,2025-10-17 17:48:31.940558+00:00,,,,,
BHFAL,BHFAL,BHFAL,BHFAL,NASDAQ,18.75,18.450000762939453,18.829999923706055,18.45 - 18.83,38938,38938,0.4823159342113951,2025-10-17 17:48:30.064000+00:00,2025-10-17 17:48:30.064004+00:00,17.40999984741211,25.469999313354492,8.341333333333335,,
BINC,BINC,BINC,BINC,NASDAQ,53.24610137939453,53.20000076293945,53.2599983215332,53.20 - 53.26,851009,851009,0.011456988609001927,2025-10-17 17:48:30.066552+00:00,2025-10-17 17:48:30.066553+00:00,,,,,
BINT,BINT,BINT,BINT,NASDAQ,27.549999237060547,27.530000686645508,27.549999237060547,27.53 - 27.55,4387,4387,-0.03628530143548749,2025-10-17 17:48:30.084850+00:00,2025-10-17 17:48:30.084852+00:00,,,,34968.0,0.12545756119881035
BITX,BITX,BITX,BITX,NASDAQ,46.540000915527344,45.09000015258789,47.75,45.09 - 47.75,9976981,9976981,-3.9818449691959468,2025-10-17 17:48:30.086780+00:00,2025-10-17 17:48:30.086782+00:00,,,,,
BIVI,BIVI,BIVI,BIVI,NASDAQ,1.850000023841858,1.8300000429153442,1.8799999952316284,1.83 - 1.88,67926,67926,0.0,2025-10-17 17:48:30.087590+00:00,2025-10-17 17:48:30.087593+00:00,,,,,
BL,BL,BL,BL,NASDAQ,49.75400161743164,49.279998779296875,50.09000015258789,49.28 - 50.09,229903,229903,0.028146237419417974,2025-10-17 17:48:30.089751+00:00,2025-10-17 17:48:30.089752+00:00,,,,752207.0,0.30563794274714273
BLBD,BLBD,BLBD,BLBD,NASDAQ,53.880001068115234,53.810001373291016,55.86000061035156,53.81 - 55.86,198925,198925,-2.550189589554036,2025-10-17 17:48:30.090126+00:00,2025-10-17 17:48:30.090127+00:00,,,,,
BLOX,BLOX,BLOX,BLOX,NASDAQ,24.459999084472656,24.149999618530273,24.719900131225586,24.15 - 24.72,309329,309329,-3.090335553560715,2025-10-17 17:48:30.091435+00:00,2025-10-17 17:48:30.091436+00:00,,,,,
BLUC,BLUC,BLUC,BLUC,NASDAQ,27.899999618530273,27.840099334716797,27.899999618530273,27.84 - 27.90,4041,4041,0.28756263329844073,2025-10-17 17:48:30.095704+00:00,2025-10-17 17:48:30.095705+00:00,25.110000610351562,28.389999389648438,0.2903225846146695,,
BMBL,BMBL,BMBL,BMBL,NASDAQ,5.328999996185303,5.28000020980835,5.369800090789795,5.28 - 5.37,629711,629711,-0.018760366511538028,2025-10-17 17:48:30.101296+00:00,2025-10-17 17:48:30.101298+00:00,,,,,
BUSEP,BUSEP,BUSEP,BUSEP,NASDAQ,25.700000762939453,25.549999237060547,25.700000762939453,25.55 - 25.70,12482,12482,0.31225574194184313,2025-10-17 17:48:31.367145+00:00,2025-10-17 17:48:31.367149+00:00,,,,,
BUXX,BUXX,BUXX,BUXX,NASDAQ,20.344999313354492,20.329999923706055,20.350000381469727,20.33 - 20.35,131795,131795,0.04917742479502685,2025-10-17 17:48:31.372128+00:00,2025-10-17 17:48:31.372131+00:00,,,,,
BWB,BWB,BWB,BWB,NASDAQ,16.780000686645508,16.34000015258789,16.950000762939453,16.34 - 16.95,84887,84887,1.4817105624088862,2025-10-17 17:48:31.377949+00:00,2025-10-17 17:48:31.377951+00:00,11.930000305175781,18.006999969482422,0.0,,
BWG,BWG,BWG,BWG,NASDAQ,8.59000015258789,8.569999694824219,8.659099578857422,8.57 - 8.66,32509,32509,-0.808310578032365,2025-10-17 17:48:31.378936+00:00,2025-10-17 17:48:31.378937+00:00,,,,,
C,C,C,C,NASDAQ,97.19000244140625,95.2750015258789,97.81999969482422,95.28 - 97.82,8439980,8439980,0.9661336843309153,2025-10-17 17:48:31.381661+00:00,2025-10-17 17:48:31.381662+00:00,,,,,
CAFX,CAFX,CAFX,CAFX,NASDAQ,25.190000534057617,25.190000534057617,25.207399368286133,25.19 - 25.21,49533,49533,-0.19809523579219843,2025-10-17 17:48:31.387255+00:00,2025-10-17 17:48:31.387257+00:00,,,,,
CASS,CASS,CASS,CASS,NASDAQ,37.040000915527344,36.58760070800781,37.41999816894531,36.59 - 37.42,25362,25362,0.7069117587269241,2025-10-17 17:48:31.395369+00:00,2025-10-17 17:48:31.395371+00:00,,,,,
CBLL,CBLL,CBLL,CBLL,NASDAQ,12.479999542236328,12.329999923706055,12.890000343322754,12.33 - 12.89,173108,173108,-3.926098828852679,2025-10-17 17:48:31.397328+00:00,2025-10-17 17:48:31.397329+00:00,,,,,
CBOE,CBOE,CBOE,CBOE,NASDAQ,238.83999633789062,236.60000610351562,239.60000610351562,236.60 - 239.60,325085,325085,1.2162542282242008,2025-10-17 17:48:31.398140+00:00,2025-10-17 17:48:31.398142+00:00,187.3000030517578,255.27000427246094,0.7913247483583897,,
CBRE,CBRE,CBRE,CBRE,NASDAQ,154.99000549316406,154.57000732421875,156.27000427246094,154.57 - 156.27,534140,534140,-0.2766649600097392,2025-10-17 17:48:31.398986+00:00,2025-10-17 17:48:31.398987+00:00,,,,,
CBRL,CBRL,CBRL,CBRL,NASDAQ,39.68000030517578,39.439998626708984,40.380001068115234,39.44 - 40.38,370128,370128,-1.5140248113433887,2025-10-17 17:48:31.399377+00:00,2025-10-17 17:48:31.399378+00:00,,,,,
CBTY,CBTY,CBTY,CBTY,NASDAQ,24.940000534057617,24.520099639892578,24.96500015258789,24.52 - 24.97,3837,3837,-0.8744010917675771,2025-10-17 17:48:31.400085+00:00,2025-10-17 17:48:31.400086+00:00,,,,,
CCI,CCI,CCI,CCI,NASDAQ,97.41000366210938,96.51000213623047,98.52999877929688,96.51 - 98.53,955587,955587,-0.6628532660282644,2025-10-17 17:48:31.401806+00:00,2025-10-17 17:48:31.401807+00:00,,,,,
CCIX,CCIX,CCIX,CCIX,NASDAQ,10.819999694824219,10.800000190734863,10.84000015258789,10.80 - 10.84,133968,133968,-0.18450606533337602,2025-10-17 17:48:31.406466+00:00,2025-10-17 17:48:31.406468+00:00,,,,,
CCRN,CCRN,CCRN,CCRN,NASDAQ,12.510000228881836,12.470000267028809,12.829999923706055,12.47 - 12.83,85868,85868,-2.645915505793961,2025-10-17 17:48:31.408033+00:00,2025-10-17 17:48:31.408034+00:00,,,,,
CDNA,CDNA,CDNA,CDNA,NASDAQ,14.59000015258789,14.5600004196167,15.005000114440918,14.56 - 15.01,408739,408739,-2.6684431263365913,2025-10-17 17:48:31.409605+00:00,2025-10-17 17:48:31.409606+00:00,,,,,
AAPG,AAPG,AAPG,AAPG,NASDAQ,35.81999969482422,35.81999969482422,35.81999969482422,35.82 - 35.82,792,792,-1.7553466969805718,2025-10-17 17:48:31.570011+00:00,2025-10-17 17:48:31.570013+00:00,,,,,
ABEQ,ABEQ,ABEQ,ABEQ,NASDAQ,35.09000015258789,35.09000015258789,35.189998626708984,35.09 - 35.19,8686,8686,-0.7916278986496275,2025-10-17 17:48:31.570689+00:00,2025-10-17 17:48:31.570690+00:00,,,,,
APUE,APUE,APUE,APUE,NASDAQ,40.369998931884766,40.224998474121094,40.5364990234375,40.22 - 40.54,39302,39302,-0.0371409936160375,2025-10-17 17:48:29.144174+00:00,2025-10-17 17:48:29.144176+00:00,,,,,
APUS,APUS,APUS,APUS,NASDAQ,1.8899999856948853,1.8799999952316284,1.940000057220459,1.88 - 1.94,48826,48826,2.7173886635466227,2025-10-17 17:48:29.145208+00:00,2025-10-17 17:48:29.145210+00:00,,,,,
APVO,APVO,APVO,APVO,NASDAQ,1.559999942779541,1.4900000095367432,1.5800000429153442,1.49 - 1.58,675872,675872,3.9999961853027344,2025-10-17 17:48:29.146016+00:00,2025-10-17 17:48:29.146017+00:00,,,,,
APWC,APWC,APWC,APWC,NASDAQ,1.9579999446868896,1.9500000476837158,2.0162999629974365,1.95 - 2.02,2505,2505,2.513087900749964,2025-10-17 17:48:29.146767+00:00,2025-10-17 17:48:29.146768+00:00,,,,,
APXM,APXM,APXM,APXM,NASDAQ,30.704999923706055,30.704999923706055,30.704999923706055,30.70 - 30.70,2,2,0.0,2025-10-17 17:48:29.147511+00:00,2025-10-17 17:48:29.147512+00:00,,,,,
APYX,APYX,APYX,APYX,NASDAQ,2.930000066757202,2.930000066757202,3.125,2.93 - 3.12,24280,24280,-5.787776026052788,2025-10-17 17:48:29.148333+00:00,2025-10-17 17:48:29.148334+00:00,,,,,
AQB,AQB,AQB,AQB,NASDAQ,1.7100000381469727,1.6799999475479126,1.8200000524520874,1.68 - 1.82,90190,90190,-5.524856784194297,2025-10-17 17:48:29.149182+00:00,2025-10-17 17:48:29.149183+00:00,,,,,
AQLT,AQLT,AQLT,AQLT,NASDAQ,27.229999542236328,27.1200008392334,27.229999542236328,27.12 - 27.23,3332,3332,0.25404162557989063,2025-10-17 17:48:29.149994+00:00,2025-10-17 17:48:29.149996+00:00,,,,,
AQMS,AQMS,AQMS,AQMS,NASDAQ,13.699999809265137,13.609999656677246,16.789899826049805,13.61 - 16.79,983207,983207,-12.738853657945445,2025-10-17 17:48:29.150775+00:00,2025-10-17 17:48:29.150776+00:00,,,,,
AQN,AQN,AQN,AQN,NASDAQ,5.929999828338623,5.880000114440918,5.960000038146973,5.88 - 5.96,3020980,3020980,-0.3361341439939272,2025-10-17 17:48:29.151488+00:00,2025-10-17 17:48:29.151489+00:00,,,,,
AQNB,AQNB,AQNB,AQNB,NASDAQ,25.75279998779297,25.726200103759766,25.778600692749023,25.73 - 25.78,4040,4040,0.19375510453054495,2025-10-17 17:48:29.152905+00:00,2025-10-17 17:48:29.152906+00:00,,,,,
AQST,AQST,AQST,AQST,NASDAQ,6.940000057220459,6.78000020980835,7.230000019073486,6.78 - 7.23,2338976,2338976,-0.9985758826792887,2025-10-17 17:48:29.153608+00:00,2025-10-17 17:48:29.153609+00:00,,,,,
AQWA,AQWA,AQWA,AQWA,NASDAQ,19.55579948425293,19.5,19.649999618530273,19.50 - 19.65,29658,29658,-0.19495957275546075,2025-10-17 17:48:29.154290+00:00,2025-10-17 17:48:29.154291+00:00,,,,,
ARAI,ARAI,ARAI,ARAI,NASDAQ,5.800000190734863,5.550000190734863,5.989999771118164,5.55 - 5.99,174097,174097,1.3986084524057727,2025-10-17 17:48:29.155010+00:00,2025-10-17 17:48:29.155011+00:00,,,,,
ARAY,ARAY,ARAY,ARAY,NASDAQ,1.690000057220459,1.6699999570846558,1.7599999904632568,1.67 - 1.76,534519,534519,-3.9772689558011236,2025-10-17 17:48:29.155718+00:00,2025-10-17 17:48:29.155718+00:00,,,,,
ARB,ARB,ARB,ARB,NASDAQ,28.950000762939453,28.809999465942383,28.979999542236328,28.81 - 28.98,2161,2161,0.1730143427999205,2025-10-17 17:48:29.156404+00:00,2025-10-17 17:48:29.156404+00:00,,,,,
ARBB,ARBB,ARBB,ARBB,NASDAQ,6.330100059509277,6.100100040435791,6.799900054931641,6.10 - 6.80,12247,12247,-3.504571421884078,2025-10-17 17:48:29.157088+00:00,2025-10-17 17:48:29.157089+00:00,,,,,
ARBE,ARBE,ARBE,ARBE,NASDAQ,2.1898999214172363,2.1500000953674316,2.2699999809265137,2.15 - 2.27,2067567,2067567,-3.1017729797269307,2025-10-17 17:48:29.157802+00:00,2025-10-17 17:48:29.157803+00:00,,,,,
ARBK,ARBK,ARBK,ARBK,NASDAQ,0.4602999985218048,0.46000000834465027,0.5149999856948853,0.46 - 0.51,1665227,1665227,-6.252545488602099,2025-10-17 17:48:29.158498+00:00,2025-10-17 17:48:29.158499+00:00,,,,,
ARBKL,ARBKL,ARBKL,ARBKL,NASDAQ,2.130000114440918,2.130000114440918,2.130000114440918,2.13 - 2.13,1432,1432,2.898559571648183,2025-10-17 17:48:29.159136+00:00,2025-10-17 17:48:29.159137+00:00,,,,,
ARCB,ARCB,ARCB,ARCB,NASDAQ,72.7300033569336,72.59500122070312,73.94999694824219,72.60 - 73.95,66987,66987,-1.5432507746876798,2025-10-17 17:48:29.159816+00:00,2025-10-17 17:48:29.159817+00:00,,,,,
ARCC,ARCC,ARCC,ARCC,NASDAQ,19.420000076293945,19.395000457763672,19.6299991607666,19.40 - 19.63,6029133,6029133,-0.5632391525043838,2025-10-17 17:48:29.160559+00:00,2025-10-17 17:48:29.160560+00:00,,,,,
ARCM,ARCM,ARCM,ARCM,NASDAQ,100.38500213623047,100.38500213623047,100.38500213623047,100.39 - 100.39,5,5,0.0,2025-10-17 17:48:29.161909+00:00,2025-10-17 17:48:29.161910+00:00,,,,,
ARCO,ARCO,ARCO,ARCO,NASDAQ,6.96999979019165,6.965000152587891,7.105000019073486,6.97 - 7.11,383035,383035,-1.4144325182700457,2025-10-17 17:48:29.162601+00:00,2025-10-17 17:48:29.162601+00:00,,,,,
ARCT,ARCT,ARCT,ARCT,NASDAQ,21.010000228881836,20.399999618530273,22.127899169921875,20.40 - 22.13,330596,330596,-3.3133885343855556,2025-10-17 17:48:29.163375+00:00,2025-10-17 17:48:29.163376+00:00,,,,,
ARCX,ARCX,ARCX,ARCX,NASDAQ,18.288299560546875,18.05699920654297,20.524900436401367,18.06 - 20.52,447286,447286,-11.863616575677712,2025-10-17 17:48:29.164283+00:00,2025-10-17 17:48:29.164284+00:00,10.85099983215332,33.06999969482422,0.0,,
ARDC,ARDC,ARDC,ARDC,NASDAQ,13.329999923706055,13.32699966430664,13.6850004196167,13.33 - 13.69,85280,85280,-0.892192470340551,2025-10-17 17:48:29.165080+00:00,2025-10-17 17:48:29.165081+00:00,,,,,
ARDT,ARDT,ARDT,ARDT,NASDAQ,14.609999656677246,14.3149995803833,14.630000114440918,14.31 - 14.63,117518,117518,0.13707679150235014,2025-10-17 17:48:29.165830+00:00,2025-10-17 17:48:29.165831+00:00,,,,,
ARDX,ARDX,ARDX,ARDX,NASDAQ,4.945000171661377,4.90500020980835,5.059999942779541,4.91 - 5.06,1210418,1210418,-2.0792082199546806,2025-10-17 17:48:29.166606+00:00,2025-10-17 17:48:29.166607+00:00,,,,,
ARE,ARE,ARE,ARE,NASDAQ,74.34500122070312,74.27040100097656,75.97000122070312,74.27 - 75.97,580068,580068,-1.176395183756033,2025-10-17 17:48:29.167511+00:00,2025-10-17 17:48:29.167512+00:00,,,,,
AREA,AREA,AREA,AREA,NASDAQ,18.584400177001953,18.584400177001953,18.584400177001953,18.58 - 18.58,1,1,0.0021553122082630977,2025-10-17 17:48:29.169875+00:00,2025-10-17 17:48:29.169877+00:00,,,,,
AREB,AREB,AREB,AREB,NASDAQ,2.190000057220459,1.7200000286102295,3.329900026321411,1.72 - 3.33,4977099,4977099,-38.48314347132903,2025-10-17 17:48:29.170909+00:00,2025-10-17 17:48:29.170910+00:00,,,,,
AREC,AREC,AREC,AREC,NASDAQ,3.9579999446868896,3.880000114440918,4.343500137329102,3.88 - 4.34,9236660,9236660,-6.870589536779067,2025-10-17 17:48:29.171771+00:00,2025-10-17 17:48:29.171772+00:00,,,,,
AREN,AREN,AREN,AREN,NASDAQ,4.590000152587891,4.559999942779541,4.760000228881836,4.56 - 4.76,95112,95112,-0.6493448855910747,2025-10-17 17:48:29.172570+00:00,2025-10-17 17:48:29.172571+00:00,,,,,
ARES,ARES,ARES,ARES,NASDAQ,139.32000732421875,139.1999969482422,142.5399932861328,139.20 - 142.54,1424978,1424978,-1.3593869259926072,2025-10-17 17:48:29.173292+00:00,2025-10-17 17:48:29.173293+00:00,,,,,
ARGT,ARGT,ARGT,ARGT,NASDAQ,71.1050033569336,70.91000366210938,72.36000061035156,70.91 - 72.36,184308,184308,-1.2430508931477866,2025-10-17 17:48:29.175333+00:00,2025-10-17 17:48:29.175334+00:00,,,,,
ARGX,ARGX,ARGX,ARGX,NASDAQ,841.0999755859375,819.72998046875,842.3900146484375,819.73 - 842.39,236057,236057,0.4562328200124858,2025-10-17 17:48:29.176121+00:00,2025-10-17 17:48:29.176122+00:00,,,,,
ARHS,ARHS,ARHS,ARHS,NASDAQ,10.34000015258789,10.319999694824219,10.6899995803833,10.32 - 10.69,1013733,1013733,-2.3607176241532652,2025-10-17 17:48:29.176830+00:00,2025-10-17 17:48:29.176831+00:00,,,,,
ARI,ARI,ARI,ARI,NASDAQ,9.914999961853027,9.869999885559082,9.979999542236328,9.87 - 9.98,239857,239857,0.35424946363059756,2025-10-17 17:48:29.177500+00:00,2025-10-17 17:48:29.177501+00:00,,,,,
ARIS,ARIS,ARIS,ARIS,NASDAQ,23.690000534057617,23.149999618530273,23.690000534057617,23.15 - 23.69,297,297,,2025-10-17 17:48:29.178379+00:00,2025-10-17 17:48:29.178381+00:00,,,,,
ARKB,ARKB,ARKB,ARKB,NASDAQ,35.239898681640625,34.73500061035156,35.70500183105469,34.74 - 35.71,4828306,4828306,-1.975249141109522,2025-10-17 17:48:29.180223+00:00,2025-10-17 17:48:29.180224+00:00,,,,,
ARKF,ARKF,ARKF,ARKF,NASDAQ,54.22999954223633,53.630001068115234,54.560001373291016,53.63 - 54.56,184088,184088,-0.8229713980028232,2025-10-17 17:48:29.181961+00:00,2025-10-17 17:48:29.181962+00:00,,,,,
ARKG,ARKG,ARKG,ARKG,NASDAQ,30.81999969482422,30.549999237060547,31.920000076293945,30.55 - 31.92,3079353,3079353,-3.9276872328939136,2025-10-17 17:48:29.182909+00:00,2025-10-17 17:48:29.182910+00:00,,,,,
ARKK,ARKK,ARKK,ARKK,NASDAQ,85.66000366210938,84.77999877929688,87.06999969482422,84.78 - 87.07,6660920,6660920,-1.1767381627541376,2025-10-17 17:48:29.188165+00:00,2025-10-17 17:48:29.188167+00:00,,,,,
ARKO,ARKO,ARKO,ARKO,NASDAQ,4.017600059509277,3.940000057220459,4.059999942779541,3.94 - 4.06,142029,142029,0.6917305740993888,2025-10-17 17:48:29.189299+00:00,2025-10-17 17:48:29.189300+00:00,,,,,
ARKQ,ARKQ,ARKQ,ARKQ,NASDAQ,115.62000274658203,114.45999908447266,117.71029663085938,114.46 - 117.71,249113,249113,-2.133059637790392,2025-10-17 17:48:29.190246+00:00,2025-10-17 17:48:29.190248+00:00,,,,,
ARKX,ARKX,ARKX,ARKX,NASDAQ,29.700000762939453,29.489999771118164,30.312400817871094,29.49 - 30.31,435352,435352,-2.6229483182313014,2025-10-17 17:48:29.195220+00:00,2025-10-17 17:48:29.195222+00:00,,,,,
ARL,ARL,ARL,ARL,NASDAQ,15.4399995803833,15.399999618530273,15.399999618530273,15.40 - 15.40,378,378,2.116400114062477,2025-10-17 17:48:29.196894+00:00,2025-10-17 17:48:29.196895+00:00,,,,,
ARLO,ARLO,ARLO,ARLO,NASDAQ,17.514999389648438,17.25,17.78499984741211,17.25 - 17.78,268232,268232,-0.9332630807649934,2025-10-17 17:48:29.198346+00:00,2025-10-17 17:48:29.198347+00:00,,,,,
ARLP,ARLP,ARLP,ARLP,NASDAQ,24.084999084472656,24.010000228881836,24.729999542236328,24.01 - 24.73,131126,131126,-1.6537390380996984,2025-10-17 17:48:29.199278+00:00,2025-10-17 17:48:29.199279+00:00,,,,,
ARM,ARM,ARM,ARM,NASDAQ,163.99749755859375,163.61000061035156,169.72999572753906,163.61 - 169.73,2909592,2909592,-4.201474840958835,2025-10-17 17:48:29.200095+00:00,2025-10-17 17:48:29.200097+00:00,,,,,
ARMG,ARMG,ARMG,ARMG,NASDAQ,14.173999786376953,14.173999786376953,15.25,14.17 - 15.25,261220,261220,-8.790219940986338,2025-10-17 17:48:29.200891+00:00,2025-10-17 17:48:29.200892+00:00,,,,,
ARMH,ARMH,ARMH,ARMH,NASDAQ,72.12999725341797,72.12999725341797,72.47000122070312,72.13 - 72.47,343,343,-2.0518483055752776,2025-10-17 17:48:29.201929+00:00,2025-10-17 17:48:29.201930+00:00,,,,,
ARMK,ARMK,ARMK,ARMK,NASDAQ,38.775001525878906,38.150001525878906,39.09000015258789,38.15 - 39.09,779916,779916,0.7404516367468811,2025-10-17 17:48:29.203026+00:00,2025-10-17 17:48:29.203029+00:00,,,,,
ARMN,ARMN,ARMN,ARMN,NASDAQ,9.979999542236328,9.920000076293945,10.789999961853027,9.92 - 10.79,807663,807663,-8.941610333026377,2025-10-17 17:48:29.204115+00:00,2025-10-17 17:48:29.204116+00:00,,,,,
ARMP,ARMP,ARMP,ARMP,NASDAQ,3.430000066757202,3.424999952316284,3.4700000286102295,3.42 - 3.47,3191,3191,-1.719196063483831,2025-10-17 17:48:29.204914+00:00,2025-10-17 17:48:29.204915+00:00,,,,,
AROC,AROC,AROC,AROC,NASDAQ,23.90999984741211,23.510000228881836,23.969999313354492,23.51 - 23.97,426303,426303,0.6313115197193436,2025-10-17 17:48:29.210053+00:00,2025-10-17 17:48:29.210055+00:00,,,,,
ARP,ARP,ARP,ARP,NASDAQ,31.67009925842285,31.434999465942383,31.434999465942383,31.43 - 31.43,1759,1759,0.0003131737564487445,2025-10-17 17:48:29.211777+00:00,2025-10-17 17:48:29.211779+00:00,,,,,
ARQ,ARQ,ARQ,ARQ,NASDAQ,6.71999979019165,6.71999979019165,6.989999771118164,6.72 - 6.99,109010,109010,-2.7496390942992077,2025-10-17 17:48:29.212891+00:00,2025-10-17 17:48:29.212892+00:00,,,,,
ARQQ,ARQQ,ARQQ,ARQQ,NASDAQ,40.135101318359375,37.849998474121094,40.819400787353516,37.85 - 40.82,825929,825929,1.4537409633575968,2025-10-17 17:48:29.213909+00:00,2025-10-17 17:48:29.213910+00:00,,,,,
ARQT,ARQT,ARQT,ARQT,NASDAQ,20.617399215698242,20.350000381469727,21.084999084472656,20.35 - 21.08,704317,704317,-1.3993334952132026,2025-10-17 17:48:29.215243+00:00,2025-10-17 17:48:29.215245+00:00,,,,,
ARRY,ARRY,ARRY,ARRY,NASDAQ,8.78499984741211,8.510000228881836,9.020000457763672,8.51 - 9.02,2410139,2410139,0.22817459561871264,2025-10-17 17:48:29.216232+00:00,2025-10-17 17:48:29.216233+00:00,,,,,
ARTL,ARTL,ARTL,ARTL,NASDAQ,4.019999980926514,4.010000228881836,4.039999961853027,4.01 - 4.04,4175,4175,0.24937036094549314,2025-10-17 17:48:29.226431+00:00,2025-10-17 17:48:29.226433+00:00,,,,,
ARTNA,ARTNA,ARTNA,ARTNA,NASDAQ,33.47999954223633,33.31999969482422,33.70000076293945,33.32 - 33.70,4344,4344,-0.059702858996035446,2025-10-17 17:48:29.227606+00:00,2025-10-17 17:48:29.227607+00:00,,,,,
ARTV,ARTV,ARTV,ARTV,NASDAQ,6.605000019073486,5.140100002288818,7.360000133514404,5.14 - 7.36,84377738,84377738,138.44765576006378,2025-10-17 17:48:29.229281+00:00,2025-10-17 17:48:29.229283+00:00,,,,,
ARTY,ARTY,ARTY,ARTY,NASDAQ,47.900001525878906,47.55500030517578,48.380001068115234,47.56 - 48.38,324984,324984,-0.9102164363262398,2025-10-17 17:48:29.230185+00:00,2025-10-17 17:48:29.230186+00:00,,,,,
ARVN,ARVN,ARVN,ARVN,NASDAQ,9.255000114440918,9.210000038146973,9.670000076293945,9.21 - 9.67,833643,833643,-4.390497699753385,2025-10-17 17:48:29.230963+00:00,2025-10-17 17:48:29.230964+00:00,,,,,
ARX,ARX,ARX,ARX,NASDAQ,12.739999771118164,12.557499885559082,13.145000457763672,12.56 - 13.15,327931,327931,-2.9702996186101736,2025-10-17 17:48:29.232026+00:00,2025-10-17 17:48:29.232028+00:00,,,,,
AS,AS,AS,AS,NASDAQ,30.270000457763672,30.219999313354492,31.059999465942383,30.22 - 31.06,2544776,2544776,-1.2075683396056718,2025-10-17 17:48:29.232829+00:00,2025-10-17 17:48:29.232830+00:00,,,,,
ASA,ASA,ASA,ASA,NASDAQ,49.095001220703125,48.81999969482422,52.75,48.82 - 52.75,243011,243011,-7.8201224785734835,2025-10-17 17:48:29.237665+00:00,2025-10-17 17:48:29.237667+00:00,,,,,
ASAN,ASAN,ASAN,ASAN,NASDAQ,13.845000267028809,13.720000267028809,14.024999618530273,13.72 - 14.02,1317373,1317373,-0.9656600831756836,2025-10-17 17:48:29.238786+00:00,2025-10-17 17:48:29.238788+00:00,,,,,
ASB,ASB,ASB,ASB,NASDAQ,24.360000610351562,24.100000381469727,24.56999969482422,24.10 - 24.57,776087,776087,1.0369141172591392,2025-10-17 17:48:29.239634+00:00,2025-10-17 17:48:29.239635+00:00,,,,,
ASBA,ASBA,ASBA,ASBA,NASDAQ,24.510000228881836,24.510000228881836,24.639999389648438,24.51 - 24.64,22293,22293,-0.4872063985934407,2025-10-17 17:48:29.240487+00:00,2025-10-17 17:48:29.240489+00:00,,,,,
ASBP,ASBP,ASBP,ASBP,NASDAQ,0.33000001311302185,0.32010000944137573,0.3400000035762787,0.32 - 0.34,982802,982802,3.4482781171360175,2025-10-17 17:48:29.241231+00:00,2025-10-17 17:48:29.241231+00:00,,,,,
ASC,ASC,ASC,ASC,NASDAQ,11.520000457763672,11.079999923706055,11.5600004196167,11.08 - 11.56,200758,200758,2.7653917802121852,2025-10-17 17:48:29.241912+00:00,2025-10-17 17:48:29.241913+00:00,,,,,
ASCE,ASCE,ASCE,ASCE,NASDAQ,25.6299991607666,25.559999465942383,25.739999771118164,25.56 - 25.74,23982,23982,-0.45055980674334334,2025-10-17 17:48:29.242615+00:00,2025-10-17 17:48:29.242616+00:00,,,,,
ASEA,ASEA,ASEA,ASEA,NASDAQ,17.200000762939453,17.124799728393555,17.209999084472656,17.12 - 17.21,24748,24748,0.5847975394087778,2025-10-17 17:48:29.243477+00:00,2025-10-17 17:48:29.243478+00:00,13.680000305175781,17.709999084472656,3.470930078598285,,
ASG,ASG,ASG,ASG,NASDAQ,5.465000152587891,5.460000038146973,5.539999961853027,5.46 - 5.54,116815,116815,-0.4553664767308669,2025-10-17 17:48:29.245145+00:00,2025-10-17 17:48:29.245147+00:00,,,,,
ASGI,ASGI,ASGI,ASGI,NASDAQ,20.920000076293945,20.850000381469727,21.200000762939453,20.85 - 21.20,123183,123183,-0.8060695830440053,2025-10-17 17:48:29.245953+00:00,2025-10-17 17:48:29.245954+00:00,,,,,
ASGN,ASGN,ASGN,ASGN,NASDAQ,45.650001525878906,45.345001220703125,46.31999969482422,45.35 - 46.32,169802,169802,-0.2621781312750915,2025-10-17 17:48:29.247097+00:00,2025-10-17 17:48:29.247100+00:00,,,,,
ASH,ASH,ASH,ASH,NASDAQ,48.709999084472656,48.439998626708984,49.165000915527344,48.44 - 49.17,268900,268900,-0.4699622981002823,2025-10-17 17:48:29.256921+00:00,2025-10-17 17:48:29.256923+00:00,,,,,
ASHS,ASHS,ASHS,ASHS,NASDAQ,35.76499938964844,35.66999816894531,35.83000183105469,35.67 - 35.83,11699,11699,-1.8792904223680864,2025-10-17 17:48:29.258348+00:00,2025-10-17 17:48:29.258349+00:00,,,,,
ASIA,ASIA,ASIA,ASIA,NASDAQ,33.91999816894531,33.7599983215332,33.91999816894531,33.76 - 33.92,688,688,-0.08248995844038806,2025-10-17 17:48:29.259754+00:00,2025-10-17 17:48:29.259755+00:00,,,,,
ASIC,ASIC,ASIC,ASIC,NASDAQ,17.709999084472656,17.274999618530273,17.885000228881836,17.27 - 17.89,35563,35563,0.624992617152114,2025-10-17 17:48:29.261007+00:00,2025-10-17 17:48:29.261008+00:00,,,,,
ASIX,ASIX,ASIX,ASIX,NASDAQ,19.66200065612793,19.40999984741211,20.030000686645508,19.41 - 20.03,131845,131845,0.9342973211934049,2025-10-17 17:48:29.261814+00:00,2025-10-17 17:48:29.261815+00:00,,,,,
ASLE,ASLE,ASLE,ASLE,NASDAQ,7.260000228881836,7.230000019073486,7.53000020980835,7.23 - 7.53,118992,118992,-0.9549753827122395,2025-10-17 17:48:29.272462+00:00,2025-10-17 17:48:29.272463+00:00,,,,,
ASLV,ASLV,ASLV,ASLV,NASDAQ,27.239999771118164,27.229999542236328,27.229999542236328,27.23 - 27.23,1074,1074,0.5537084447596213,2025-10-17 17:48:29.273510+00:00,2025-10-17 17:48:29.273511+00:00,,,,,
ASM,ASM,ASM,ASM,NASDAQ,5.835000038146973,5.760000228881836,6.375999927520752,5.76 - 6.38,4826292,4826292,-9.953703380061658,2025-10-17 17:48:29.274338+00:00,2025-10-17 17:48:29.274339+00:00,,,,,
ASMB,ASMB,ASMB,ASMB,NASDAQ,29.334999084472656,28.864999771118164,30.049999237060547,28.86 - 30.05,193308,193308,0.8768884506039009,2025-10-17 17:48:29.275178+00:00,2025-10-17 17:48:29.275179+00:00,,,,,
ASMF,ASMF,ASMF,ASMF,NASDAQ,23.473400115966797,23.473400115966797,23.5,23.47 - 23.50,5445,5445,-0.4351887373879647,2025-10-17 17:48:29.278813+00:00,2025-10-17 17:48:29.278815+00:00,,,,,
ASMG,ASMG,ASMG,ASMG,NASDAQ,24.079999923706055,23.700000762939453,24.523700714111328,23.70 - 24.52,77996,77996,0.5008382463218262,2025-10-17 17:48:29.279975+00:00,2025-10-17 17:48:29.279976+00:00,,,,312592.0,0.24951374315401545
ASMH,ASMH,ASMH,ASMH,NASDAQ,69.11000061035156,69.58999633789062,69.58999633789062,69.59 - 69.59,466,466,0.08109559933735835,2025-10-17 17:48:29.280905+00:00,2025-10-17 17:48:29.280906+00:00,,,,,
ASML,ASML,ASML,ASML,NASDAQ,1020.6799926757812,1015.0,1032.7650146484375,1015.00 - 1032.77,1138351,1138351,0.10690236189089433,2025-10-17 17:48:29.281959+00:00,2025-10-17 17:48:29.281960+00:00,,,,,
ASND,ASND,ASND,ASND,NASDAQ,211.92999267578125,206.02000427246094,214.47000122070312,206.02 - 214.47,263976,263976,2.3668038088083962,2025-10-17 17:48:29.287070+00:00,2025-10-17 17:48:29.287071+00:00,,,,,
ASNS,ASNS,ASNS,ASNS,NASDAQ,0.4912000000476837,0.4810999929904938,0.5293999910354614,0.48 - 0.53,1053914,1053914,-8.358211229069985,2025-10-17 17:48:29.292223+00:00,2025-10-17 17:48:29.292226+00:00,,,,,
ASO,ASO,ASO,ASO,NASDAQ,50.6349983215332,50.54999923706055,52.470001220703125,50.55 - 52.47,1116623,1116623,-3.9366359305263354,2025-10-17 17:48:29.293189+00:00,2025-10-17 17:48:29.293190+00:00,,,,,
ASPC,ASPC,ASPC,ASPC,NASDAQ,10.350000381469727,10.350000381469727,10.350000381469727,10.35 - 10.35,3078,3078,0.0,2025-10-17 17:48:29.294077+00:00,2025-10-17 17:48:29.294079+00:00,,,,,
ASPI,ASPI,ASPI,ASPI,NASDAQ,9.9399995803833,9.869999885559082,11.270000457763672,9.87 - 11.27,10312665,10312665,-10.04525421892996,2025-10-17 17:48:29.294880+00:00,2025-10-17 17:48:29.294881+00:00,,,,,
ASPN,ASPN,ASPN,ASPN,NASDAQ,7.835000038146973,7.820000171661377,8.170000076293945,7.82 - 8.17,1120495,1120495,-5.716009115335714,2025-10-17 17:48:29.296138+00:00,2025-10-17 17:48:29.296139+00:00,,,,,
ASPS,ASPS,ASPS,ASPS,NASDAQ,11.829999923706055,11.70009994506836,12.199999809265137,11.70 - 12.20,9362,9362,-1.8257283281867895,2025-10-17 17:48:29.297001+00:00,2025-10-17 17:48:29.297002+00:00,,,,,
ASPSZ,ASPSZ,ASPSZ,ASPSZ,NASDAQ,0.6399999856948853,0.41999998688697815,0.6650000214576721,0.42 - 0.67,30255,30255,,2025-10-17 17:48:29.297813+00:00,2025-10-17 17:48:29.297815+00:00,,,,,
ASRV,ASRV,ASRV,ASRV,NASDAQ,3.069999933242798,2.9600000381469727,3.309999942779541,2.96 - 3.31,26866,26866,0.6557370898096224,2025-10-17 17:48:29.299882+00:00,2025-10-17 17:48:29.299884+00:00,,,,,
ASST,ASST,ASST,ASST,NASDAQ,0.8289999961853027,0.800000011920929,0.8999999761581421,0.80 - 0.90,26181103,26181103,-7.888886872632951,2025-10-17 17:48:29.300917+00:00,2025-10-17 17:48:29.300918+00:00,,,,,
ASTC,ASTC,ASTC,ASTC,NASDAQ,3.9700000286102295,3.9000000953674316,4.050000190734863,3.90 - 4.05,13072,13072,-2.216746685658723,2025-10-17 17:48:29.301795+00:00,2025-10-17 17:48:29.301796+00:00,,,,,
ASTE,ASTE,ASTE,ASTE,NASDAQ,46.41999816894531,46.41999816894531,47.56999969482422,46.42 - 47.57,52766,52766,-2.826046212856911,2025-10-17 17:48:29.302634+00:00,2025-10-17 17:48:29.302635+00:00,,,,,
ASTH,ASTH,ASTH,ASTH,NASDAQ,31.739999771118164,31.239999771118164,32.040000915527344,31.24 - 32.04,197514,197514,-0.15728575957592184,2025-10-17 17:48:29.303650+00:00,2025-10-17 17:48:29.303652+00:00,,,,,
ASTI,ASTI,ASTI,ASTI,NASDAQ,2.130000114440918,2.119999885559082,2.2799999713897705,2.12 - 2.28,82484,82484,-5.752206927916463,2025-10-17 17:48:29.308151+00:00,2025-10-17 17:48:29.308152+00:00,,,,,
ASTL,ASTL,ASTL,ASTL,NASDAQ,3.7850000858306885,3.7121999263763428,3.9100000858306885,3.71 - 3.91,1023683,1023683,-2.8241308250188806,2025-10-17 17:48:29.309562+00:00,2025-10-17 17:48:29.309563+00:00,,,,,
ASTS,ASTS,ASTS,ASTS,NASDAQ,83.56999969482422,80.86000061035156,87.48999786376953,80.86 - 87.49,10907865,10907865,-6.625698665000873,2025-10-17 17:48:29.310456+00:00,2025-10-17 17:48:29.310457+00:00,,,,,
ASTX,ASTX,ASTX,ASTX,NASDAQ,71.46099853515625,66.23999786376953,77.44499969482422,66.24 - 77.44,764042,764042,-12.714063591332106,2025-10-17 17:48:29.311617+00:00,2025-10-17 17:48:29.311619+00:00,,,,,
ASX,ASX,ASX,ASX,NASDAQ,12.654999732971191,12.545000076293945,12.869999885559082,12.55 - 12.87,4820894,4820894,0.596182907154119,2025-10-17 17:48:29.312460+00:00,2025-10-17 17:48:29.312461+00:00,,,,,
ASYS,ASYS,ASYS,ASYS,NASDAQ,7.519999980926514,7.449999809265137,7.84499979019165,7.45 - 7.84,93490,93490,-3.5897461918134885,2025-10-17 17:48:29.313230+00:00,2025-10-17 17:48:29.313231+00:00,,,,,
ATAI,ATAI,ATAI,ATAI,NASDAQ,5.994999885559082,5.380000114440918,6.010000228881836,5.38 - 6.01,20150291,20150291,9.3978077498742,2025-10-17 17:48:29.313968+00:00,2025-10-17 17:48:29.313968+00:00,,,,,
ATAT,ATAT,ATAT,ATAT,NASDAQ,37.584999084472656,36.5,37.758399963378906,36.50 - 37.76,784247,784247,0.8451800988464098,2025-10-17 17:48:29.314743+00:00,2025-10-17 17:48:29.314744+00:00,,,,,
ATCH,ATCH,ATCH,ATCH,NASDAQ,0.3718999922275543,0.3671000003814697,0.3840000033378601,0.37 - 0.38,6729489,6729489,-1.8733550730392785,2025-10-17 17:48:29.315964+00:00,2025-10-17 17:48:29.315965+00:00,,,,,
ATEC,ATEC,ATEC,ATEC,NASDAQ,14.699999809265137,14.050000190734863,14.789999961853027,14.05 - 14.79,893029,893029,3.085551005056346,2025-10-17 17:48:29.321884+00:00,2025-10-17 17:48:29.321886+00:00,,,,,
ATEN,ATEN,ATEN,ATEN,NASDAQ,17.43000030517578,17.170000076293945,17.479999542236328,17.17 - 17.48,130434,130434,1.043480030004529,2025-10-17 17:48:29.322830+00:00,2025-10-17 17:48:29.322832+00:00,,,,,
ATEST,ATEST,ATEST,ATEST,NASDAQ,24.517200469970703,24.517200469970703,24.517200469970703,24.52 - 24.52,1000,1000,,2025-10-17 17:48:29.323845+00:00,2025-10-17 17:48:29.323847+00:00,,,,,
ATEX,ATEX,ATEX,ATEX,NASDAQ,20.2450008392334,20.184999465942383,20.600000381469727,20.18 - 20.60,75537,75537,-2.5745901334639165,2025-10-17 17:48:29.328599+00:00,2025-10-17 17:48:29.328600+00:00,,,,,
ATFV,ATFV,ATFV,ATFV,NASDAQ,34.467498779296875,34.31999969482422,34.86000061035156,34.32 - 34.86,20844,20844,-1.0975601479818007,2025-10-17 17:48:29.329946+00:00,2025-10-17 17:48:29.329948+00:00,,,,,
ATGE,ATGE,ATGE,ATGE,NASDAQ,150.39430236816406,144.3000030517578,150.875,144.30 - 150.88,89200,89200,1.8931545725606045,2025-10-17 17:48:29.330861+00:00,2025-10-17 17:48:29.330863+00:00,,,,,
ATGL,ATGL,ATGL,ATGL,NASDAQ,21.17300033569336,21.17300033569336,22.25,21.17 - 22.25,582,582,-2.4285733120624413,2025-10-17 17:48:29.331929+00:00,2025-10-17 17:48:29.331930+00:00,,,,,
ATHA,ATHA,ATHA,ATHA,NASDAQ,3.6700000762939453,3.640000104904175,3.700000047683716,3.64 - 3.70,18542,18542,0.273223776741721,2025-10-17 17:48:29.332986+00:00,2025-10-17 17:48:29.332988+00:00,,,,,
ATHE,ATHE,ATHE,ATHE,NASDAQ,4.908199787139893,4.619999885559082,5.070000171661377,4.62 - 5.07,51651,51651,1.6190448171650322,2025-10-17 17:48:29.333807+00:00,2025-10-17 17:48:29.333809+00:00,,,,,
ATHM,ATHM,ATHM,ATHM,NASDAQ,27.65999984741211,27.18000030517578,27.797000885009766,27.18 - 27.80,99447,99447,-0.10834483953370871,2025-10-17 17:48:29.334626+00:00,2025-10-17 17:48:29.334627+00:00,,,,,
ATHS,ATHS,ATHS,ATHS,NASDAQ,25.280000686645508,25.270000457763672,25.33989906311035,25.27 - 25.34,28766,28766,-0.23677768579750882,2025-10-17 17:48:29.341284+00:00,2025-10-17 17:48:29.341286+00:00,,,,,
ATI,ATI,ATI,ATI,NASDAQ,79.43000030517578,79.30999755859375,81.0199966430664,79.31 - 81.02,571191,571191,-2.203891761418823,2025-10-17 17:48:29.342277+00:00,2025-10-17 17:48:29.342279+00:00,,,,,
ATII,ATII,ATII,ATII,NASDAQ,10.350000381469727,10.350000381469727,10.350000381469727,10.35 - 10.35,254,254,0.145141202393681,2025-10-17 17:48:29.343989+00:00,2025-10-17 17:48:29.343990+00:00,,,,,
ATLC,ATLC,ATLC,ATLC,NASDAQ,53.5,53.529998779296875,54.83000183105469,53.53 - 54.83,21262,21262,0.05610394354219638,2025-10-17 17:48:29.344777+00:00,2025-10-17 17:48:29.344778+00:00,,,,,
ATLCL,ATLCL,ATLCL,ATLCL,NASDAQ,24.797399520874023,24.780000686645508,24.799999237060547,24.78 - 24.80,1487,1487,0.029845119295842916,2025-10-17 17:48:29.345713+00:00,2025-10-17 17:48:29.345715+00:00,,,,,
ATLCP,ATLCP,ATLCP,ATLCP,NASDAQ,24.045000076293945,23.559999465942383,24.199899673461914,23.56 - 24.20,4072,4072,0.39246737853324565,2025-10-17 17:48:29.346533+00:00,2025-10-17 17:48:29.346534+00:00,,,,,
ATLCZ,ATLCZ,ATLCZ,ATLCZ,NASDAQ,25.31999969482422,25.31999969482422,25.46500015258789,25.32 - 25.47,8371,8371,-0.5108096825857201,2025-10-17 17:48:29.347548+00:00,2025-10-17 17:48:29.347549+00:00,,,,,
ATLN,ATLN,ATLN,ATLN,NASDAQ,3.0555999279022217,2.8499999046325684,3.0999999046325684,2.85 - 3.10,12239,12239,1.5149480924731413,2025-10-17 17:48:29.352347+00:00,2025-10-17 17:48:29.352349+00:00,1.4500000476837158,7.96999979019165,0.0,,
ATLO,ATLO,ATLO,ATLO,NASDAQ,19.649999618530273,19.649999618530273,19.950000762939453,19.65 - 19.95,3710,3710,-0.15244251107871032,2025-10-17 17:48:29.353269+00:00,2025-10-17 17:48:29.353270+00:00,,,,,
ATMP,ATMP,ATMP,ATMP,NASDAQ,27.270999908447266,27.270000457763672,27.350000381469727,27.27 - 27.35,37816,37816,-0.3980980849536451,2025-10-17 17:48:29.359286+00:00,2025-10-17 17:48:29.359287+00:00,,,,,
ATMV,ATMV,ATMV,ATMV,NASDAQ,10.75,10.010000228881836,12.069999694824219,10.01 - 12.07,20061,20061,-6.521739130434782,2025-10-17 17:48:29.360392+00:00,2025-10-17 17:48:29.360404+00:00,,,,,
ATNI,ATNI,ATNI,ATNI,NASDAQ,14.824999809265137,14.739999771118164,15.199999809265137,14.74 - 15.20,20654,20654,-1.5604289761204644,2025-10-17 17:48:29.363294+00:00,2025-10-17 17:48:29.363296+00:00,,,,,
ATNM,ATNM,ATNM,ATNM,NASDAQ,1.465000033378601,1.4550000429153442,1.48989999294281,1.46 - 1.49,90689,90689,0.34246541787590606,2025-10-17 17:48:29.364269+00:00,2025-10-17 17:48:29.364270+00:00,,,,,
ATO,ATO,ATO,ATO,NASDAQ,175.22799682617188,175.02999877929688,177.22999572753906,175.03 - 177.23,337782,337782,-0.6475014586561814,2025-10-17 17:48:29.365068+00:00,2025-10-17 17:48:29.365069+00:00,,,,,
ATOM,ATOM,ATOM,ATOM,NASDAQ,4.570000171661377,4.502500057220459,4.819900035858154,4.50 - 4.82,159038,159038,-3.5864896131985313,2025-10-17 17:48:29.366026+00:00,2025-10-17 17:48:29.366027+00:00,,,,,
ATOS,ATOS,ATOS,ATOS,NASDAQ,0.9728999733924866,0.9539999961853027,1.0298000574111938,0.95 - 1.03,1014997,1014997,-5.543689279936521,2025-10-17 17:48:29.367002+00:00,2025-10-17 17:48:29.367003+00:00,,,,,
ATPC,ATPC,ATPC,ATPC,NASDAQ,1.159999966621399,1.1549999713897705,1.2100000381469727,1.15 - 1.21,43187,43187,-6.451616314521787,2025-10-17 17:48:29.367793+00:00,2025-10-17 17:48:29.367794+00:00,,,,,
ATRA,ATRA,ATRA,ATRA,NASDAQ,14.920000076293945,14.579999923706055,15.420000076293945,14.58 - 15.42,16605,16605,-2.131845271924172,2025-10-17 17:48:29.368760+00:00,2025-10-17 17:48:29.368761+00:00,,,,,
ATRC,ATRC,ATRC,ATRC,NASDAQ,37.310001373291016,36.900001525878906,37.689998626708984,36.90 - 37.69,83511,83511,0.18796909685612212,2025-10-17 17:48:29.369773+00:00,2025-10-17 17:48:29.369774+00:00,,,,,
ATRO,ATRO,ATRO,ATRO,NASDAQ,46.11000061035156,46.11000061035156,47.974998474121094,46.11 - 47.97,377646,377646,-3.736953775586543,2025-10-17 17:48:29.370878+00:00,2025-10-17 17:48:29.370879+00:00,,,,,
ATS,ATS,ATS,ATS,NASDAQ,25.985000610351562,25.899999618530273,26.479999542236328,25.90 - 26.48,28697,28697,-1.869331346079628,2025-10-17 17:48:29.371807+00:00,2025-10-17 17:48:29.371808+00:00,,,,,
ATUS,ATUS,ATUS,ATUS,NASDAQ,2.365000009536743,2.309999942779541,2.369999885559082,2.31 - 2.37,752897,752897,0.21186926538888448,2025-10-17 17:48:29.381359+00:00,2025-10-17 17:48:29.381361+00:00,,,,,
ATXG,ATXG,ATXG,ATXG,NASDAQ,1.0199999809265137,0.9437000155448914,1.0199999809265137,0.94 - 1.02,148260,148260,1.9999980926513672,2025-10-17 17:48:29.386159+00:00,2025-10-17 17:48:29.386160+00:00,,,,,
ATXS,ATXS,ATXS,ATXS,NASDAQ,11.979999542236328,11.829999923706055,12.038000106811523,11.83 - 12.04,1299503,1299503,-0.9098478822435468,2025-10-17 17:48:29.388861+00:00,2025-10-17 17:48:29.388863+00:00,,,,,
AUB,AUB,AUB,AUB,NASDAQ,33.720001220703125,32.97999954223633,33.779701232910156,32.98 - 33.78,458939,458939,2.4612621605791665,2025-10-17 17:48:29.389812+00:00,2025-10-17 17:48:29.389813+00:00,,,,,
AUDC,AUDC,AUDC,AUDC,NASDAQ,9.079999923706055,9.069999694824219,9.420499801635742,9.07 - 9.42,54590,54590,-2.4704670842551244,2025-10-17 17:48:29.400572+00:00,2025-10-17 17:48:29.400573+00:00,,,,,
AUGM,AUGM,AUGM,AUGM,NASDAQ,33.63999938964844,33.63999938964844,33.646400451660156,33.64 - 33.65,485,485,-0.011893999856909173,2025-10-17 17:48:29.401669+00:00,2025-10-17 17:48:29.401671+00:00,,,,,
AUGP,AUGP,AUGP,AUGP,NASDAQ,30.229999542236328,30.229999542236328,30.229999542236328,30.23 - 30.23,166,166,-0.04628997224241365,2025-10-17 17:48:29.406430+00:00,2025-10-17 17:48:29.406431+00:00,,,,,
AUGT,AUGT,AUGT,AUGT,NASDAQ,34.63589859008789,34.60940170288086,34.60940170288086,34.61 - 34.61,801,801,-0.0002973692731634143,2025-10-17 17:48:29.407552+00:00,2025-10-17 17:48:29.407555+00:00,,,,,
AUGZ,AUGZ,AUGZ,AUGZ,NASDAQ,42.689998626708984,42.689998626708984,42.689998626708984,42.69 - 42.69,126,126,0.07500979875858246,2025-10-17 17:48:29.408512+00:00,2025-10-17 17:48:29.408513+00:00,,,,,
AUID,AUID,AUID,AUID,NASDAQ,2.375,2.3299999237060547,2.5399999618530273,2.33 - 2.54,47534,47534,-4.233871704271749,2025-10-17 17:48:29.409345+00:00,2025-10-17 17:48:29.409346+00:00,,,,,
AUMI,AUMI,AUMI,AUMI,NASDAQ,83.08709716796875,81.77999877929688,87.7699966430664,81.78 - 87.77,36032,36032,-7.835635469461096,2025-10-17 17:48:29.410745+00:00,2025-10-17 17:48:29.410746+00:00,,,,,
AUNA,AUNA,AUNA,AUNA,NASDAQ,6.320000171661377,6.320000171661377,6.449999809265137,6.32 - 6.45,7796,7796,-1.095456905896894,2025-10-17 17:48:29.411511+00:00,2025-10-17 17:48:29.411512+00:00,,,,,
AUPH,AUPH,AUPH,AUPH,NASDAQ,11.574999809265137,11.302900314331055,11.65999984741211,11.30 - 11.66,497022,497022,0.21644691010765127,2025-10-17 17:48:29.412340+00:00,2025-10-17 17:48:29.412341+00:00,,,,,
AURA,AURA,AURA,AURA,NASDAQ,5.783599853515625,5.679999828338623,6.195000171661377,5.68 - 6.20,320251,320251,-6.565431340033346,2025-10-17 17:48:29.413152+00:00,2025-10-17 17:48:29.413153+00:00,,,,,
AUSF,AUSF,AUSF,AUSF,NASDAQ,45.15520095825195,45.04999923706055,45.349998474121094,45.05 - 45.35,31585,31585,0.1890420767797759,2025-10-17 17:48:29.414736+00:00,2025-10-17 17:48:29.414737+00:00,,,,,
AUST,AUST,AUST,AUST,NASDAQ,2.369999885559082,2.3559999465942383,2.7730000019073486,2.36 - 2.77,198668,198668,-12.867652182708921,2025-10-17 17:48:29.420471+00:00,2025-10-17 17:48:29.420472+00:00,,,,,
AUTL,AUTL,AUTL,AUTL,NASDAQ,1.590999960899353,1.5800000429153442,1.672700047492981,1.58 - 1.67,1577544,1577544,-5.297618418289941,2025-10-17 17:48:29.421232+00:00,2025-10-17 17:48:29.421233+00:00,,,,,
AUUD,AUUD,AUUD,AUUD,NASDAQ,1.7400000095367432,1.600000023841858,1.8899999856948853,1.60 - 1.89,755605,755605,-15.942025813937445,2025-10-17 17:48:29.421962+00:00,2025-10-17 17:48:29.421963+00:00,,,,,
AVA,AVA,AVA,AVA,NASDAQ,38.279998779296875,38.22999954223633,38.5,38.23 - 38.50,132936,132936,-0.28653454571615156,2025-10-17 17:48:29.422788+00:00,2025-10-17 17:48:29.422789+00:00,,,,,
AVAH,AVAH,AVAH,AVAH,NASDAQ,10.0649995803833,9.8100004196167,10.069999694824219,9.81 - 10.07,723430,723430,0.7507488586933383,2025-10-17 17:48:29.423536+00:00,2025-10-17 17:48:29.423537+00:00,,,,,
AVAL,AVAL,AVAL,AVAL,NASDAQ,3.8299999237060547,3.690000057220459,3.8299999237060547,3.69 - 3.83,19699,19699,3.5135101174855863,2025-10-17 17:48:29.424257+00:00,2025-10-17 17:48:29.424258+00:00,,,,,
AVAV,AVAV,AVAV,AVAV,NASDAQ,353.8299865722656,349.090087890625,368.7300109863281,349.09 - 368.73,965579,965579,-5.418342475418504,2025-10-17 17:48:29.424961+00:00,2025-10-17 17:48:29.424962+00:00,,,,,
AVB,AVB,AVB,AVB,NASDAQ,186.2100067138672,184.3800048828125,186.97999572753906,184.38 - 186.98,371310,371310,0.9487151340694601,2025-10-17 17:48:29.425653+00:00,2025-10-17 17:48:29.425654+00:00,,,,,
AVBP,AVBP,AVBP,AVBP,NASDAQ,19.375,19.139999389648438,19.860000610351562,19.14 - 19.86,70567,70567,-1.2738853503184715,2025-10-17 17:48:29.426555+00:00,2025-10-17 17:48:29.426556+00:00,,,,,
AVD,AVD,AVD,AVD,NASDAQ,5.184999942779541,5.175000190734863,5.342400074005127,5.18 - 5.34,55925,55925,-3.0841114914815937,2025-10-17 17:48:29.427504+00:00,2025-10-17 17:48:29.427505+00:00,,,,,
AVDE,AVDE,AVDE,AVDE,NASDAQ,78.79010009765625,78.62000274658203,79.08000183105469,78.62 - 79.08,421369,421369,-0.567765999800696,2025-10-17 17:48:29.432995+00:00,2025-10-17 17:48:29.432997+00:00,,,,,
AVDL,AVDL,AVDL,AVDL,NASDAQ,15.149999618530273,14.800000190734863,15.220000267028809,14.80 - 15.22,502076,502076,0.9999974568684896,2025-10-17 17:48:29.438198+00:00,2025-10-17 17:48:29.438200+00:00,,,,,
AVDS,AVDS,AVDS,AVDS,NASDAQ,67.05000305175781,66.93000030517578,67.14990234375,66.93 - 67.15,3985,3985,-0.7107888882210642,2025-10-17 17:48:29.439111+00:00,2025-10-17 17:48:29.439112+00:00,,,,,
AVDV,AVDV,AVDV,AVDV,NASDAQ,88.61250305175781,88.42009735107422,89.07499694824219,88.42 - 89.07,298639,298639,-0.8254005987217625,2025-10-17 17:48:29.439864+00:00,2025-10-17 17:48:29.439865+00:00,,,,,
AVEE,AVEE,AVEE,AVEE,NASDAQ,63.310001373291016,63.2599983215332,63.41999816894531,63.26 - 63.42,11676,11676,-0.8659123406291815,2025-10-17 17:48:29.441433+00:00,2025-10-17 17:48:29.441434+00:00,,,,,
AVEM,AVEM,AVEM,AVEM,NASDAQ,75.88999938964844,75.61000061035156,76.12000274658203,75.61 - 76.12,437645,437645,-0.537357333827694,2025-10-17 17:48:29.442201+00:00,2025-10-17 17:48:29.442202+00:00,,,,,
AVES,AVES,AVES,AVES,NASDAQ,57.220001220703125,56.945499420166016,57.29999923706055,56.95 - 57.30,8146,8146,-0.5734109830272816,2025-10-17 17:48:29.442912+00:00,2025-10-17 17:48:29.442913+00:00,,,,,
AVGE,AVGE,AVGE,AVGE,NASDAQ,82.5999984741211,82.20999908447266,82.82270050048828,82.21 - 82.82,8073,8073,-0.17885945587411187,2025-10-17 17:48:29.443694+00:00,2025-10-17 17:48:29.443695+00:00,,,,,
AVGV,AVGV,AVGV,AVGV,NASDAQ,69.4749984741211,69.40149688720703,69.56500244140625,69.40 - 69.57,2482,2482,-0.24553490492177313,2025-10-17 17:48:29.444758+00:00,2025-10-17 17:48:29.444760+00:00,,,,,
AVGX,AVGX,AVGX,AVGX,NASDAQ,51.42940139770508,49.760101318359375,52.69499969482422,49.76 - 52.69,580901,580901,-4.406315749020428,2025-10-17 17:48:29.449368+00:00,2025-10-17 17:48:29.449369+00:00,,,,,
BRLN,BRLN,BRLN,BRLN,NASDAQ,51.5,51.40999984741211,51.542999267578125,51.41 - 51.54,836,836,0.13610673616343372,2025-10-17 17:48:32.432078+00:00,2025-10-17 17:48:32.432080+00:00,,,,,
BSCZ,BSCZ,BSCZ,BSCZ,NASDAQ,21.009899139404297,21.0,21.019899368286133,21.00 - 21.02,143563,143563,-0.19049928318120754,2025-10-17 17:48:32.433078+00:00,2025-10-17 17:48:32.433079+00:00,,,,,
BTCI,BTCI,BTCI,BTCI,NASDAQ,55.43000030517578,54.650001525878906,56.018001556396484,54.65 - 56.02,642371,642371,-2.0325229562783655,2025-10-17 17:48:32.434370+00:00,2025-10-17 17:48:32.434371+00:00,,,,,
BTOG,BTOG,BTOG,BTOG,NASDAQ,0.382999986410141,0.3700999915599823,0.3937999904155731,0.37 - 0.39,2199493,2199493,-1.7948716773083886,2025-10-17 17:48:32.435138+00:00,2025-10-17 17:48:32.435139+00:00,,,,,
BUFB,BUFB,BUFB,BUFB,NASDAQ,35.60820007324219,35.459999084472656,35.630001068115234,35.46 - 35.63,7573,7573,0.2483097250614975,2025-10-17 17:48:32.435685+00:00,2025-10-17 17:48:32.435686+00:00,,,,,
BUFS,BUFS,BUFS,BUFS,NASDAQ,22.420000076293945,22.399999618530273,22.518999099731445,22.40 - 22.52,18023,18023,-0.48824059919698337,2025-10-17 17:48:32.436884+00:00,2025-10-17 17:48:32.436886+00:00,18.594999313354492,22.8700008392334,0.0,,
AIRS,AIRS,AIRS,AIRS,NASDAQ,9.385000228881836,8.90999984741211,9.459600448608398,8.91 - 9.46,344855,344855,-1.1064230217990458,2025-10-17 17:48:33.996115+00:00,2025-10-17 17:48:33.996117+00:00,,,,,
AKA,AKA,AKA,AKA,NASDAQ,15.269599914550781,13.664999961853027,16.3799991607666,13.66 - 16.38,82625,82625,18.737172023347668,2025-10-17 17:48:34.557503+00:00,2025-10-17 17:48:34.557506+00:00,,,,,
ALNT,ALNT,ALNT,ALNT,NASDAQ,48.790000915527344,47.790000915527344,49.474998474121094,47.79 - 49.47,134356,134356,-1.6925249536767555,2025-10-17 17:48:34.559117+00:00,2025-10-17 17:48:34.559118+00:00,,,,,
AMC,AMC,AMC,AMC,NASDAQ,2.7600998878479004,2.7100000381469727,2.7899999618530273,2.71 - 2.79,14789967,14789967,0.36726864901455963,2025-10-17 17:48:34.560366+00:00,2025-10-17 17:48:34.560367+00:00,,,,,
AMLX,AMLX,AMLX,AMLX,NASDAQ,14.770000457763672,14.399999618530273,15.25,14.40 - 15.25,1232004,1232004,-2.6367805966945914,2025-10-17 17:48:34.561152+00:00,2025-10-17 17:48:34.561153+00:00,,,,,
AMST,AMST,AMST,AMST,NASDAQ,3.1064999103546143,3.0899999141693115,3.454900026321411,3.09 - 3.45,20372,20372,-3.823532755095699,2025-10-17 17:48:34.562080+00:00,2025-10-17 17:48:34.562081+00:00,,,,,
ANET,ANET,ANET,ANET,NASDAQ,142.57000732421875,139.24000549316406,144.5,139.24 - 144.50,4071538,4071538,-2.355994323700994,2025-10-17 17:48:34.562989+00:00,2025-10-17 17:48:34.562990+00:00,,,,,
ANTX,ANTX,ANTX,ANTX,NASDAQ,1.2000000476837158,1.1299999952316284,1.2100000381469727,1.13 - 1.21,61269,61269,1.6949238156632322,2025-10-17 17:48:34.563901+00:00,2025-10-17 17:48:34.563902+00:00,,,,81926.0,0.7478578229133609
APOS,APOS,APOS,APOS,NASDAQ,26.229999542236328,26.190000534057617,26.239999771118164,26.19 - 26.24,11756,11756,-0.0381106286930802,2025-10-17 17:48:34.565383+00:00,2025-10-17 17:48:34.565384+00:00,,,,,
CEV,CEV,CEV,CEV,NASDAQ,10.130000114440918,10.130000114440918,10.1899995803833,10.13 - 10.19,15134,15134,-0.5888073445840702,2025-10-17 17:48:33.916250+00:00,2025-10-17 17:48:33.916253+00:00,,,,,
CHSCL,CHSCL,CHSCL,CHSCL,NASDAQ,25.485000610351562,25.479999542236328,25.579999923706055,25.48 - 25.58,8726,8726,-0.058821135876225485,2025-10-17 17:48:33.939157+00:00,2025-10-17 17:48:33.939159+00:00,,,,,
CLOA,CLOA,CLOA,CLOA,NASDAQ,51.81520080566406,51.78010177612305,51.83000183105469,51.78 - 51.83,65744,65744,0.07571042251661562,2025-10-17 17:48:33.946045+00:00,2025-10-17 17:48:33.946047+00:00,,,,,
AXTA,AXTA,AXTA,AXTA,NASDAQ,28.200000762939453,27.490100860595703,28.280000686645508,27.49 - 28.28,2575079,2575079,1.6216243709529843,2025-10-17 17:48:34.762865+00:00,2025-10-17 17:48:34.762867+00:00,,,,,
BBJP,BBJP,BBJP,BBJP,NASDAQ,67.51000213623047,67.40499877929688,67.72000122070312,67.40 - 67.72,1155819,1155819,0.26734041330852826,2025-10-17 17:48:34.765121+00:00,2025-10-17 17:48:34.765122+00:00,,,,,
BCAT,BCAT,BCAT,BCAT,NASDAQ,14.420000076293945,14.375,14.729999542236328,14.38 - 14.73,524498,524498,-0.2766249083506453,2025-10-17 17:48:34.765840+00:00,2025-10-17 17:48:34.765840+00:00,,,,,
EWT,EWT,EWT,EWT,NASDAQ,64.88999938964844,64.55999755859375,65.13999938964844,64.56 - 65.14,3099379,3099379,-0.4296436813931039,2025-10-17 17:49:13.821294+00:00,2025-10-17 17:49:13.821296+00:00,39.439998626708984,65.77999877929688,2.6475574297417293,,
GAIA,GAIA,GAIA,GAIA,NASDAQ,5.695000171661377,5.619999885559082,5.75,5.62 - 5.75,12768,12768,-1.9793420352969475,2025-10-17 17:49:16.472917+00:00,2025-10-17 17:49:16.472919+00:00,,,,,
GAIN,GAIN,GAIN,GAIN,NASDAQ,13.885000228881836,13.710000038146973,13.999899864196777,13.71 - 14.00,68281,68281,0.6889069419260749,2025-10-17 17:49:16.473346+00:00,2025-10-17 17:49:16.473347+00:00,,,,,
GE,GE,GE,GE,NASDAQ,299.4800109863281,297.510009765625,302.9620056152344,297.51 - 302.96,2230601,2230601,-0.12005915019983905,2025-10-17 17:49:16.487622+00:00,2025-10-17 17:49:16.487624+00:00,,,,,
GEOS,GEOS,GEOS,GEOS,NASDAQ,19.969999313354492,19.420000076293945,21.0,19.42 - 21.00,138661,138661,-6.419872677776242,2025-10-17 17:49:16.491125+00:00,2025-10-17 17:49:16.491126+00:00,,,,,
GIGM,GIGM,GIGM,GIGM,NASDAQ,1.600000023841858,1.559999942779541,1.6100000143051147,1.56 - 1.61,25200,25200,-0.621117414559334,2025-10-17 17:49:16.496770+00:00,2025-10-17 17:49:16.496772+00:00,,,,,
GJAN,GJAN,GJAN,GJAN,NASDAQ,41.529998779296875,41.48659896850586,41.5796012878418,41.49 - 41.58,7473,7473,0.12295061990784727,2025-10-17 17:49:16.498006+00:00,2025-10-17 17:49:16.498007+00:00,,,,,
GMOV,GMOV,GMOV,GMOV,NASDAQ,25.8799991607666,25.840099334716797,26.159900665283203,25.84 - 26.16,44,44,0.0,2025-10-17 17:49:17.398049+00:00,2025-10-17 17:49:17.398052+00:00,,,,,
GPK,GPK,GPK,GPK,NASDAQ,17.041000366210938,16.989999771118164,17.25,16.99 - 17.25,1555177,1555177,-0.8667839628711687,2025-10-17 17:49:17.400049+00:00,2025-10-17 17:49:17.400050+00:00,,,,,
GRBK,GRBK,GRBK,GRBK,NASDAQ,66.55999755859375,66.44999694824219,67.69000244140625,66.45 - 67.69,43115,43115,-0.6567200618003731,2025-10-17 17:49:17.402232+00:00,2025-10-17 17:49:17.402233+00:00,,,,,
GSEP,GSEP,GSEP,GSEP,NASDAQ,37.88999938964844,37.81999969482422,37.94599914550781,37.82 - 37.95,27140,27140,0.052813462708688974,2025-10-17 17:49:17.403760+00:00,2025-10-17 17:49:17.403761+00:00,,,,,
GSST,GSST,GSST,GSST,NASDAQ,50.595001220703125,50.587501525878906,50.599998474121094,50.59 - 50.60,66810,66810,0.03954613437856414,2025-10-17 17:49:17.404696+00:00,2025-10-17 17:49:17.404697+00:00,,,,,
GTM,GTM,GTM,GTM,NASDAQ,10.085000038146973,10.010000228881836,10.1899995803833,10.01 - 10.19,1170613,1170613,-0.7870135170317415,2025-10-17 17:49:17.405468+00:00,2025-10-17 17:49:17.405469+00:00,,,,,
GTN,GTN,GTN,GTN,NASDAQ,4.684999942779541,4.614999771118164,4.748000144958496,4.61 - 4.75,323140,323140,1.4069276803151503,2025-10-17 17:49:17.405766+00:00,2025-10-17 17:49:17.405767+00:00,2.9100000858306885,6.309999942779541,6.8303095818214405,,
GUG,GUG,GUG,GUG,NASDAQ,15.732500076293945,15.649999618530273,15.929900169372559,15.65 - 15.93,52198,52198,-1.2398005342012868,2025-10-17 17:49:17.406260+00:00,2025-10-17 17:49:17.406261+00:00,,,,,
CRL,CRL,CRL,CRL,NASDAQ,175.15499877929688,172.72000122070312,176.1999969482422,172.72 - 176.20,289356,289356,0.11717738475602028,2025-10-17 17:49:48.127245+00:00,2025-10-17 17:49:48.127247+00:00,,,,,
CUB,CUB,CUB,CUB,NASDAQ,10.5600004196167,10.5600004196167,10.5600004196167,10.56 - 10.56,241,241,0.0,2025-10-17 17:49:48.153803+00:00,2025-10-17 17:49:48.153805+00:00,,,,,
DWM,DWM,DWM,DWM,NASDAQ,66.57440185546875,66.44499969482422,66.72000122070312,66.44 - 66.72,38581,38581,-0.1284155444613071,2025-10-17 17:49:52.026918+00:00,2025-10-17 17:49:52.026920+00:00,,,,,
EMC,EMC,EMC,EMC,NASDAQ,31.08180046081543,31.06999969482422,31.15999984741211,31.07 - 31.16,6025,6025,-0.270165900038923,2025-10-17 17:50:30.839293+00:00,2025-10-17 17:50:30.839295+00:00,,,,,
IBCP,IBCP,IBCP,IBCP,NASDAQ,31.239999771118164,31.049999237060547,31.584999084472656,31.05 - 31.58,82448,82448,1.3956517774403308,2025-10-17 17:51:13.967540+00:00,2025-10-17 17:51:13.967543+00:00,,,,,
ICF,ICF,ICF,ICF,NASDAQ,61.69499969482422,61.31999969482422,61.79999923706055,61.32 - 61.80,34865,34865,0.2681633655140945,2025-10-17 17:51:25.413148+00:00,2025-10-17 17:51:25.413150+00:00,,,,,
ICLO,ICLO,ICLO,ICLO,NASDAQ,25.649999618530273,25.61009979248047,25.649999618530273,25.61 - 25.65,36278,36278,0.019493705117436002,2025-10-17 17:51:25.414935+00:00,2025-10-17 17:51:25.414936+00:00,,,,,
ICVT,ICVT,ICVT,ICVT,NASDAQ,101.56999969482422,101.08000183105469,102.16000366210938,101.08 - 102.16,502533,502533,-0.6796066092721932,2025-10-17 17:51:25.416595+00:00,2025-10-17 17:51:25.416596+00:00,,,,,
IEX,IEX,IEX,IEX,NASDAQ,166.0800018310547,163.97000122070312,166.75,163.97 - 166.75,287219,287219,0.6362498088375046,2025-10-17 17:51:25.428101+00:00,2025-10-17 17:51:25.428103+00:00,,,,,
IGIC,IGIC,IGIC,IGIC,NASDAQ,22.0,21.969999313354492,22.225000381469727,21.97 - 22.23,19062,19062,0.13655297033747224,2025-10-17 17:51:25.434764+00:00,2025-10-17 17:51:25.434766+00:00,,,,,
IGOV,IGOV,IGOV,IGOV,NASDAQ,42.68000030517578,42.61000061035156,42.812801361083984,42.61 - 42.81,240481,240481,-0.25707082962843836,2025-10-17 17:51:25.435700+00:00,2025-10-17 17:51:25.435701+00:00,,,,,
IGPT,IGPT,IGPT,IGPT,NASDAQ,56.38999938964844,56.070098876953125,56.880001068115234,56.07 - 56.88,24029,24029,-0.4062160836721724,2025-10-17 17:51:25.436151+00:00,2025-10-17 17:51:25.436152+00:00,,,,,
IIM,IIM,IIM,IIM,NASDAQ,12.529999732971191,12.5,12.640000343322754,12.50 - 12.64,52432,52432,-0.8702579696500701,2025-10-17 17:51:25.440663+00:00,2025-10-17 17:51:25.440664+00:00,,,,,
IMNM,IMNM,IMNM,IMNM,NASDAQ,15.454999923706055,15.210000038146973,16.594999313354492,15.21 - 16.59,604457,604457,-6.2765303928317,2025-10-17 17:51:25.447317+00:00,2025-10-17 17:51:25.447319+00:00,,,,,
IMRA,IMRA,IMRA,IMRA,NASDAQ,36.500099182128906,36.12820053100586,36.83000183105469,36.13 - 36.83,1882,1882,-3.86614881037363,2025-10-17 17:51:25.448847+00:00,2025-10-17 17:51:25.448849+00:00,,,,,
INBKZ,INBKZ,INBKZ,INBKZ,NASDAQ,24.549999237060547,24.549999237060547,24.93000030517578,24.55 - 24.93,10445,10445,-1.326366297577828,2025-10-17 17:51:25.456869+00:00,2025-10-17 17:51:25.456871+00:00,,,,,
INFA,INFA,INFA,INFA,NASDAQ,24.825000762939453,24.81999969482422,24.860000610351562,24.82 - 24.86,1765603,1765603,-0.060384015927128845,2025-10-17 17:51:25.459861+00:00,2025-10-17 17:51:25.459863+00:00,,,,,
KFY,KFY,KFY,KFY,NASDAQ,67.98500061035156,67.97000122070312,68.5999984741211,67.97 - 68.60,73927,73927,-0.41745429431449715,2025-10-17 17:52:33.255325+00:00,2025-10-17 17:52:33.255327+00:00,,,,,
LOMA,LOMA,LOMA,LOMA,NASDAQ,7.820000171661377,7.769999980926514,7.929999828338623,7.77 - 7.93,186491,186491,-0.3821622080974483,2025-10-17 17:52:36.921269+00:00,2025-10-17 17:52:36.921271+00:00,,,,,
PCHI,PCHI,PCHI,PCHI,NASDAQ,25.280000686645508,25.280000686645508,25.280000686645508,25.28 - 25.28,874,874,-0.1658629494484831,2025-10-17 17:53:04.133538+00:00,2025-10-17 17:53:04.133540+00:00,,,,,
OABI,OABI,OABI,OABI,NASDAQ,1.649999976158142,1.6425000429153442,1.7200000286102295,1.64 - 1.72,108221,108221,-2.9411805954770314,2025-10-17 17:53:17.960417+00:00,2025-10-17 17:53:17.960419+00:00,,,,,
SEZL,SEZL,SEZL,SEZL,NASDAQ,73.19999694824219,72.81999969482422,75.48999786376953,72.82 - 75.49,387066,387066,-2.2696989893242465,2025-10-17 17:53:23.472975+00:00,2025-10-17 17:53:23.472977+00:00,,,,,
SWVL,SWVL,SWVL,SWVL,NASDAQ,3.121000051498413,3.049999952316284,3.259999990463257,3.05 - 3.26,7217,7217,-5.424239497101516,2025-10-17 17:53:55.286314+00:00,2025-10-17 17:53:55.286316+00:00,,,,,
