ticker,symbol,company_name,name,exchange,current_price,days_low,days_high,days_range,volume,volume_today,avg_volume_3mon,dvav,market_cap,shares_available,pe_ratio,dividend_yield,one_year_target,week_52_low,week_52_high,earnings_per_share,book_value,price_to_book,bid_price,ask_price,bid_ask_spread,price_change_today,price_change_week,price_change_month,price_change_year,change_percent,market_cap_change_3mon,pe_change_3mon,last_updated,created_at,analytics_rsi14,analytics_atr14,analytics_sma_5,analytics_sma_20,analytics_ema_5,analytics_ema_20,analytics_macd,analytics_macd_signal,analytics_stochastic14,analytics_vwap,analytics_gap_open_vs_prev_close,analytics_gap_open_percent,analytics_premarket_active,analytics_postmarket_active,analytics_earnings_bucket,analytics_days_to_cover,analytics_dollar_volume,analytics_momentum_1m,analytics_dvav_percentile,analytics_momentum_1m_percentile,analytics_dollar_volume_percentile,analytics_liquidity_score,flag_large_cap,flag_high_dvav,flag_rsi_overbought,flag_rsi_oversold
ABNB,ABNB,ABNB,ABNB,NASDAQ,126.4800033569336,125.46499633789062,128.67999267578125,125.46 - 128.68,4027535,4027535,4965695.0,0.8110717633684711,77435569596,612235670,30.69903,,,99.87999725341797,163.92999267578125,4.12,12.695,,,,,-3.020296643066416,,,,-2.3322699971092082,,,2025-10-29 23:23:54.851804+00:00,2025-10-29 23:23:54.851813+00:00,,,,,,,,,,,,,,,,3.8750541464991306,509402640.32016754,,32.89,,57.96,45.42,True,False,False,False
ADP,ADP,ADP,ADP,NASDAQ,261.2200012207031,260.239990234375,272.55499267578125,260.24 - 272.55,3301886,3301886,1755341.0,1.8810510322495744,105817483864,405089516,26.17435,,,272.6199951171875,329.92999267578125,9.98,15.268,,,,,-18.39999877929688,,,,-6.580358622164681,,,2025-10-29 23:23:54.973516+00:00,2025-10-29 23:23:54.973525+00:00,,,,,,,,,,,,,,,,4.490606668447897,862518664.9506226,,89.93,,68.79,79.36,True,False,False,False
ADI,ADI,ADI,ADI,NASDAQ,235.0399932861328,234.52000427246094,241.90530395507812,234.52 - 241.91,3164864,3164864,3337187.0,0.9483627977694987,115629202374,491955436,59.806614,,,158.64999389648438,258.1300048828125,3.93,69.286,,,,,-3.760006713867199,,,,-1.574542174986264,,,2025-10-29 23:23:54.995536+00:00,2025-10-29 23:23:54.995544+00:00,,,,,,,,,,,,,,,,2.196955100208649,743869613.3115234,,44.3,,63.69,53.99,True,False,False,False
AAPL,AAPL,AAPL,AAPL,NASDAQ,269.70001220703125,267.1099853515625,271.4100036621094,267.11 - 271.41,43332154,43332154,54634461.0,0.7931286079677806,4002453364157,14840390000,40.925644,,,169.2100067138672,269.8900146484375,6.59,4.431,,,,,1.351312207031242,,,,0.503565773574175,,,2025-10-29 23:23:54.999030+00:00,2025-10-29 23:23:54.999037+00:00,,,,,,,,,,,,,,,,1.9975607886019047,11686682462.756958,,30.2,,96.18,63.19,True,False,False,False
ADBE,ADBE,ADBE,ADBE,NASDAQ,337.8599853515625,337.0799865722656,355.0799865722656,337.08 - 355.08,6432575,6432575,4320793.0,1.4887487088596931,141428189868,418600000,21.050467,,,327.5,557.9000244140625,16.05,28.024,,,,,-19.140114648437475,,,,-5.361375150437627,,,2025-10-29 23:23:55.008234+00:00,2025-10-29 23:23:55.008243+00:00,,,,,,,,,,,,,,,,2.6690299674157036,2173309695.272827,,79.19,,87.26,83.22,True,False,False,False
ADSK,ADSK,ADSK,ADSK,NASDAQ,297.0799865722656,296.0199890136719,307.0,296.02 - 307.00,1653558,1653558,1477680.0,1.1190230631801201,63278037139,213000000,61.63485,,,232.6699981689453,329.0899963378906,4.82,12.746,,,,,-13.520013427734398,,,,-4.352869744924146,,,2025-10-29 23:23:55.025415+00:00,2025-10-29 23:23:55.025425+00:00,,,,,,,,,,,,,,,,2.177706946023496,491238988.4364624,,63.76,,54.78,59.27,True,False,False,False
AMGN,AMGN,AMGN,AMGN,NASDAQ,291.7699890136719,289.44000244140625,294.80999755859375,289.44 - 294.81,2718935,2718935,2252353.0,1.207153141625669,157077831351,538361851,23.837418,,,253.3000030517578,335.8800048828125,12.24,13.799,,,,,-0.3200109863281,,,,-0.10955903534119621,,,2025-10-29 23:23:56.072390+00:00,2025-10-29 23:23:56.072398+00:00,,,,,,,,,,,,,,,,5.09613413172802,793303635.0788879,,68.46,,65.61,67.03,True,False,False,False
AMD,AMD,AMD,AMD,NASDAQ,264.3299865722656,257.4043884277344,267.07989501953125,257.40 - 267.08,48043797,48043797,63028470.0,0.7622554854972682,428966250522,1622843689,157.33928,,,76.4800033569336,264.5799865722656,1.68,36.785,,,,,5.059986572265643,,,,1.9516282532748268,,,2025-10-29 23:23:56.229104+00:00,2025-10-29 23:23:56.229112+00:00,,,,,,,,,,,,,,,,0.6165639115149074,12699416215.890656,,26.85,,97.45,62.15,True,False,False,False
AMAT,AMAT,AMAT,AMAT,NASDAQ,235.75,232.0,237.38999938964844,232.00 - 237.39,7765530,7765530,8283009.0,0.937525239921869,187808452165,796642427,28.132458,,,123.73999786376953,235.7899932861328,8.38,24.483,,,,,6.800000000000011,,,,2.9700808036689286,,,2025-10-29 23:23:56.229901+00:00,2025-10-29 23:23:56.229906+00:00,,,,,,,,,,,,,,,,2.236587211241712,1830723697.5,,43.62,,82.8,63.21,True,False,False,False
AFRM,AFRM,AFRM,AFRM,NASDAQ,72.66000366210938,72.46869659423828,76.25,72.47 - 76.25,3724267,3724267,7358235.0,0.5061359143870778,23982923375,330070495,,,,30.900999069213867,100.0,,,,,,,-3.409996337890618,,,,-4.482708476259522,,,2025-10-29 23:23:56.422866+00:00,2025-10-29 23:23:56.422876+00:00,,,,,,,,,,,,,,,,,270605253.8586731,,4.7,,36.94,20.82,True,False,False,False
ALGN,ALGN,ALGN,ALGN,NASDAQ,134.0,130.72999572753906,135.5500030517578,130.73 - 135.55,1869585,1869585,1647423.0,1.1348542541897253,9561677068,72486368,,,,122.0,246.19000244140625,,,,,,,1.25,,,,0.9416195856873822,,,2025-10-29 23:23:56.426375+00:00,2025-10-29 23:23:56.426383+00:00,,,,,,,,,,,,,,,,,250524390.0,,64.43,,35.67,50.05,False,False,False,False
BE,BE,BE,BE,NASDAQ,133.7100067138672,122.22010040283203,144.1999969482422,122.22 - 144.20,26088360,26088360,12958464.0,2.013229345700231,31287870139,233997970,,,,9.59000015258789,125.74500274658203,,,,,,,-2.2899932861328125,,,,-1.6838185927447151,,,2025-10-29 23:23:57.580625+00:00,2025-10-29 23:23:57.580634+00:00,,,,,,,,,,,,,,,,,3488274790.753784,,91.95,,91.72,91.84,True,True,False,False
BIIB,BIIB,BIIB,BIIB,NASDAQ,147.86000061035156,147.5352020263672,149.91000366210938,147.54 - 149.91,2449964,2449964,1616801.0,1.515315737682003,21678434549,146614598,,,,110.04000091552734,185.0,,,,,,,-1.269999389648433,,,,-0.8516055720837076,,,2025-10-29 23:23:57.586762+00:00,2025-10-29 23:23:57.586771+00:00,,,,,,,,,,,,,,,,,362251678.53533936,,79.87,,48.41,64.14,True,False,False,False
AMZN,AMZN,AMZN,AMZN,NASDAQ,229.22,227.75999450683594,232.80999755859375,227.76 - 232.81,48650625,48650625,44462652.0,1.0941908053527711,2456129288485,10664912097,,,,161.3800048828125,242.52000427246094,,,,,,,0.0,,,,0.0,,,2025-10-29 23:23:57.590715+00:00,2025-10-29 23:23:57.590721+00:00,,,,,,,,,,,,,,,,,11151696262.5,,62.42,,95.54,78.98,True,False,False,False
BIDU,BIDU,BIDU,BIDU,NASDAQ,127.5999984741211,125.08499908447266,129.10000610351562,125.08 - 129.10,3147432,3147432,5598426.0,0.5621994467730751,44133792001,345876117,,,,74.70999908447266,149.50999450683594,,,,,,,0.49999847412109943,,,,0.39338983015035367,,,2025-10-29 23:23:57.590974+00:00,2025-10-29 23:23:57.590980+00:00,,,,,,,,,,,,,,,,,401612318.3973999,,12.08,,51.59,31.84,True,False,False,False
AVGO,AVGO,AVGO,AVGO,NASDAQ,385.9800109863281,373.20001220703125,386.4800109863281,373.20 - 386.48,23828941,23828941,22832636.0,1.0436351282436247,1822738503073,4722365022,,,,138.10000610351562,374.2300109863281,,,,,,,13.743010986328102,,,,3.6920056271483226,,,2025-10-29 23:23:57.619139+00:00,2025-10-29 23:23:57.619147+00:00,,,,,,,,,,,,,,,,,9197494908.972565,,58.39,,94.27,76.33,True,False,False,False
BLDP,BLDP,BLDP,BLDP,NASDAQ,3.5399999618530273,3.391200065612793,3.7300000190734863,3.39 - 3.73,7815914,7815914,6619441.0,1.1807513655609287,1064045188,300577740,,,,1.0,4.099999904632568,-0.99,2.121,,,,,0.00999996185302754,,,,0.28328503832939206,,,2025-10-29 23:23:58.827072+00:00,2025-10-29 23:23:58.827079+00:00,,,,,,,,,,,,,,,,2.139822833982507,27668335.261846542,,67.11,,10.83,38.97,False,False,False,False
BNTX,BNTX,BNTX,BNTX,NASDAQ,103.3499984741211,103.2300033569336,106.19000244140625,103.23 - 106.19,577074,577074,875647.0,0.6590258403214995,24851070390,240455450,,,,81.19999694824219,129.27000427246094,-1.66,76.977,,,,,-3.1300015258789102,,,,-2.939520591546685,,,2025-10-29 23:23:58.841998+00:00,2025-10-29 23:23:58.842005+00:00,,,,,,,,,,,,,,,,7.063194415101062,59640597.019454956,,18.12,,17.2,17.66,True,False,False,False
BMRN,BMRN,BMRN,BMRN,NASDAQ,51.86000061035156,51.7400016784668,54.75,51.74 - 54.75,4681224,4681224,2360381.0,1.9832493144115293,9962241344,192098751,19.27881,,,51.56999969482422,73.51000213623047,2.69,31.529,,,,,-1.6339993896484373,,,,-3.054547032654947,,,2025-10-29 23:23:58.852307+00:00,2025-10-29 23:23:58.852315+00:00,,,,,,,,,,,,,,,,3.6067952589009993,242768279.49719238,,91.28,,33.12,62.2,False,False,False,False
CCL,CCL,CCL,CCL,NASDAQ,27.8700008392334,27.65999984741211,28.40999984741211,27.66 - 28.41,30958382,30958382,20034230.0,1.545274362927849,36597453698,1313148640,14.365979,,,15.069999694824219,32.79999923706055,1.94,9.091,,,,,0.020000839233397016,,,,0.07181629886318497,,,2025-10-29 23:23:58.875816+00:00,2025-10-29 23:23:58.875825+00:00,,,,,,,,,,,,,,,,2.492350092816145,862810132.3213081,,81.88,,69.43,75.66,True,False,False,False
BKNG,BKNG,BKNG,BKNG,NASDAQ,5075.85986328125,4928.1376953125,5220.0,4928.14 - 5220.00,459220,459220,222673.0,2.0623066110395065,164508034445,32409885,33.04166,,,4096.22998046875,5839.41015625,153.62,-122.015,,,,,-218.14013671875,,,,-4.120516371717983,,,2025-10-29 23:23:58.919398+00:00,2025-10-29 23:23:58.919406+00:00,,,,,,,,,,,,,,,,2.8880376156965597,2330936366.4160156,,93.29,,89.17,91.23,True,True,False,False
BILI,BILI,BILI,BILI,NASDAQ,31.59000015258789,31.649999618530273,32.5,31.65 - 32.50,2992376,2992376,3227372.0,0.9271865778100572,13066455014,407944287,400.375,,,14.470000267028809,31.709999084472656,0.08,34.31,,,,,1.5258789076710855e-07,,,,4.830259283542531e-07,,,2025-10-29 23:23:59.637751+00:00,2025-10-29 23:23:59.637759+00:00,,,,,,,,,,,,,,,,4.132741437925346,94529158.29660034,,42.28,,19.11,30.7,True,False,False,False
CDNS,CDNS,CDNS,CDNS,NASDAQ,341.42999267578125,334.0,346.9800109863281,334.00 - 346.98,2339339,2339339,1790796.0,1.3063123884574235,94886987490,277910522,87.7712,,,221.55999755859375,376.45001220703125,3.89,19.174,,,,,-0.0800073242187409,,,,-0.0234275201952332,,,2025-10-29 23:23:59.786579+00:00,2025-10-29 23:23:59.786588+00:00,,,,,,,,,,,,,,,,2.1609407213328597,798720497.6361694,,72.48,,66.24,69.36,True,False,False,False
CMCSA,CMCSA,CMCSA,CMCSA,NASDAQ,28.530000686645508,28.459999084472656,29.260000228881836,28.46 - 29.26,41526978,41526978,23991435.0,1.730908467959503,105338654037,3692206502,4.7313433,,,29.1299991607666,45.310001373291016,6.03,26.19,,,,,-0.7299993133544938,,,,-2.494871200801414,,,2025-10-29 23:23:59.941677+00:00,2025-10-29 23:23:59.941684+00:00,,,,,,,,,,,,,,,,2.260383174245309,1184764710.854313,,87.25,,76.43,81.84,True,False,False,False
CHTR,CHTR,CHTR,CHTR,NASDAQ,241.55999755859375,238.62010192871094,247.7899932861328,238.62 - 247.79,3184775,3184775,2036563.0,1.5637989102227625,32994918003,136590985,6.610837,,,242.80999755859375,437.05999755859375,36.54,118.668,,,,,-6.990102441406236,,,,-2.812351490265438,,,2025-10-29 23:24:00.029964+00:00,2025-10-29 23:24:00.029972+00:00,,,,,,,,,,,,,,,,7.611900540272999,769314241.2246704,,82.55,,64.97,73.76,True,False,False,False
CHRW,CHRW,CHRW,CHRW,NASDAQ,127.19000244140625,126.83000183105469,131.05499267578125,126.83 - 131.05,2768371,2768371,1642035.0,1.6859390938682792,15278635116,118091162,29.337872,,,84.68000030517578,138.0,4.41,15.081,,,,,-0.8799975585937432,,,,-0.687122322631173,,,2025-10-29 23:24:00.361716+00:00,2025-10-29 23:24:00.361723+00:00,,,,,,,,,,,,,,,,4.676634176494411,352109114.24871826,,86.58,,45.86,66.22,True,False,False,False
COIN,COIN,COIN,COIN,NASDAQ,348.6099853515625,345.3299865722656,360.0,345.33 - 360.00,7507900,7507900,9960187.0,0.7537910683805434,89571207148,256938157,33.617165,,,142.5800018310547,444.6499938964844,10.37,47.166,,,,,-6.460014648437493,,,,-1.81936368841003,,,2025-10-29 23:24:00.787096+00:00,2025-10-29 23:24:00.787102+00:00,,,,,,,,,,,,,,,,1.3090224109246142,2617328909.020996,,25.5,,90.45,57.98,True,False,False,False
COST,COST,COST,COST,NASDAQ,923.9,,,,2439468,2439468,,,409453240706,443179176,50.10544,,,,,18.21,65.798,,,,,0.0,,,,0.0,,,2025-10-29 23:24:01.245041+00:00,2025-10-29 23:24:01.245051+00:00,,,,,,,,,,,,,,,,,2253824485.2,,,,87.9,87.9,True,False,False,False
CSCO,CSCO,CSCO,CSCO,NASDAQ,71.33000183105469,70.91500091552734,72.81999969482422,70.92 - 72.82,17610244,17610244,19325072.0,0.9112640822243767,281981545896,3953196953,27.97255,,,52.11000061035156,72.68000030517578,2.55,11.829,,,,,-1.4699981689453097,,,,-2.019228254045755,,,2025-10-29 23:24:01.387654+00:00,2025-10-29 23:24:01.387663+00:00,,,,,,,,,,,,,,,,2.4455334500176766,1256138736.7653198,,41.61,,79.62,60.62,True,False,False,False
CRWD,CRWD,CRWD,CRWD,NASDAQ,541.0,533.2999877929688,549.0,533.30 - 549.00,1700974,1700974,3043284.0,0.5589271326632677,136896028870,250955140,,,,294.67999267578125,553.6400146484375,-1.2,14.977,,,,,-4.809999999999945,,,,-0.8812590461882241,,,2025-10-29 23:24:01.398122+00:00,2025-10-29 23:24:01.398128+00:00,,,,,,,,,,,,,,,,1.9947050620316737,920226934.0,,10.74,,71.34,41.04,True,False,False,False
CSX,CSX,CSX,CSX,NASDAQ,35.29999923706055,35.05500030517578,35.625,35.06 - 35.62,9607073,9607073,18501355.0,0.5192632107215931,65733433126,1862136956,,,,26.219999313354492,37.25,,,,,,,-0.170000762939452,,,,-0.47928041426403156,,,2025-10-29 23:24:01.490689+00:00,2025-10-29 23:24:01.490697+00:00,,,,,,,,,,,,,,,,,339129669.570385,,7.38,,42.68,25.03,True,False,False,False
CTSH,CTSH,CTSH,CTSH,NASDAQ,71.69000244140625,71.14250183105469,75.66999816894531,71.14 - 75.67,10723238,10723238,4279792.0,2.505551204357595,35013105915,488395937,14.541583,,,65.1500015258789,90.81999969482422,4.93,31.264,,,,,4.61850244140625,,,,6.885938798753941,,,2025-10-29 23:24:02.163676+00:00,2025-10-29 23:24:02.163684+00:00,,,,,,,,,,,,,,,,6.441057649530632,768748958.3997803,,95.97,,64.33,80.15,True,True,False,False
DDOG,DDOG,DDOG,DDOG,NASDAQ,156.0,154.0102996826172,157.11000061035156,154.01 - 157.11,3693415,3693415,4742935.0,0.7787192951200048,54404239656,348745126,433.3333,,,81.62999725341797,170.0800018310547,0.36,9.167,,,,,-1.2700042724609375,,,,-0.8075311489537005,,,2025-10-29 23:24:02.336529+00:00,2025-10-29 23:24:02.336539+00:00,,,,,,,,,,,,,,,,2.2692796759812226,576172740.0,,28.19,,60.51,44.35,True,False,False,False
DLTR,DLTR,DLTR,DLTR,NASDAQ,101.33000183105469,100.48999786376953,103.19999694824219,100.49 - 103.20,2463700,2463700,4504400.0,0.5469540893348726,20668061803,203967842,19.637598,,,60.4900016784668,118.05999755859375,5.16,17.617,,,,,-0.9299981689453176,,,,-0.9094447183114782,,,2025-10-29 23:24:02.417561+00:00,2025-10-29 23:24:02.417569+00:00,,,,,,,,,,,,,,,,4.25845306811118,249646725.51116943,,9.4,,35.03,22.21,True,False,False,False
DXCM,DXCM,DXCM,DXCM,NASDAQ,68.18000030517578,67.79499816894531,69.0999984741211,67.79 - 69.10,4432354,4432354,5025055.0,0.8820508432246015,26737146087,392155265,48.014088,,,57.52000045776367,93.25,1.42,6.561,,,,,-0.8699996948242159,,,,-1.259956111258821,,,2025-10-29 23:24:02.496325+00:00,2025-10-29 23:24:02.496332+00:00,,,,,,,,,,,,,,,,2.3118795714673768,302197897.0726471,,37.58,,40.13,38.86,True,False,False,False
ENPH,ENPH,ENPH,ENPH,NASDAQ,31.139999389648438,30.809999465942383,33.439998626708984,30.81 - 33.44,26342712,26342712,7766567.0,3.3918090193517934,4071578929,130750771,24.139536,,,29.889999389648438,89.94999694824219,1.29,6.289,,,,,-2.510000610351561,,,,-7.459140001044759,,,2025-10-29 23:24:03.299006+00:00,2025-10-29 23:24:03.299012+00:00,,,,,,,,,,,,,,,,3.509511473988443,820312035.6016846,,99.33,,67.52,83.42,False,True,False,False
EXAS,EXAS,EXAS,EXAS,NASDAQ,62.7400016784668,62.540000915527344,63.939998626708984,62.54 - 63.94,2021693,2021693,2925058.0,0.6911633888969039,11877881279,189319110,,,,38.810001373291016,72.83000183105469,-5.45,13.05,,,,,-0.719998321533204,,,,-1.1345703144235801,,,2025-10-29 23:24:03.401273+00:00,2025-10-29 23:24:03.401281+00:00,,,,,,,,,,,,,,,,2.72435179063116,126841022.21334457,,20.13,,24.84,22.48,True,False,False,False
FAST,FAST,FAST,FAST,NASDAQ,41.09000015258789,40.7599983215332,41.4900016784668,40.76 - 41.49,8341848,8341848,6184264.0,1.3488829066805685,47172787951,1148035721,38.401867,,,35.30500030517578,50.630001068115234,1.07,3.392,,,,,-0.4099998474121094,,,,-0.9879514395472515,,,2025-10-29 23:24:03.583692+00:00,2025-10-29 23:24:03.583701+00:00,,,,,,,,,,,,,,,,3.845946259732767,342766535.592865,,74.5,,43.31,58.91,True,False,False,False
EXPD,EXPD,EXPD,EXPD,NASDAQ,117.56999969482422,117.44999694824219,119.58000183105469,117.45 - 119.58,873412,873412,1184109.0,0.7376111489736165,15956426354,135718520,,,,100.47000122070312,129.14999389648438,,,,,,,-1.830000305175787,,,,-1.5326635721740258,,,2025-10-29 23:24:03.731158+00:00,2025-10-29 23:24:03.731163+00:00,,,,,,,,,,,,,,,,,102687048.57345581,,21.48,,21.66,21.57,True,False,False,False
ENTG,ENTG,ENTG,ENTG,NASDAQ,92.9749984741211,92.94999694824219,98.2300033569336,92.95 - 98.23,3739280,3739280,2648264.0,1.4119740328003552,14313356138,151400000,,,,60.75,112.36000061035156,,,,,,,1.024998474121091,,,,1.1147346102458846,,,2025-10-29 23:24:03.752279+00:00,2025-10-29 23:24:03.752285+00:00,,,,,,,,,,,,,,,,,347659552.2943115,,77.85,,44.59,61.22,True,False,False,False
FCEL,FCEL,FCEL,FCEL,NASDAQ,8.180000305175781,7.550000190734863,8.550000190734863,7.55 - 8.55,5162286,5162286,3342540.0,1.5444201116516183,264177003,32295476,,,,3.5799999237060547,13.979999542236328,,,,,,,0.3800003051757814,,,,4.8717987843048896,,,2025-10-29 23:24:04.103541+00:00,2025-10-29 23:24:04.103574+00:00,,,,,,,,,,,,,,,,,42227501.05540466,,81.21,,14.01,47.61,False,False,False,False
FOX,FOX,FOX,FOX,NASDAQ,54.349998474121094,53.744998931884766,54.779998779296875,53.74 - 54.78,845564,845564,1738403.0,0.4864027501103024,25626206026,471503344,11.069246,,,38.45500183105469,59.290000915527344,4.91,26.8,,,,,-0.1800015258789074,,,,-0.3300963247366723,,,2025-10-29 23:24:04.762876+00:00,2025-10-29 23:24:04.762883+00:00,,,,,,,,,,,,,,,,2.284538740441658,45956402.10977173,,2.01,,15.29,8.65,True,False,False,False
FTNT,FTNT,FTNT,FTNT,NASDAQ,84.22000122070312,83.55999755859375,85.0,83.56 - 85.00,4427816,4427816,7261538.0,0.609762835366282,64534926234,766266033,33.553787,,,70.12000274658203,114.81999969482422,2.51,2.691,,,,,-1.634998779296879,,,,-1.9043722314330893,,,2025-10-29 23:24:04.830345+00:00,2025-10-29 23:24:04.830352+00:00,,,,,,,,,,,,,,,,2.7993890550459146,372910668.9250488,,14.09,,50.96,32.52,True,False,False,False
FOXA,FOXA,FOXA,FOXA,NASDAQ,60.810001373291016,60.150001525878906,61.375,60.15 - 61.38,2851168,2851168,3573433.0,0.797879238256321,25584857617,420734370,12.38493,,,41.77000045776367,65.30000305175781,4.91,26.8,,,,,-0.2999986267089838,,,,-0.49091576944687254,,,2025-10-29 23:24:04.831029+00:00,2025-10-29 23:24:04.831035+00:00,,,,,,,,,,,,,,,,4.613928398825443,173379529.9954834,,31.54,,29.3,30.42,True,False,False,False
FSLR,FSLR,FSLR,FSLR,NASDAQ,238.83999633789062,236.0,246.10000610351562,236.00 - 246.10,2325144,2325144,2610543.0,0.8906744688748662,25922830443,107247651,20.676647,,,116.55999755859375,249.55999755859375,11.69,79.686,,,,,-0.7500036621093784,,,,-0.31303629621828055,,,2025-10-29 23:24:04.974313+00:00,2025-10-29 23:24:04.974320+00:00,,,,,,,,,,,,,,,,3.2209364105475373,555337384.4450684,,38.26,,59.24,48.75,True,False,False,False
GILD,GILD,GILD,GILD,NASDAQ,118.5,116.69999694824219,118.95999908447266,116.70 - 118.96,5770879,5770879,6906220.0,0.8356060189220731,147035619546,1240806916,,,,86.08000183105469,124.61000061035156,,,,,,,0.6200000000000045,,,,0.5259586019681071,,,2025-10-29 23:24:05.179501+00:00,2025-10-29 23:24:05.179508+00:00,,,,,,,,,,,,,,,,,683849161.5,,34.9,,62.42,48.66,True,False,False,False
GOOG,GOOG,GOOG,GOOG,NASDAQ,275.17,,,,23362542,23362542,,,3321348227072,12070167194,29.36713,,,,,9.37,29.983,,,,,6.740000000000009,,,,2.510896695600346,,,2025-10-29 23:24:06.031375+00:00,2025-10-29 23:24:06.031385+00:00,,,,,,,,,,,,,,,,,6428670682.14,,,,93.63,93.63,True,False,False,False
HON,HON,HON,HON,NASDAQ,212.88999938964844,210.5,214.4600067138672,210.50 - 214.46,4182032,4182032,4100764.0,1.0198177705422697,135161137323,634887208,22.456753,,,179.36000061035156,242.77000427246094,9.48,26.433,,,,,-1.4600006103515568,,,,-0.6811292793802458,,,2025-10-29 23:24:06.332378+00:00,2025-10-29 23:24:06.332384+00:00,,,,,,,,,,,,,,,,5.037186729107064,890312789.9274902,,56.38,,70.7,63.54,True,False,False,False
GOOGL,GOOGL,GOOGL,GOOGL,NASDAQ,267.7550048828125,267.6700134277344,275.33599853515625,267.67 - 275.34,38492113,38492113,32985413.0,1.1669434910516354,3326000842802,12113489289,29.24068,,,140.52999877929688,270.7300109863281,9.39,29.983,,,,,-0.39499511718747726,,,,-0.14730379160450394,,,2025-10-29 23:24:06.343463+00:00,2025-10-29 23:24:06.343471+00:00,,,,,,,,,,,,,,,,1.7687110359964267,10306455904.26477,,65.77,,94.9,80.34,True,False,False,False
GSAT,GSAT,GSAT,GSAT,NASDAQ,41.540000915527344,41.060001373291016,42.97999954223633,41.06 - 42.98,536085,536085,1091323.0,0.49122487109682467,5261985818,126672742,,,,15.449999809265137,47.439998626708984,-0.4,2.849,,,,,-0.8499990844726568,,,,-2.0051877435070935,,,2025-10-29 23:24:06.344044+00:00,2025-10-29 23:24:06.344052+00:00,,,,,,,,,,,,,,,,3.687786292417552,22268971.390800476,,3.36,,10.19,6.77,False,False,False,False
GRAB,GRAB,GRAB,GRAB,NASDAQ,5.929999828338623,5.849999904632568,6.090000152587891,5.85 - 6.09,52911789,52911789,44932183.0,1.1775922171419981,24663219027,4076565000,302.50003,,,3.359999895095825,6.619999885559082,0.02,1.561,,,,,-0.030000171661376918,,,,-0.5033585849224315,,,2025-10-29 23:24:06.458482+00:00,2025-10-29 23:24:06.458490+00:00,,,,,,,,,,,,,,,,4.182316381111508,313766899.68708944,,66.44,,42.04,54.24,True,False,False,False
HOOD,HOOD,HOOD,HOOD,NASDAQ,144.8000030517578,142.74000549316406,147.69630432128906,142.74 - 147.70,19676655,19676655,39021030.0,0.504257704114935,128680156178,888675093,73.50254,,,23.0,153.86000061035156,1.97,9.088,,,,,-0.8999969482421761,,,,-0.6177055238450078,,,2025-10-29 23:24:06.769074+00:00,2025-10-29 23:24:06.769084+00:00,,,,,,,,,,,,,,,,1.1267347889074173,2849179704.0483856,,4.03,,91.08,47.55,True,False,False,False
IDXX,IDXX,IDXX,IDXX,NASDAQ,627.6599731445312,622.0800170898438,635.4099731445312,622.08 - 635.41,471919,471919,524818.0,0.8992050577533545,50215744087,80004694,52.34862,,,356.1400146484375,688.1199951171875,11.99,18.201,,,,,-5.740026855468727,,,,-0.9062246377437208,,,2025-10-29 23:24:07.411509+00:00,2025-10-29 23:24:07.411518+00:00,,,,,,,,,,,,,,,,3.384542831991281,296204666.86639404,,40.27,,39.49,39.88,True,False,False,False
INTC,INTC,INTC,INTC,NASDAQ,41.34000015258789,40.91999816894531,42.040000915527344,40.92 - 42.04,106434905,106434905,127897803.0,0.8321871252159039,197026440727,4766000000,,,,17.670000076293945,42.47999954223633,,,,,,,-0.5199998474121088,,,,-1.2422356603251523,,,2025-10-29 23:24:07.609515+00:00,2025-10-29 23:24:07.609523+00:00,,,,,,,,,,,,,,,,,4400018988.940678,,34.23,,92.99,63.61,True,False,False,False
ILMN,ILMN,ILMN,ILMN,NASDAQ,95.02999877929688,94.91000366210938,98.55480194091797,94.91 - 98.55,1302185,1302185,1640489.0,0.7937785623676843,14674964227,154424544,,,,68.69999694824219,156.66000366210938,,,,,,,-4.470001220703125,,,,-4.492463538395101,,,2025-10-29 23:24:07.663480+00:00,2025-10-29 23:24:07.663488+00:00,,,,,,,,,,,,,,,,,123746638.9604187,,30.87,,24.2,27.54,True,False,False,False
IRDM,IRDM,IRDM,IRDM,NASDAQ,16.93000030517578,16.829999923706055,17.43000030517578,16.83 - 17.43,2600827,2600827,2720027.0,0.956176905596893,1773344462,104745684,,,,17.079999923706055,34.45000076293945,,,,,,,-0.44999969482421776,,,,-2.5891812130277203,,,2025-10-29 23:24:07.691551+00:00,2025-10-29 23:24:07.691559+00:00,,,,,,,,,,,,,,,,,44032001.90370941,,44.97,,14.65,29.81,False,False,False,False
INTU,INTU,INTU,INTU,NASDAQ,656.0399780273438,649.0999755859375,669.6199951171875,649.10 - 669.62,1957374,1957374,1937086.0,1.0104734637491573,182907226073,278805000,,,,532.6500244140625,813.7000122070312,,,,,,,-22.000021972656214,,,,-3.244649574163208,,,2025-10-29 23:24:07.752747+00:00,2025-10-29 23:24:07.752757+00:00,,,,,,,,,,,,,,,,,1284115595.951294,,53.69,,80.25,66.97,True,False,False,False
INCY,INCY,INCY,INCY,NASDAQ,90.18000030517578,88.19999694824219,94.41999816894531,88.20 - 94.42,3443373,3443373,1930230.0,1.7839184967594535,17610002815,195276145,,,,53.560001373291016,93.9800033569336,,,,,,,0.35000030517578296,,,,0.38962518665900364,,,2025-10-29 23:24:07.803819+00:00,2025-10-29 23:24:07.803828+00:00,,,,,,,,,,,,,,,,,310523378.19083405,,87.92,,41.4,64.66,True,False,False,False
JD,JD,JD,JD,NASDAQ,34.36000061035156,34.11180114746094,35.058799743652344,34.11 - 35.06,10125213,10125213,15483964.0,0.6539160773042355,48722480865,1418000000,9.571031,,,29.899999618530273,46.44499969482422,3.59,160.198,,,,,-0.27989938964843475,,,,-0.8080259748106512,,,2025-10-29 23:24:08.947626+00:00,2025-10-29 23:24:08.947634+00:00,,,,,,,,,,,,,,,,1.5726655009014487,347902324.8599396,,17.45,,45.22,31.34,True,False,False,False
LBTYK,LBTYK,LBTYK,LBTYK,NASDAQ,10.880000114440918,10.78499984741211,11.289999961853027,10.78 - 11.29,1348252,1348252,974343.0,1.383755002088587,3689291307,339089271,,,,9.210000038146973,14.829999923706055,-9.54,37.941,,,,,-0.21999988555908168,,,,-1.9819809509827178,,,2025-10-29 23:24:08.964087+00:00,2025-10-29 23:24:08.964095+00:00,,,,,,,,,,,,,,,,6.4143037924016495,14668981.914295197,,76.51,,8.28,42.4,False,False,False,False
ISRG,ISRG,ISRG,ISRG,NASDAQ,542.1,534.4500122070312,544.9500122070312,534.45 - 544.95,1491424,1491424,2404466.0,0.6202724430289304,190573553404,354496073,70.922165,,,425.0,616.0,7.58,47.703,,,,,0.0,,,,0.0,,,2025-10-29 23:24:08.983041+00:00,2025-10-29 23:24:08.983049+00:00,,,,,,,,,,,,,,,,3.0726290161724057,808500950.4,,14.77,,66.88,40.82,True,False,False,False
KLAC,KLAC,KLAC,KLAC,NASDAQ,1235.280029296875,1224.469970703125,1259.550048828125,1224.47 - 1259.55,1453528,1453528,1002469.0,1.4499480781949368,170910554355,138357741,40.647583,,,551.3300170898438,1221.199951171875,30.39,35.543,,,,,26.280029296875,,,,2.173699693703474,,,2025-10-29 23:24:09.020061+00:00,2025-10-29 23:24:09.020069+00:00,,,,,,,,,,,,,,,,2.9446506575265667,1795514110.4238281,,78.52,,82.17,80.34,True,False,False,False
LBTYA,LBTYA,LBTYA,LBTYA,NASDAQ,10.710000038146973,10.619999885559082,11.210000038146973,10.62 - 11.21,3942112,3942112,1886460.0,2.0896875629485914,3681394676,343734329,,,,9.029999732971191,14.300000190734863,-9.54,37.941,,,,,-0.23999996185302663,,,,-2.1917804735436226,,,2025-10-29 23:24:09.030157+00:00,2025-10-29 23:24:09.030165+00:00,,,,,,,,,,,,,,,,2.9310883877739258,42220019.67037964,,93.96,,13.38,53.67,False,True,False,False
LC,LC,LC,LC,NASDAQ,17.219999313354492,17.079999923706055,18.0,17.08 - 18.00,1913674,1913674,1947238.0,0.9827632780379183,1985490717,115301440,26.90625,,,7.900000095367432,19.8799991607666,0.64,12.682,,,,,-0.8800006866455092,,,,-4.861882246660271,,,2025-10-29 23:24:09.062368+00:00,2025-10-29 23:24:09.062378+00:00,,,,,,,,,,,,,,,,2.4852652834424966,32953464.965984344,,46.98,,11.46,29.22,False,False,False,False
LI,LI,LI,LI,NASDAQ,20.979999542236328,20.850000381469727,21.5,20.85 - 21.50,4224023,4224023,5669444.0,0.7450506610524771,20938424211,998018335,19.607475,,,19.104000091552734,33.119998931884766,1.07,72.447,,,,,-0.3401004577636719,,,,-1.5952104247338048,,,2025-10-29 23:24:10.130623+00:00,2025-10-29 23:24:10.130630+00:00,,,,,,,,,,,,,,,,3.3556121199891913,88620000.60639572,,23.49,,18.47,20.98,True,False,False,False
LULU,LULU,LULU,LULU,NASDAQ,170.3000030517578,169.77000427246094,178.98919677734375,169.77 - 178.99,5088435,5088435,5099995.0,0.997733331111109,20195734139,118589159,11.624574,,,159.25,423.32000732421875,14.65,36.885,,,,,-9.499996948242199,,,,-5.283646801024582,,,2025-10-29 23:24:10.205593+00:00,2025-10-29 23:24:10.205598+00:00,,,,,,,,,,,,,,,,1.569701735001701,866560496.0286713,,49.66,,70.06,59.86,True,False,False,False
LCID,LCID,LCID,LCID,NASDAQ,18.020000457763672,17.850000381469727,19.25,17.85 - 19.25,16213742,16213742,9893818.0,1.6387750411418525,5653804011,313751602,,,,15.25,36.400001525878906,-11.3,7.836,,,,,-0.199999542236327,,,,-1.0976923284101372,,,2025-10-29 23:24:10.220323+00:00,2025-10-29 23:24:10.220331+00:00,,,,,,,,,,,,,,,,3.651511681334749,292171638.2620621,,85.91,,38.22,62.06,False,False,False,False
MAR,MAR,MAR,MAR,NASDAQ,263.1199951171875,262.0299987792969,267.1099853515625,262.03 - 267.11,1368712,1368712,1413116.0,0.9685772434817806,71425985272,271457839,29.5973,,,205.39999389648438,307.5199890136719,8.89,-10.893,,,,,-2.1900048828125023,,,,-0.8254513146178064,,,2025-10-29 23:24:10.261440+00:00,2025-10-29 23:24:10.261449+00:00,,,,,,,,,,,,,,,,5.84942778936761,360135494.75683594,,46.31,,47.77,47.04,True,False,False,False
MCHP,MCHP,MCHP,MCHP,NASDAQ,62.540000915527344,62.13999938964844,64.30500030517578,62.14 - 64.31,9620783,9620783,7930843.0,1.2130845359062081,33751566868,539679667,,,,34.130001068115234,78.12999725341797,-0.34,12.706,,,,,-0.5199990844726585,,,,-0.8246100292937814,,,2025-10-29 23:24:10.351757+00:00,2025-10-29 23:24:10.351766+00:00,,,,,,,,,,,,,,,,2.935755631526182,601683777.6280899,,69.13,,61.78,65.45,True,False,False,False
LRCX,LRCX,LRCX,LRCX,NASDAQ,158.25,158.0850067138672,163.08990478515625,158.09 - 163.09,12750804,12750804,11925284.0,1.069224347193744,201806337800,1256030000,35.46799,,,56.31999969482422,158.25,4.53,8.095,,,,,0.44999999999998863,,,,0.28517110266158974,,,2025-10-29 23:24:10.648245+00:00,2025-10-29 23:24:10.648254+00:00,,,,,,,,,,,,,,,,2.71714711364526,2017814733.0,,60.4,,85.35,72.88,True,False,False,False
MDLZ,MDLZ,MDLZ,MDLZ,NASDAQ,57.849998474121094,56.98500061035156,59.27000045776367,56.99 - 59.27,20756534,20756534,7524706.0,2.758451160749669,74854740109,1293945412,21.666666,,,53.95000076293945,71.1500015258789,2.67,20.437,,,,,1.0499984741210966,,,,1.8485888628892548,,,2025-10-29 23:24:11.261898+00:00,2025-10-29 23:24:11.261906+00:00,,,,,,,,,,,,,,,,3.2339279434970614,1200765460.2280426,,97.32,,77.07,87.19,True,True,False,False
META,META,META,META,NASDAQ,751.6699829101562,742.510009765625,759.155029296875,742.51 - 759.16,18180647,18180647,11964732.0,1.5195197853157096,1888301339581,2512141475,27.25417,,,479.79998779296875,796.25,27.58,77.532,,,,,-2.7300170898437273,,,,-0.36187925369084406,,,2025-10-29 23:24:11.262530+00:00,2025-10-29 23:24:11.262537+00:00,,,,,,,,,,,,,,,,2.0502949000445643,13665846619.785583,,80.54,,98.09,89.31,True,False,False,False
MNST,MNST,MNST,MNST,NASDAQ,66.55999755859375,66.41000366210938,68.91999816894531,66.41 - 68.92,5577354,5577354,5611692.0,0.9938809899046491,64991057875,976428189,41.341614,,,45.70000076293945,70.72000122070312,1.61,7.365,,,,,-1.3312024414062478,,,,-1.9607879097824872,,,2025-10-29 23:24:11.462520+00:00,2025-10-29 23:24:11.462529+00:00,,,,,,,,,,,,,,,,3.2306479044110046,371228668.6234131,,48.32,,50.32,49.32,True,False,False,False
MRNA,MRNA,MRNA,MRNA,NASDAQ,24.700000762939453,24.40999984741211,25.549999237060547,24.41 - 25.55,8716417,8716417,10230538.0,0.8519998655007195,9647345440,390580775,,,,23.149999618530273,56.69499969482422,-7.51,24.162,,,,,-0.7899992370605453,,,,-3.0992516165576514,,,2025-10-29 23:24:11.785667+00:00,2025-10-29 23:24:11.785675+00:00,,,,,,,,,,,,,,,,6.357138891424869,215295506.55009842,,36.24,,31.21,33.73,False,False,False,False
MPWR,MPWR,MPWR,MPWR,NASDAQ,1094.0799560546875,1090.5,1123.3800048828125,1090.50 - 1123.38,758796,758796,565241.0,1.3424291585359165,52397677255,47892000,28.610876,,,438.8599853515625,1112.06005859375,38.24,71.036,,,,,-3.4200439453125,,,,-0.31162131620159456,,,2025-10-29 23:24:11.805385+00:00,2025-10-29 23:24:11.805393+00:00,,,,,,,,,,,,,,,,3.32897295136057,830183494.3344727,,73.83,,68.15,70.99,True,False,False,False
MELI,MELI,MELI,MELI,NASDAQ,2283.419921875,2251.639892578125,2318.669921875,2251.64 - 2318.67,533857,533857,435800.0,1.225004589261129,116397113249,50697375,56.633446,,,1646.0,2645.219970703125,40.54,112.688,,,,,-6.580078125,,,,-0.2873396561135371,,,2025-10-29 23:24:11.845440+00:00,2025-10-29 23:24:11.845448+00:00,,,,,,,,,,,,,,,,1.262648003671409,1219019709.2324219,,70.47,,78.34,74.41,True,False,False,False
MRVL,MRVL,MRVL,MRVL,NASDAQ,90.1500015258789,89.05000305175781,91.51000213623047,89.05 - 91.51,13320310,13320310,20946644.0,0.6359161878150982,77718316315,862100000,,,,47.09000015258789,127.4800033569336,,,,,,,1.4000015258789062,,,,1.5774665080325705,,,2025-10-29 23:24:12.106731+00:00,2025-10-29 23:24:12.106745+00:00,,,,,,,,,,,,,,,,,1200825966.82518,,16.11,,77.71,46.91,True,False,False,False
MSFT,MSFT,MSFT,MSFT,NASDAQ,541.5499877929688,536.7286987304688,546.27001953125,536.73 - 546.27,33295714,33295714,20473467.0,1.626286060880651,4025388474132,7433087554,,,,344.7900085449219,555.4500122070312,,,,,,,-2.95001220703125,,,,-0.5417836927513774,,,2025-10-29 23:24:12.148547+00:00,2025-10-29 23:24:12.148555+00:00,,,,,,,,,,,,,,,,,18031293510.25818,,85.23,,98.73,91.98,True,False,False,False
MTSI,MTSI,MTSI,MTSI,NASDAQ,152.66000366210938,149.0399932861328,154.5399932861328,149.04 - 154.54,996279,996279,962861.0,1.0347069826278144,11368786030,74471281,,,,84.0,152.5,,,,,,,4.660003662109375,,,,3.148651123046875,,,2025-10-29 23:24:12.306148+00:00,2025-10-29 23:24:12.306157+00:00,,,,,,,,,,,,,,,,,152091955.78848267,,57.05,,26.11,41.58,True,False,False,False
NCLH,NCLH,NCLH,NCLH,NASDAQ,22.22,,,,16547393,16547393,,,10115676160,455250952,15.219177,,,,,1.46,3.513,,,,,-0.13000000000000256,,,,-0.5816554809843514,,,2025-10-29 23:24:13.111122+00:00,2025-10-29 23:24:13.111130+00:00,,,,,,,,,,,,,,,,,367683072.46,,,,49.68,49.68,True,False,False,False
NIO,NIO,NIO,NIO,NASDAQ,7.139999866485596,7.065000057220459,7.324999809265137,7.07 - 7.32,41332382,41332382,80272841.0,0.5148987065251621,17409968078,2438370925,,,,3.0199999809265137,8.020000457763672,-1.62,-0.537,,,,,0.049999866485595845,,,,0.7052167346346382,,,2025-10-29 23:24:13.397895+00:00,2025-10-29 23:24:13.397905+00:00,,,,,,,,,,,,,,,,1.9226758898442375,295113201.96153164,,6.04,,38.85,22.45,True,False,False,False
NU,NU,NU,NU,NASDAQ,16.09000015258789,15.930000305175781,16.270000457763672,15.93 - 16.27,25425530,25425530,45894710.0,0.5539969639202427,77752584272,4832354477,34.234043,,,9.010000228881836,16.424999237060547,0.47,1.981,,,,,0.11500015258789098,,,,0.7198757595486134,,,2025-10-29 23:24:13.435712+00:00,2025-10-29 23:24:13.435722+00:00,,,,,,,,,,,,,,,,2.226650827513672,409096781.579628,,10.07,,52.23,31.15,True,False,False,False
NFLX,NFLX,NFLX,NFLX,NASDAQ,1202.0845947265625,1096.0,1108.22998046875,1096.00 - 1108.23,3317560,3317560,3336706.0,0.9942620057026301,466279312139,423732334,46.003765,,,747.77001953125,1341.1500244140625,23.92,61.251,,,,,100.7095947265625,,,,9.143987717767562,,,2025-10-29 23:24:13.455233+00:00,2025-10-29 23:24:13.455241+00:00,,,,,,,,,,,,,,,,1.8133113915340457,3987987768.0810547,,48.99,,92.36,70.67,True,False,False,False
NET,NET,NET,NET,NASDAQ,224.8,223.01010131835938,227.92999267578125,223.01 - 227.93,2232384,2232384,2389458.0,0.9342637535374131,79237744953,348481587,,,,85.5999984741211,230.10000610351562,-0.34,3.558,,,,,0.0,,,,0.0,,,2025-10-29 23:24:13.463313+00:00,2025-10-29 23:24:13.463322+00:00,,,,,,,,,,,,,,,,3.903699918558937,501839923.20000005,,42.95,,55.41,49.18,True,False,False,False
NXPI,NXPI,NXPI,NXPI,NASDAQ,204.71,,,,5077289,5077289,,,51610378240,252114595,25.30408,,,,,8.09,39.841,,,,,-8.25,,,,-3.87396694214876,,,2025-10-29 23:24:14.937150+00:00,2025-10-29 23:24:14.937180+00:00,,,,,,,,,,,,,,,,,1039371831.19,,,,73.89,73.89,True,False,False,False
NWSA,NWSA,NWSA,NWSA,NASDAQ,26.05,,,,3186486,3186486,,,15419938816,373289307,31.011906,,,,,0.84,15.519,,,,,-0.629999999999999,,,,-2.3613193403298314,,,2025-10-29 23:24:14.937473+00:00,2025-10-29 23:24:14.937480+00:00,,,,,,,,,,,,,,,,,83007960.3,,,,17.83,17.83,True,False,False,False
NWS,NWS,NWS,NWS,NASDAQ,30.27,,,,733136,733136,,,15336857600,506668571,36.035717,,,,,0.84,15.519,,,,,-0.9000000000000021,,,,-2.8873917228104014,,,2025-10-29 23:24:14.957717+00:00,2025-10-29 23:24:14.957725+00:00,,,,,,,,,,,,,,,,,22192026.72,,,,9.55,9.55,True,False,False,False
NYT,NYT,NYT,NYT,NASDAQ,53.788149986267086,55.93000030517578,57.59000015258789,55.93 - 57.59,855111,855111,1679849.0,0.5090403958927261,9132507750,162818822,,,,44.83000183105469,62.2400016784668,,,,,,,-3.1419500137329166,,,,-5.51896099555932,,,2025-10-29 23:24:15.236893+00:00,2025-10-29 23:24:15.236902+00:00,,,,,,,,,,,,,,,,,45994838.722906835,,5.37,,15.92,10.64,False,False,False,False
OKTA,OKTA,OKTA,OKTA,NASDAQ,87.6500015258789,87.08000183105469,89.27999877929688,87.08 - 89.28,1701111,1701111,3197432.0,0.5320241368698381,15451457738,176285881,,,,70.91999816894531,127.56700134277344,,,,,,,-2.629998474121095,,,,-2.9131573705373226,,,2025-10-29 23:24:15.252511+00:00,2025-10-29 23:24:15.252518+00:00,,,,,,,,,,,,,,,,,149102381.7456894,,8.05,,25.48,16.77,True,False,False,False
ON,ON,ON,ON,NASDAQ,51.400001525878906,51.029998779296875,52.54999923706055,51.03 - 52.55,9525493,9525493,8748075.0,1.088867322239464,21021263872,408973992,48.952385,,,31.040000915527344,76.05999755859375,1.05,19.311,,,,,0.030001525878908808,,,,0.05840281463677011,,,2025-10-29 23:24:16.133401+00:00,2025-10-29 23:24:16.133408+00:00,,,,,,,,,,,,,,,,3.9309741857494362,489610354.73474884,,61.74,,54.14,57.94,True,False,False,False
PAYX,PAYX,PAYX,PAYX,NASDAQ,117.4000015258789,117.0,122.5,117.00 - 122.50,4886770,4886770,2667083.0,1.8322526895488442,42251572937,359894143,26.263983,,,119.0199966430664,161.24000549316406,4.47,11.033,,,,,-5.599998474121094,,,,-4.552844287903328,,,2025-10-29 23:24:16.443978+00:00,2025-10-29 23:24:16.443988+00:00,,,,,,,,,,,,,,,,4.802768792722237,573706805.4566193,,89.26,,59.87,74.56,True,False,False,False
PATH,PATH,PATH,PATH,NASDAQ,16.209999084472656,16.020099639892578,16.68000030517578,16.02 - 16.68,16819563,16819563,20863269.0,0.8061806134024346,8607860411,531021647,540.3333,,,9.380000114440918,18.739999771118164,0.03,3.138,,,,,0.029999084472656534,,,,0.1854084330819316,,,2025-10-29 23:24:16.505922+00:00,2025-10-29 23:24:16.505932+00:00,,,,,,,,,,,,,,,,2.303118557307582,272645100.83123016,,32.21,,37.58,34.89,False,False,False,False
PAGS,PAGS,PAGS,PAGS,NASDAQ,9.680000305175781,9.460000038146973,9.765000343322754,9.46 - 9.77,3492320,3492320,4662943.0,0.7489518958305945,2772779668,291871544,7.251909,,,6.110000133514404,11.15999984741211,1.31,49.966,,,,,0.07930030517578146,,,,0.8259846175360284,,,2025-10-29 23:24:16.587413+00:00,2025-10-29 23:24:16.587422+00:00,,,,,,,,,,,,,,,,3.5884326700969753,33805658.665771484,,24.83,,12.1,18.46,False,False,False,False
ORLY,ORLY,ORLY,ORLY,NASDAQ,103.31960021972657,94.12999725341797,96.5199966430664,94.13 - 96.52,4929140,4929140,4752407.0,1.037188102786651,79966974692,846032348,,,,76.21932983398438,108.72000122070312,,,,,,,7.01960021972657,,,,7.289304485697373,,,2025-10-29 23:24:16.824128+00:00,2025-10-29 23:24:16.824137+00:00,,,,,,,,,,,,,,,,,509276774.227063,,57.72,,57.32,57.52,True,False,False,False
PDD,PDD,PDD,PDD,NASDAQ,138.0800018310547,137.0,139.41000366210938,137.00 - 139.41,9309127,9309127,8564503.0,1.086943048534165,196024786072,1419646462,,,,87.11000061035156,138.75,,,,,,,0.44000183105470114,,,,0.3196758435445373,,,2025-10-29 23:24:16.911505+00:00,2025-10-29 23:24:16.911515+00:00,,,,,,,,,,,,,,,,,1285404273.2055206,,61.07,,80.89,70.98,True,False,False,False
PLUG,PLUG,PLUG,PLUG,NASDAQ,2.759999990463257,2.700000047683716,3.049999952316284,2.70 - 3.05,130327239,130327239,101177561.0,1.2881041775656166,3214669568,1164735355,,,,0.6899999976158142,4.579999923706055,-2.28,1.465,,,,,-0.0300000095367432,,,,-1.0752691590230539,,,2025-10-29 23:24:17.690098+00:00,2025-10-29 23:24:17.690106+00:00,,,,,,,,,,,,,,,,3.2751068193865636,359703178.3971026,,71.81,,47.13,59.47,False,False,False,False
PEP,PEP,PEP,PEP,NASDAQ,146.16000366210938,143.6699981689453,148.664794921875,143.67 - 148.66,7731067,7731067,7702701.0,1.0036826043228213,199850437238,1367340122,27.84,,,127.5999984741211,167.9600067138672,5.25,14.162,,,,,-3.4499963378906386,,,,-2.3059931407597345,,,2025-10-29 23:24:17.693412+00:00,2025-10-29 23:24:17.693419+00:00,,,,,,,,,,,,,,,,2.1774864427426173,1129972781.032013,,52.35,,75.8,64.08,True,False,False,False
PYPL,PYPL,PYPL,PYPL,NASDAQ,69.68000030517578,69.31500244140625,72.7300033569336,69.32 - 72.73,37248043,37248043,14146761.0,2.6329732297025448,65568880287,941000000,13.991968,,,55.849998474121094,93.66000366210938,4.98,21.464,,,,,-4.5099996948242165,,,,-6.078985974961877,,,2025-10-29 23:24:17.945387+00:00,2025-10-29 23:24:17.945395+00:00,,,,,,,,,,,,,,,,2.729956277624256,2595443647.6072006,,96.64,,89.81,93.22,True,True,False,False
PLTR,PLTR,PLTR,PLTR,NASDAQ,190.1,190.49000549316406,199.85000610351562,190.49 - 199.85,62905456,62905456,61811069.0,1.0177053563011504,471645390927,2372342421,662.69995,,,40.900001525878906,192.8300018310547,0.3,2.5,,,,,0.0,,,,0.0,,,2025-10-29 23:24:17.953498+00:00,2025-10-29 23:24:17.953506+00:00,,,,,,,,,,,,,,,,0.7893517259829304,11958327185.6,,55.03,,96.82,75.92,True,False,False,False
QCOM,QCOM,QCOM,QCOM,NASDAQ,178.6699981689453,178.1999969482422,183.47999572753906,178.20 - 183.48,11565268,11565268,9245001.0,1.2509753108734114,192784928024,1079000000,17.2628,,,120.80000305175781,205.9499969482422,10.35,25.101,,,,,-2.190001831054701,,,,-1.210882357102013,,,2025-10-29 23:24:18.348063+00:00,2025-10-29 23:24:18.348073+00:00,,,,,,,,,,,,,,,,2.570057158457852,2066366412.3833618,,71.14,,85.99,78.56,True,False,False,False
QRVO,QRVO,QRVO,QRVO,NASDAQ,95.4800033569336,95.20999908447266,101.68499755859375,95.21 - 101.68,4293073,4293073,1872400.0,2.2928183080538345,8846629437,92654264,112.329414,,,49.459999084472656,106.30000305175781,0.85,37.038,,,,,-2.5199966430664062,,,,-2.571425145986129,,,2025-10-29 23:24:18.434721+00:00,2025-10-29 23:24:18.434728+00:00,,,,,,,,,,,,,,,,1.5387743003631702,409902624.451561,,94.63,,52.87,73.75,False,True,False,False
RBLX,RBLX,RBLX,RBLX,NASDAQ,133.74000549316406,130.08999633789062,134.6699981689453,130.09 - 134.67,7118599,7118599,7961624.0,0.8941139395681083,92714810645,693246649,,,,42.36000061035156,150.58999633789062,-1.42,0.51,,,,,-0.06999450683593977,,,,-0.05230887589562796,,,2025-10-29 23:24:18.609529+00:00,2025-10-29 23:24:18.609537+00:00,,,,,,,,,,,,,,,,2.1234805863728305,952041469.3636322,,38.93,,71.97,55.45,True,False,False,False
RIVN,RIVN,RIVN,RIVN,NASDAQ,13.710000038146973,13.449999809265137,13.880000114440918,13.45 - 13.88,34298742,34298742,43922070.0,0.780899943923408,16636180391,1213434015,,,,9.5,17.149999618530273,-3.21,4.998,,,,,0.24000003814697202,,,,1.7817374769634151,,,2025-10-29 23:24:19.172474+00:00,2025-10-29 23:24:19.172483+00:00,,,,,,,,,,,,,,,,3.6885573016025885,470235754.1283932,,28.86,,53.5,41.18,True,False,False,False
ROKU,ROKU,ROKU,ROKU,NASDAQ,98.61000061035156,95.83999633789062,99.33000183105469,95.84 - 99.33,2277801,2277801,3503960.0,0.6500647838445645,14528273810,147330633,,,,52.43000030517578,107.25,-0.42,17.583,,,,,-0.1399993896484375,,,,-0.14177153382120253,,,2025-10-29 23:24:19.187687+00:00,2025-10-29 23:24:19.187696+00:00,,,,,,,,,,,,,,,,1.9574278815968218,224613958.0002594,,16.78,,31.85,24.32,True,False,False,False
REGN,REGN,REGN,REGN,NASDAQ,652.9099731445312,637.6599731445312,659.97998046875,637.66 - 659.98,1714556,1714556,1055792.0,1.6239524451785958,69200257909,105987442,15.66107,,,476.489990234375,935.8599853515625,41.69,298.821,,,,,-0.09002685546875,,,,-0.013786654742534455,,,2025-10-29 23:24:19.317055+00:00,2025-10-29 23:24:19.317062+00:00,,,,,,,,,,,,,,,,2.7724864367223847,1119450711.914795,,84.56,,75.16,79.86,True,False,False,False
ROST,ROST,ROST,ROST,NASDAQ,158.33999633789062,157.9199981689453,160.82000732421875,157.92 - 160.82,1442936,1442936,2643993.0,0.545741233051676,51496325767,325226266,,,,122.36000061035156,161.9499969482422,,,,,,,-2.3600036621093636,,,,-1.4685772632914522,,,2025-10-29 23:24:19.452280+00:00,2025-10-29 23:24:19.452289+00:00,,,,,,,,,,,,,,,,,228474480.95581055,,8.72,,32.48,20.6,True,False,False,False
SBUX,SBUX,SBUX,SBUX,NASDAQ,84.16999816894531,83.28410339355469,84.88999938964844,83.28 - 84.89,13250879,13250879,9802320.0,1.3518104897616074,95676036918,1136700000,,,,75.5,117.45999908447266,,,,,,,-1.3300018310546875,,,,-1.5555576971399854,,,2025-10-29 23:24:19.557885+00:00,2025-10-29 23:24:19.557897+00:00,,,,,,,,,,,,,,,,,1115326461.166916,,75.17,,74.52,74.84,True,False,False,False
RUN,RUN,RUN,RUN,NASDAQ,20.1200008392334,19.610000610351562,21.350000381469727,19.61 - 21.35,9451311,9451311,12484432.0,0.7570477375342346,4642339542,230732572,,,,5.380000114440918,22.440000534057617,,,,,,,0.1610008392333988,,,,0.806657844748729,,,2025-10-29 23:24:19.565288+00:00,2025-10-29 23:24:19.565295+00:00,,,,,,,,,,,,,,,,,190160385.25185585,,26.17,,29.94,28.05,False,False,False,False
SE,SE,SE,SE,NASDAQ,159.72,,,,3149185,3149185,,,94557423858,592019934,80.79275,,,,,1.93,15.887,,,,,0.0,,,,0.0,,,2025-10-29 23:24:20.399437+00:00,2025-10-29 23:24:20.399446+00:00,,,,,,,,,,,,,,,,,502987828.2,,,,56.05,56.05,True,False,False,False
SHOP,SHOP,SHOP,SHOP,NASDAQ,179.00999450683594,176.3000030517578,182.19000244140625,176.30 - 182.19,10736312,10736312,7908895.0,1.3574983610226208,231694865280,1294312454,98.90055,,,69.83999633789062,179.60000610351562,1.81,9.331,,,,,0.19899450683593045,,,,0.11128762035665057,,,2025-10-29 23:24:20.515064+00:00,2025-10-29 23:24:20.515073+00:00,,,,,,,,,,,,,,,,2.65352859027715,1921907152.1436768,,75.84,,84.08,79.96,True,False,False,False
SNOW,SNOW,SNOW,SNOW,NASDAQ,269.70001220703125,264.20001220703125,272.3900146484375,264.20 - 272.39,3698703,3698703,5515183.0,0.6706401220050178,93817792845,347859802,,,,113.2300033569336,270.94000244140625,,,,,,,2.460012207031241,,,,0.9205254479236794,,,2025-10-29 23:24:20.689996+00:00,2025-10-29 23:24:20.690005+00:00,,,,,,,,,,,,,,,,,997540244.2501831,,18.79,,72.61,45.7,True,False,False,False
SNPS,SNPS,SNPS,SNPS,NASDAQ,455.3399963378906,444.4549865722656,457.1499938964844,444.45 - 457.15,2236425,2236425,2632636.0,0.8495002727304496,84578800083,185748673,,,,365.739990234375,651.72998046875,,,,,,,1.339996337890625,,,,0.29515337839000555,,,2025-10-29 23:24:20.692911+00:00,2025-10-29 23:24:20.692918+00:00,,,,,,,,,,,,,,,,,1018333751.309967,,35.57,,73.25,54.41,True,False,False,False
SIRI,SIRI,SIRI,SIRI,NASDAQ,21.059999465942383,20.94499969482422,21.434999465942383,20.94 - 21.43,4555111,4555111,3737436.0,1.2187796660598336,7091753928,336740461,,,,18.690000534057617,29.18000030517578,,,,,,,-0.3900005340576165,,,,-1.818184307960916,,,2025-10-29 23:24:20.703692+00:00,2025-10-29 23:24:20.703700+00:00,,,,,,,,,,,,,,,,,95930635.22730827,,69.8,,19.75,44.77,False,False,False,False
SEDG,SEDG,SEDG,SEDG,NASDAQ,37.3224,35.869998931884766,38.189998626708984,35.87 - 38.19,4143673,4143673,4121892.0,1.005284223846719,2155304940,59374793,,,,10.239999771118164,41.91999816894531,,,,,,,0.0,,,,0.0,,,2025-10-29 23:24:20.707582+00:00,2025-10-29 23:24:20.707589+00:00,,,,,,,,,,,,,,,,,154651821.17520002,,53.02,,26.75,39.89,False,False,False,False
TEVA,TEVA,TEVA,TEVA,NASDAQ,20.229999542236328,19.889999389648438,20.61949920654297,19.89 - 20.62,17113052,17113052,10678292.0,1.6026019891570675,23206862525,1147150917,,,,12.470000267028809,22.799999237060547,-0.15,5.951,,,,,0.3499995422363291,,,,1.760561077647531,,,2025-10-29 23:24:23.280364+00:00,2025-10-29 23:24:23.280371+00:00,,,,,,,,,,,,,,,,4.428062933660177,346197034.1262665,,83.22,,43.95,63.59,True,False,False,False
TER,TER,TER,TER,NASDAQ,173.94000244140625,162.16000366210938,177.24000549316406,162.16 - 177.24,12143597,12143597,3998706.0,3.036881681223876,27669250544,159073532,60.606274,,,65.7699966430664,150.7100067138672,2.87,17.433,,,,,-2.05999755859375,,,,-1.1704531582919036,,,2025-10-29 23:24:23.335976+00:00,2025-10-29 23:24:23.335984+00:00,,,,,,,,,,,,,,,,2.257778891471391,2112257291.8274536,,98.66,,86.62,92.64,True,True,False,False
TME,TME,TME,TME,NASDAQ,22.90999984741211,22.6200008392334,23.19499969482422,22.62 - 23.19,4565617,4565617,5542201.0,0.8237913060172304,35865893793,1565512616,24.634409,,,10.109999656677246,26.700000762939453,0.93,54.826,,,,,-0.2198001525878901,,,,-0.9502898969636144,,,2025-10-29 23:24:23.337555+00:00,2025-10-29 23:24:23.337562+00:00,,,,,,,,,,,,,,,,2.6948447015905774,104598284.77334213,,33.56,,22.29,27.93,True,False,False,False
SOFI,SOFI,SOFI,SOFI,NASDAQ,30.9,,,,73973236,73973236,73973236.0,1.0,37221201879,1204569655,55.17857,,,8.600000381469727,31.979999542236328,0.56,5.957,,,,,-0.7600000000000016,,,,-2.4005053695514893,,,2025-10-29 23:24:23.345981+00:00,2025-10-29 23:24:23.345988+00:00,,,,,,,,,,,,,,,,1.3558032664678885,2285772992.4,,50.34,,88.54,69.44,True,False,False,False
TECH,TECH,TECH,TECH,NASDAQ,62.02,,,,1727420,1727420,2318155.0,0.7451701892237577,9656107282,155693441,134.82608,,,46.0099983215332,80.80000305175781,0.46,12.382,,,,,-1.9199999999999946,,,,-3.002815139192985,,,2025-10-29 23:24:23.372594+00:00,2025-10-29 23:24:23.372602+00:00,,,,,,,,,,,,,,,,2.993498709102713,107134588.4,,24.16,,22.93,23.55,False,False,False,False
TMUS,TMUS,TMUS,TMUS,NASDAQ,219.05,,,,7442974,7442974,,,245008876425,1118506626,20.713873,,,,,10.38,54.069,,,,,0.0,,,,0.0,,,2025-10-29 23:24:24.582322+00:00,2025-10-29 23:24:24.582332+00:00,,,,,,,,,,,,,,,,,1630383454.7,,,,81.53,81.53,True,False,False,False
TSLA,TSLA,TSLA,TSLA,NASDAQ,461.510009765625,452.6499938964844,465.70001220703125,452.65 - 465.70,66925771,66925771,86798263.0,0.7710496579868193,1534898836240,3325819167,322.73428,,,214.25,488.5400085449219,1.43,24.058,,,,,1.9099097656250024,,,,0.41555904048432596,,,2025-10-29 23:24:24.647894+00:00,2025-10-29 23:24:24.647902+00:00,,,,,,,,,,,,,,,,0.8374171381747582,30886913227.781982,,27.52,,99.36,63.44,True,False,False,False
TXN,TXN,TXN,TXN,NASDAQ,160.25999450683594,159.85499572753906,166.52999877929688,159.85 - 166.53,11724060,11724060,7244020.0,1.618446663592867,145615920193,908623020,29.191257,,,139.9499969482422,221.69000244140625,5.49,18.292,,,,,-6.730005493164072,,,,-4.030184737507677,,,2025-10-29 23:24:24.661950+00:00,2025-10-29 23:24:24.661956+00:00,,,,,,,,,,,,,,,,2.170792874674559,1878897791.197815,,83.89,,83.44,83.66,True,False,False,False
U,U,U,U,NASDAQ,37.13999938964844,36.29999923706055,37.790000915527344,36.30 - 37.79,5709391,5709391,11672867.0,0.48911642700974833,15692314102,422517888,,,,15.329999923706055,46.939998626708984,-1.06,7.581,,,,,0.1399993896484375,,,,0.3783767287795608,,,2025-10-29 23:24:24.711929+00:00,2025-10-29 23:24:24.711937+00:00,,,,,,,,,,,,,,,,1.857187184605119,212046778.25526428,,2.68,,30.57,16.62,True,False,False,False
ULTA,ULTA,ULTA,ULTA,NASDAQ,506.07000732421875,500.1499938964844,518.9017944335938,500.15 - 518.90,699039,699039,669716.0,1.0437842309277365,22691351197,44838364,19.434332,,,309.010009765625,572.22998046875,26.04,58.025,,,,,-12.229992675781205,,,,-2.359635862585608,,,2025-10-29 23:24:24.740782+00:00,2025-10-29 23:24:24.740791+00:00,,,,,,,,,,,,,,,,2.8046246468652383,353762671.84991455,,59.06,,46.5,52.78,True,False,False,False
UPST,UPST,UPST,UPST,NASDAQ,48.75,48.152400970458984,50.65890121459961,48.15 - 50.66,6348904,6348904,7389315.0,0.8592006160246247,4690614922,96217742,,,,31.399999618530273,96.42900085449219,,,,,,,-2.039999999999999,,,,-4.01653868871825,,,2025-10-29 23:24:25.058166+00:00,2025-10-29 23:24:25.058176+00:00,,,,,,,,,,,,,,,,,309509070.0,,36.91,,40.76,38.83,False,False,False,False
VRTX,VRTX,VRTX,VRTX,NASDAQ,417.2099914550781,415.7699890136719,422.9800109863281,415.77 - 422.98,1320725,1320725,1821460.0,0.7250914101874321,106968741312,256390651,29.652452,,,362.5,519.8800048828125,14.07,67.015,,,,,-1.63000854492185,,,,-0.38917212895660636,,,2025-10-29 23:24:25.878476+00:00,2025-10-29 23:24:25.878482+00:00,,,,,,,,,,,,,,,,1.9521515707179955,551019665.964508,,20.81,,58.6,39.7,True,False,False,False
WBD,WBD,WBD,WBD,NASDAQ,21.34000015258789,20.81999969482422,21.739999771118164,20.82 - 21.74,32122752,32122752,54753249.0,0.586682116343452,52832980875,2475772282,68.83871,,,7.5,21.56999969482422,0.31,14.565,,,,,0.34270015258789144,,,,1.6321153319135862,,,2025-10-29 23:24:25.906964+00:00,2025-10-29 23:24:25.906972+00:00,,,,,,,,,,,,,,,,1.3962338563689618,685499532.581543,,12.75,,63.06,37.91,True,False,False,False
VZ,VZ,VZ,VZ,NASDAQ,40.209999084472656,39.66999816894531,41.31999969482422,39.67 - 41.32,48807754,48807754,21042604.0,2.3194731032338014,169538416669,4216324808,9.351162,,,37.59000015258789,47.36000061035156,4.3,24.444,,,,,0.9099990844726591,,,,2.3155192989126188,,,2025-10-29 23:24:25.917059+00:00,2025-10-29 23:24:25.917067+00:00,,,,,,,,,,,,,,,,4.6342075819133415,1962559743.6551666,,95.3,,84.71,90.0,True,True,False,False
VTRS,VTRS,VTRS,VTRS,NASDAQ,10.270000457763672,10.220000267028809,10.420000076293945,10.22 - 10.42,9643906,9643906,9232324.0,1.0445805411508522,11856379247,1154467256,,,,6.849999904632568,13.550000190734863,-2.93,13.357,,,,,-0.03999954223632862,,,,-0.3879684019042543,,,2025-10-29 23:24:25.933278+00:00,2025-10-29 23:24:25.933286+00:00,,,,,,,,,,,,,,,,3.1238473649754925,99042919.03462982,,59.73,,21.02,40.38,True,False,False,False
WB,WB,WB,WB,NASDAQ,11.279999732971191,11.039999961853027,11.399999618530273,11.04 - 11.40,1112834,1112834,1235533.0,0.9006914424786712,2764190765,247687348,7.9148936,,,7.099999904632568,12.960000038146973,1.41,15.074,,,,,-2.6702880795426154e-07,,,,-2.367276666261184e-06,,,2025-10-29 23:24:25.973685+00:00,2025-10-29 23:24:25.973694+00:00,,,,,,,,,,,,,,,,12.394713050966669,12552767.222841263,,40.94,,5.73,23.34,False,False,False,False
WDAY,WDAY,WDAY,WDAY,NASDAQ,231.36000061035156,228.0500030517578,234.99000549316406,228.05 - 234.99,2185425,2185425,3256127.0,0.6711731452735106,61773120162,267000000,107.11111,,,205.3300018310547,294.0,2.16,34.352,,,,,-2.6399993896484375,,,,-1.1282048673711271,,,2025-10-29 23:24:26.035608+00:00,2025-10-29 23:24:26.035617+00:00,,,,,,,,,,,,,,,,3.059240011215779,505619929.33387756,,19.46,,56.69,38.08,True,False,False,False
ZM,ZM,ZM,ZM,NASDAQ,83.31999969482422,82.87000274658203,84.40399932861328,82.87 - 84.40,1965696,1965696,3124432.0,0.6291370719541984,24936789717,299289364,21.926315,,,64.41000366210938,92.80000305175781,3.8,29.822,,,,,-1.6301003051757874,,,,-1.9188915671385758,,,2025-10-29 23:24:27.083600+00:00,2025-10-29 23:24:27.083606+00:00,,,,,,,,,,,,,,,,1.7425634483323689,163781790.1201172,,15.44,,27.39,21.41,True,False,False,False
XPEV,XPEV,XPEV,XPEV,NASDAQ,23.18000030517578,23.049999237060547,23.7450008392334,23.05 - 23.75,7305576,7305576,8156552.0,0.8956696407992004,21188121228,914069066,,,,10.920000076293945,27.15999984741211,-0.63,31.892,,,,,-0.10849969482421784,,,,-0.4658938739043642,,,2025-10-29 23:24:27.102611+00:00,2025-10-29 23:24:27.102619+00:00,,,,,,,,,,,,,,,,4.531208162468651,169343253.90948486,,39.6,,28.66,34.13,True,False,False,False
AA,AA,AA,AA,NASDAQ,38.90999984741211,38.70000076293945,40.0,38.70 - 40.00,6286013,6286013,6507620.0,0.9659465365218006,10074371832,258914723,8.551648,,,21.530000686645508,47.77000045776367,4.55,24.506,,,,,-0.4900001525878892,,,,-1.243655209613932,,,2025-10-29 23:24:27.205212+00:00,2025-10-29 23:24:27.205221+00:00,,,,,,,,,,,,,,,,1.7551548799714796,244588764.87083054,,45.64,,33.76,39.7,True,False,False,False
A,A,A,A,NASDAQ,143.1999969482422,142.8699951171875,146.0,142.87 - 146.00,1874123,1874123,1628472.0,1.1508475429727991,40597260281,283500427,33.5363,,,96.43000030517578,153.83999633789062,4.27,22.462,,,,,-1.8000030517578125,,,,-1.241381415005388,,,2025-10-29 23:24:27.240831+00:00,2025-10-29 23:24:27.240840+00:00,,,,,,,,,,,,,,,,2.078940872179565,268374407.8806305,,65.1,,36.31,50.7,True,False,False,False
ZS,ZS,ZS,ZS,NASDAQ,321.3699951171875,317.17999267578125,323.0,317.18 - 323.00,1141699,1141699,1541007.0,0.740878529429133,50808230797,158300823,,,,164.77999877929688,329.29998779296875,,,,,,,-6.6300048828125,,,,-2.021342952076982,,,2025-10-29 23:24:27.585680+00:00,2025-10-29 23:24:27.585687+00:00,,,,,,,,,,,,,,,,,366907802.05529785,,22.15,,49.04,35.59,True,False,False,False
AACB,AACB,AACB,AACB,NASDAQ,10.229999542236328,10.220000267028809,10.229999542236328,10.22 - 10.23,1272,1272,41601.0,0.030576188072402106,283115237,27675000,,,,9.850000381469727,10.270000457763672,,-0.441,,,,,-0.010000457763672088,,,,-0.09766072034836024,,,2025-10-29 23:24:28.380029+00:00,2025-10-29 23:24:28.380037+00:00,,,,,,,,,,,,,,,,0.1305257085166222,13012.55941772461,,0.0,,0.64,0.32,False,False,False,False
AACG,AACG,AACG,AACG,NASDAQ,1.309999942779541,1.2300000190734863,1.340000033378601,1.23 - 1.34,18507,18507,253053.0,0.07313487688349872,41598408,31754512,,,,0.699999988079071,2.5799999237060547,,,,,,,0.02999994277954099,,,,2.3437455296516396,,,2025-10-29 23:24:28.601050+00:00,2025-10-29 23:24:28.601056+00:00,,,,,,,,,,,,,,,,,24244.168941020966,,0.67,,1.27,0.97,False,False,False,False
AACBU,AACBU,AACBU,AACBU,NASDAQ,10.699999809265137,10.699999809265137,10.699999809265137,10.70 - 10.70,713,713,713.0,1.0,269372495,25175000,,,,10.0,12.149999618530273,,,,,,,0.09999980926513707,,,,0.943394427029595,,,2025-10-29 23:24:28.601916+00:00,2025-10-29 23:24:28.601921+00:00,,,,,,,,,,,,,,,,,,,50.34,,,50.34,False,False,False,False
AACI,AACI,AACI,AACI,NASDAQ,10.289999961853027,10.279999732971191,10.300000190734863,10.28 - 10.30,267230,267230,192116.0,1.3909825313872868,406146298,39470000,,,,10.0,10.906000137329102,,-0.272,,,,,-0.008400038146973543,,,,-0.08156643893200441,,,2025-10-29 23:24:29.519071+00:00,2025-10-29 23:24:29.519076+00:00,,,,,,,,,,,,,,,,0.01466301609444294,2749796.6898059845,,77.18,,3.82,40.5,False,False,False,False
AACT,AACT,AACT,AACT,NASDAQ,9.49,,,,298983,298983,298983.0,1.0,587048666,61859712,36.5,,,8.470000267028809,11.619999885559082,0.26,-0.389,,,,,,,,,,,,2025-10-29 23:24:29.617232+00:00,2025-10-29 23:24:29.617240+00:00,,,,,,,,,,,,,,,,0.08902847319078343,,,50.34,,,50.34,False,False,False,False
AAL,AAL,AAL,AAL,NASDAQ,12.970000267028809,12.640000343322754,13.0,12.64 - 13.00,44497937,44497937,73464643.0,0.6057054820235089,8561322016,660086495,14.908046,,,8.5,19.100000381469727,0.87,-6.002,,,,,0.19000026702880923,,,,1.4867000549985072,,,2025-10-29 23:24:29.670850+00:00,2025-10-29 23:24:29.670860+00:00,,,,,,,,,,,,,,,,0.960892765789388,577138254.7722311,,13.42,,61.15,37.28,False,False,False,False
AAM,AAM,AAM,AAM,NASDAQ,10.569999694824219,,,,198,198,,,464805166,43974000,,,,,,,7.997,,,,,0.0,,,,0.0,,,2025-10-29 23:24:30.627703+00:00,2025-10-29 23:24:30.627711+00:00,,,,,,,,,,,,,,,,,2092.8599395751953,,,,0.0,0.0,False,False,False,False
AAMI,AAMI,AAMI,AAMI,NASDAQ,49.2599983215332,48.54999923706055,50.099998474121094,48.55 - 50.10,290196,290196,294092.0,0.9867524448131877,1764094774,35811913,20.697477,,,22.600000381469727,51.64500045776367,2.38,0.257,,,,,-0.2600016784668,,,,-0.5250437771946688,,,2025-10-29 23:24:30.782409+00:00,2025-10-29 23:24:30.782417+00:00,,,,,,,,,,,,,,,,2.967989608693878,14295054.47291565,,47.65,,7.64,27.64,False,False,False,False
AAOI,AAOI,AAOI,AAOI,NASDAQ,35.47999954223633,34.75,38.9900016784668,34.75 - 38.99,6993779,6993779,5236744.0,1.3355205066354208,2212314427,62353846,,,,9.711000442504883,44.5,-3.57,6.867,,,,,-2.1300004577636713,,,,-5.663388614101758,,,2025-10-29 23:24:30.786968+00:00,2025-10-29 23:24:30.786976+00:00,,,,,,,,,,,,,,,,2.4922663777339507,248139275.71850204,,73.15,,34.39,53.77,False,False,False,False
AAON,AAON,AAON,AAON,NASDAQ,103.2699966430664,102.58000183105469,106.55000305175781,102.58 - 106.55,934360,934360,1178203.0,0.7930382115815356,8419672636,81530676,,,,62.0,144.07000732421875,,,,,,,-0.23000335693359375,,,,-0.22222546563632245,,,2025-10-29 23:24:30.956332+00:00,2025-10-29 23:24:30.956341+00:00,,,,,,,,,,,,,,,,,96491354.06341553,,29.53,,20.38,24.95,False,False,False,False
AAME,AAME,AAME,AAME,NASDAQ,2.85,2.809999942779541,2.990000009536743,2.81 - 2.99,19272,19272,37309.0,0.516550966254791,58540042,20397228,,,,1.25,3.7100000381469727,,,,,,,0.0,,,,0.0,,,2025-10-29 23:24:31.083087+00:00,2025-10-29 23:24:31.083095+00:00,,,,,,,,,,,,,,,,,54925.200000000004,,6.71,,1.91,4.31,False,False,False,False
AAP,AAP,AAP,AAP,NASDAQ,56.99,,,,2010982,2010982,,,3418542129,59984947,,,,,,-10.0,36.717,,,,,0.0,,,,0.0,,,2025-10-29 23:24:31.852230+00:00,2025-10-29 23:24:31.852240+00:00,,,,,,,,,,,,,,,,,114605864.18,,,,23.57,23.57,False,False,False,False
AAPG,AAPG,AAPG,AAPG,NASDAQ,33.400001525878906,33.27000045776367,33.4900016784668,33.27 - 33.49,3183,3183,8973.0,0.35473085924439984,3154662542,94450970,,,,16.5,48.45000076293945,-2.04,1.938,,,,,-0.09999847412109375,,,,-0.29850290782416045,,,2025-10-29 23:24:32.001227+00:00,2025-10-29 23:24:32.001235+00:00,,,,,,,,,,,,,,,,0.33511646049258886,106312.20485687256,,1.34,,2.55,1.94,False,False,False,False
AARD,AARD,AARD,AARD,NASDAQ,11.470000267028809,11.380000114440918,12.050000190734863,11.38 - 12.05,183115,183115,152920.0,1.197456186241172,248818899,21693016,,,,4.880000114440918,19.579999923706055,-1.69,6.311,,,,,-0.919999732971192,,,,-7.4253408633671665,,,2025-10-29 23:24:33.459156+00:00,2025-10-29 23:24:33.459164+00:00,,,,,,,,,,,,,,,,3.6610057546429506,2100329.0988969803,,67.79,,3.18,35.49,False,False,False,False
AAUC,AAUC,AAUC,AAUC,NASDAQ,17.299999237060547,17.1299991607666,17.649999618530273,17.13 - 17.65,257810,257810,235461.0,1.0949159308760261,2107381570,121813969,,,,6.36899995803833,20.489999771118164,-1.41,3.299,,,,,0.03999923706054531,,,,0.23174529003792185,,,2025-10-29 23:24:34.022736+00:00,2025-10-29 23:24:34.022744+00:00,,,,,,,,,,,,,,,,3.6812338349025953,4460112.80330658,,63.09,,4.46,33.77,False,False,False,False
AAT,AAT,AAT,AAT,NASDAQ,19.8799991607666,18.8799991607666,19.700000762939453,18.88 - 19.70,666870,666870,351392.0,1.8977950550951643,1465480856,77334079,15.661158,,,16.690000534057617,29.149999618530273,1.21,19.233,,,,,0.01999916076660213,,,,0.10070070879457267,,,2025-10-29 23:24:34.517800+00:00,2025-10-29 23:24:34.517810+00:00,,,,,,,,,,,,,,,,3.2280814588835263,13257375.040340424,,90.6,,7.01,48.8,False,False,False,False
AB,AB,AB,AB,NASDAQ,40.0099983215332,39.81999969482422,40.54990005493164,39.82 - 40.55,170251,170251,166989.0,1.01953422081694,3640639819,90993251,13.248343,,,32.279998779296875,43.29999923706055,3.02,12.934,,,,,0.009998321533203125,,,,0.024995803833007816,,,2025-10-29 23:24:34.540926+00:00,2025-10-29 23:24:34.540934+00:00,,,,,,,,,,,,,,,,1.531508063405374,6811742.224239349,,55.7,,5.1,30.4,False,False,False,False
ABAT,ABAT,ABAT,ABAT,NASDAQ,5.349999904632568,5.010000228881836,5.420000076293945,5.01 - 5.42,6749010,6749010,12071109.0,0.5591043871776818,631550839,118046888,,,,0.7300000190734863,11.489999771118164,-0.58,0.725,,,,,0.20999990463256868,,,,4.0856012574429705,,,2025-10-29 23:24:34.556403+00:00,2025-10-29 23:24:34.556411+00:00,,,,,,,,,,,,,,,,0.8181668312331535,36107202.85636425,,11.41,,12.74,12.07,False,False,False,False
ABBV,ABBV,ABBV,ABBV,NASDAQ,225.13999938964844,224.0399932861328,227.99989318847656,224.04 - 228.00,5462300,5462300,5391233.0,1.0131819567063787,397722924002,1766558253,,,,163.80999755859375,244.80999755859375,,,,,,,-3.260000610351568,,,,-1.4273207575970086,,,2025-10-29 23:24:34.633296+00:00,2025-10-29 23:24:34.633305+00:00,,,,,,,,,,,,,,,,,1229782218.6660767,,54.36,,78.98,66.67,True,False,False,False
ABEO,ABEO,ABEO,ABEO,NASDAQ,4.989999771118164,4.96999979019165,5.260000228881836,4.97 - 5.26,2634235,2634235,881783.0,2.9873959919844224,255879897,51278539,7.796875,,,3.930000066757202,7.539999961853027,0.64,3.192,,,,,-0.2900002288818362,,,,-5.4924285773075034,,,2025-10-29 23:24:35.809399+00:00,2025-10-29 23:24:35.809406+00:00,,,,,,,,,,,,,,,,10.42007160491867,13144832.047071457,,97.99,,6.37,52.18,False,True,False,False
ABCB,ABCB,ABCB,ABCB,NASDAQ,72.36000061035156,72.16500091552734,75.04000091552734,72.17 - 75.04,822487,822487,451641.0,1.8211079153575518,4962944363,68586848,12.540728,,,48.27000045776367,76.58000183105469,5.77,54.528,,,,,-0.6599993896484335,,,,-0.903861119759564,,,2025-10-29 23:24:35.816525+00:00,2025-10-29 23:24:35.816532+00:00,,,,,,,,,,,,,,,,2.86890029913139,59515159.822006226,,88.59,,16.56,52.58,False,False,False,False
ABCL,ABCL,ABCL,ABCL,NASDAQ,5.630000114440918,5.489999771118164,5.789999961853027,5.49 - 5.79,3874298,3874298,5217920.0,0.7424985434809273,1679440936,298832913,,,,1.8910000324249268,6.514999866485596,-0.56,3.405,,,,,-0.029999885559082173,,,,-0.5300333137647026,,,2025-10-29 23:24:35.821423+00:00,2025-10-29 23:24:35.821430+00:00,,,,,,,,,,,,,,,,10.195835122040966,21812298.18337822,,22.82,,8.92,15.87,False,False,False,False
ABEV,ABEV,ABEV,ABEV,NASDAQ,2.180000066757202,2.180000066757202,2.2300000190734863,2.18 - 2.23,76989119,76989119,37903469.0,2.031189256054637,34415989608,15787150713,12.823529,,,1.7599999904632568,2.640000104904175,0.17,5.931,,,,,-0.019499933242797862,,,,-0.8865620933302052,,,2025-10-29 23:24:35.844549+00:00,2025-10-29 23:24:35.844559+00:00,,,,,,,,,,,,,,,,2.920445935964331,167836284.55957818,,92.62,,28.03,60.33,True,True,False,False
