ticker,symbol,company_name,name,exchange,current_price,days_low,days_high,days_range,volume,volume_today,change_percent,last_updated,created_at,avg_volume_3mon,dvav,week_52_low,week_52_high,dividend_yield
AVIE,AVIE,AVIE,AVIE,NASDAQ,62.4900016784668,62.459999084472656,62.4900016784668,62.46 - 62.49,3,3,0.0,2025-10-17 17:41:49.131009+00:00,2025-10-17 17:41:49.131011+00:00,357.0,0.008403361344537815,56.290000915527344,65.81700134277344,1.8418946536796446
AVIG,AVIG,AVIG,AVIG,NASDAQ,42.31999969482422,42.27080154418945,42.325801849365234,42.27 - 42.33,44787,44787,-0.07083537279276744,2025-10-17 17:41:49.131489+00:00,2025-10-17 17:41:49.131491+00:00,193423.0,0.23154950548797196,40.02000045776367,42.41999816894531,4.416351638652259
AVIV,AVIV,AVIV,AVIV,NASDAQ,67.43990325927734,67.2699966430664,67.55999755859375,67.27 - 67.56,53422,53422,-0.39890094350518346,2025-10-17 17:41:49.131958+00:00,2025-10-17 17:41:49.131958+00:00,35027.0,1.525166300282639,49.84400177001953,68.56999969482422,2.6171449167332526
AVK,AVK,AVK,AVK,NASDAQ,12.63010025024414,12.570199966430664,12.850000381469727,12.57 - 12.85,88707,88707,-1.327343265304815,2025-10-17 17:41:49.132558+00:00,2025-10-17 17:41:49.132559+00:00,149635.0,0.5928225348347645,9.75,13.100000381469727,11.116301313387126
AVL,AVL,AVL,AVL,NASDAQ,56.66999816894531,54.689998626708984,57.869998931884766,54.69 - 57.87,257343,257343,-4.273652975318845,2025-10-17 17:41:49.137527+00:00,2025-10-17 17:41:49.137530+00:00,363646.0,0.7076744966258394,10.680000305175781,67.8499984741211,0.9546497573322023
AVLC,AVLC,AVLC,AVLC,NASDAQ,75.7249984741211,75.54000091552734,75.95999908447266,75.54 - 75.96,8940,8940,-0.03300531469162541,2025-10-17 17:41:49.144391+00:00,2025-10-17 17:41:49.144394+00:00,34791.0,0.25696300767439856,55.46699905395508,77.2699966430664,0.9772202243792635
AVLV,AVLV,AVLV,AVLV,NASDAQ,71.37449645996094,71.07050323486328,71.5728988647461,71.07 - 71.57,159785,159785,0.23100319843165104,2025-10-17 17:41:49.145472+00:00,2025-10-17 17:41:49.145474+00:00,396998.0,0.40248313593519364,55.66999816894531,73.01000213623047,1.44449355320967
AVMA,AVMA,AVMA,AVMA,NASDAQ,64.91179656982422,64.80989837646484,64.80999755859375,64.81 - 64.81,557,557,-0.0003173429322910068,2025-10-17 17:41:49.146066+00:00,2025-10-17 17:41:49.146067+00:00,3450.0,0.16144927536231884,52.83000183105469,65.55999755859375,2.292341421176643
AVMC,AVMC,AVMC,AVMC,NASDAQ,68.28710174560547,68.16500091552734,68.47000122070312,68.17 - 68.47,4744,4744,-0.048152736191013595,2025-10-17 17:41:49.146497+00:00,2025-10-17 17:41:49.146498+00:00,18930.0,0.25060750132065507,53.29100036621094,70.7300033569336,1.1598090704603203
AVMV,AVMV,AVMV,AVMV,NASDAQ,67.22000122070312,67.14900207519531,67.30999755859375,67.15 - 67.31,5937,5937,-0.08027001936324259,2025-10-17 17:41:49.146959+00:00,2025-10-17 17:41:49.146960+00:00,19868.0,0.2988222266961949,52.41999816894531,71.73999786376953,1.3329366017982762
AVNM,AVNM,AVNM,AVNM,NASDAQ,70.5875015258789,70.55000305175781,70.72000122070312,70.55 - 70.72,48948,48948,-0.4969000611728145,2025-10-17 17:41:49.147396+00:00,2025-10-17 17:41:49.147396+00:00,27061.0,1.8088023354643215,51.40999984741211,71.69000244140625,2.8390295118538655
AVNS,AVNS,AVNS,AVNS,NASDAQ,11.404999732971191,11.369999885559082,11.600000381469727,11.37 - 11.60,99206,99206,-0.5667003709186045,2025-10-17 17:41:49.147823+00:00,2025-10-17 17:41:49.147824+00:00,635914.0,0.15600537179555726,9.303000450134277,23.68000030517578,0.0
AVNT,AVNT,AVNT,AVNT,NASDAQ,31.170000076293945,31.065000534057617,31.440000534057617,31.07 - 31.44,132427,132427,0.0,2025-10-17 17:41:49.148242+00:00,2025-10-17 17:41:49.148243+00:00,606224.0,0.21844565705085908,27.860000610351562,54.68000030517578,3.4648700588916075
AVNV,AVNV,AVNV,AVNV,NASDAQ,71.9375991821289,71.66000366210938,72.21060180664062,71.66 - 72.21,190,190,-0.0005620922047568273,2025-10-17 17:41:49.148794+00:00,2025-10-17 17:41:49.148795+00:00,7690.0,0.0247074122236671,51.66999816894531,72.70999908447266,3.1277107181510666
AVO,AVO,AVO,AVO,NASDAQ,11.669599533081055,11.669599533081055,11.800000190734863,11.67 - 11.80,74018,74018,-0.43004038224762964,2025-10-17 17:41:49.149216+00:00,2025-10-17 17:41:49.149217+00:00,381068.0,0.19423829867635173,9.5600004196167,15.25,0.0
AVPT,AVPT,AVPT,AVPT,NASDAQ,14.069999694824219,13.899999618530273,14.15999984741211,13.90 - 14.16,430887,430887,0.4999978201729911,2025-10-17 17:41:49.149623+00:00,2025-10-17 17:41:49.149624+00:00,1364582.0,0.3157648276175415,11.609999656677246,20.2450008392334,0.0
AVRE,AVRE,AVRE,AVRE,NASDAQ,44.52000045776367,44.400001525878906,44.6349983215332,44.40 - 44.63,51184,51184,0.08993011676935961,2025-10-17 17:41:49.150327+00:00,2025-10-17 17:41:49.150328+00:00,48774.0,1.0494115717390413,37.709999084472656,46.650001525878906,3.8634321255943647
AVS,AVS,AVS,AVS,NASDAQ,9.925000190734863,9.84000015258789,10.095000267028809,9.84 - 10.10,326751,326751,2.0041177561424277,2025-10-17 17:41:49.161109+00:00,2025-10-17 17:41:49.161111+00:00,425813.0,0.767357971691799,9.40999984741211,28.027000427246094,7.879093047575039
AVSC,AVSC,AVSC,AVSC,NASDAQ,56.52859878540039,56.380001068115234,57.040000915527344,56.38 - 57.04,50595,50595,-0.530359028581969,2025-10-17 17:41:49.161682+00:00,2025-10-17 17:41:49.161683+00:00,108438.0,0.4665799811874066,41.57699966430664,60.279998779296875,1.2241591245292327
AVSD,AVSD,AVSD,AVSD,NASDAQ,71.5199966430664,71.35050201416016,71.75,71.35 - 71.75,13086,13086,-0.5852090434533251,2025-10-17 17:41:49.162214+00:00,2025-10-17 17:41:49.162215+00:00,34580.0,0.37842683632157315,53.36000061035156,72.76499938964844,2.6719799911865127
AVSE,AVSE,AVSE,AVSE,NASDAQ,64.25,64.02890014648438,64.25,64.03 - 64.25,1138,1138,-0.3984122174385002,2025-10-17 17:41:49.162912+00:00,2025-10-17 17:41:49.162913+00:00,4775.0,0.23832460732984292,45.0099983215332,65.12999725341797,2.6832684824902726
AVSF,AVSF,AVSF,AVSF,NASDAQ,47.279998779296875,47.279998779296875,47.310001373291016,47.28 - 47.31,11115,11115,-0.08453278906449144,2025-10-17 17:41:49.163332+00:00,2025-10-17 17:41:49.163333+00:00,38725.0,0.2870238863783086,45.93199920654297,47.36000061035156,4.287225152991311
AVT,AVT,AVT,AVT,NASDAQ,51.79999923706055,51.67499923706055,52.59000015258789,51.67 - 52.59,342034,342034,-1.1639011870397535,2025-10-17 17:41:49.163785+00:00,2025-10-17 17:41:49.163786+00:00,888332.0,0.38502947096355866,39.220001220703125,59.2400016784668,2.5868726249734975
AVTX,AVTX,AVTX,AVTX,NASDAQ,14.529999732971191,13.600000381469727,14.529999732971191,13.60 - 14.53,123734,123734,3.7857123783656528,2025-10-17 17:41:49.164176+00:00,2025-10-17 17:41:49.164177+00:00,325313.0,0.3803536901384205,3.390000104904175,16.0,0.0
AVUS,AVUS,AVUS,AVUS,NASDAQ,107.41960144042969,106.94000244140625,107.72000122070312,106.94 - 107.72,111408,111408,0.10213762401410104,2025-10-17 17:41:49.164547+00:00,2025-10-17 17:41:49.164547+00:00,241396.0,0.46151551806989344,79.19999694824219,109.7490005493164,1.1422496299992713
AVUV,AVUV,AVUV,AVUV,NASDAQ,96.72000122070312,96.58999633789062,97.44200134277344,96.59 - 97.44,441907,441907,-0.38108469579074916,2025-10-17 17:41:49.164936+00:00,2025-10-17 17:41:49.164937+00:00,827092.0,0.5342900185227278,74.0,107.63999938964844,1.7224979104357052
AVXC,AVXC,AVXC,AVXC,NASDAQ,61.189998626708984,61.099998474121094,61.439998626708984,61.10 - 61.44,7060,7060,-0.3987999366897494,2025-10-17 17:41:49.165280+00:00,2025-10-17 17:41:49.165280+00:00,16213.0,0.4354530315179177,43.209999084472656,61.86000061035156,1.2534728178032841
AVXL,AVXL,AVXL,AVXL,NASDAQ,9.100000381469727,8.899999618530273,9.229999542236328,8.90 - 9.23,423858,423858,0.9988917902509297,2025-10-17 17:41:49.165624+00:00,2025-10-17 17:41:49.165625+00:00,1182078.0,0.35857024663347087,5.21999979019165,14.440999984741211,0.0
ALG,ALG,ALG,ALG,NASDAQ,180.42999267578125,180.42999267578125,183.91000366210938,180.43 - 183.91,36988,36988,-1.9135658227009145,2025-10-17 17:42:16.134237+00:00,2025-10-17 17:42:16.134241+00:00,81111.0,0.4560170630370727,157.07000732421875,233.2899932861328,0.6650778965314859
AMDD,AMDD,AMDD,AMDD,NASDAQ,9.270099639892578,9.095000267028809,9.389900207519531,9.10 - 9.39,4106696,4106696,1.6458306602741206,2025-10-17 17:42:16.136691+00:00,2025-10-17 17:42:16.136693+00:00,2471723.0,1.6614709657999702,8.850000381469727,34.7400016784668,3.9050281449207254
AMPX,AMPX,AMPX,AMPX,NASDAQ,11.770000457763672,11.579999923706055,12.558300018310547,11.58 - 12.56,7367531,7367531,-7.902967889755247,2025-10-17 17:42:16.138145+00:00,2025-10-17 17:42:16.138147+00:00,8783571.0,0.8387853869456967,1.1799999475479126,16.030000686645508,0.0
AMS,AMS,AMS,AMS,NASDAQ,2.256999969482422,2.2200000286102295,2.289400100708008,2.22 - 2.29,17170,17170,-0.5726877336265777,2025-10-17 17:42:16.139037+00:00,2025-10-17 17:42:16.139039+00:00,39569.0,0.4339255477773004,2.2200000286102295,3.5899999141693115,0.0
AMTD,AMTD,AMTD,AMTD,NASDAQ,1.065000057220459,1.0549999475479126,1.065000057220459,1.05 - 1.07,3963,3963,1.42858148432148,2025-10-17 17:42:16.139847+00:00,2025-10-17 17:42:16.139849+00:00,34297.0,0.11554946496778144,0.9200000166893005,1.4299999475479126,0.0
AN,AN,AN,AN,NASDAQ,216.17999267578125,213.39999389648438,217.24000549316406,213.40 - 217.24,144674,144674,1.188912794134694,2025-10-17 17:42:16.141146+00:00,2025-10-17 17:42:16.141148+00:00,433142.0,0.334010555429859,148.3300018310547,228.9199981689453,0.0
ANGH,ANGH,ANGH,ANGH,NASDAQ,2.799999952316284,2.799999952316284,2.828000068664551,2.80 - 2.83,1991,1991,1.8181800842285156,2025-10-17 17:42:16.141956+00:00,2025-10-17 17:42:16.141958+00:00,100047.0,0.019900646696052855,2.5299999713897705,9.399999618530273,0.0
ANIP,ANIP,ANIP,ANIP,NASDAQ,94.77999877929688,90.69999694824219,95.37899780273438,90.70 - 95.38,119556,119556,3.077761745492683,2025-10-17 17:42:16.142770+00:00,2025-10-17 17:42:16.142771+00:00,458815.0,0.26057561326460554,52.5,99.5,0.0
ACI,ACI,ACI,ACI,NASDAQ,19.645000457763672,19.33009910583496,19.825000762939453,19.33 - 19.83,4057971,4057971,2.1580911357581956,2025-10-17 17:42:15.568312+00:00,2025-10-17 17:42:15.568314+00:00,,,16.700000762939453,23.200000762939453,2.901501586754797
ACIC,ACIC,ACIC,ACIC,NASDAQ,11.774999618530273,11.5600004196167,11.880000114440918,11.56 - 11.88,103546,103546,1.0729614085238022,2025-10-17 17:42:15.568782+00:00,2025-10-17 17:42:15.568783+00:00,,,,,
ACIO,ACIO,ACIO,ACIO,NASDAQ,43.36000061035156,43.26599884033203,43.439998626708984,43.27 - 43.44,29638,29638,0.05306968377809672,2025-10-17 17:42:15.569235+00:00,2025-10-17 17:42:15.569236+00:00,,,,,
ACLC,ACLC,ACLC,ACLC,NASDAQ,76.47000122070312,76.47000122070312,76.64920043945312,76.47 - 76.65,6276,6276,0.2622323147235917,2025-10-17 17:42:15.569660+00:00,2025-10-17 17:42:15.569661+00:00,,,58.0099983215332,78.0,0.6800052199544332
ACLO,ACLO,ACLO,ACLO,NASDAQ,50.380001068115234,50.38999938964844,50.38999938964844,50.39 - 50.39,518,518,0.0,2025-10-17 17:42:15.570066+00:00,2025-10-17 17:42:15.570067+00:00,,,49.58700180053711,50.4900016784668,4.138546954735112
ACLX,ACLX,ACLX,ACLX,NASDAQ,87.22000122070312,86.04000091552734,90.27999877929688,86.04 - 90.28,257243,257243,-1.8345495570185408,2025-10-17 17:42:15.570632+00:00,2025-10-17 17:42:15.570633+00:00,,,,,
ACM,ACM,ACM,ACM,NASDAQ,130.52000427246094,129.86000061035156,132.02999877929688,129.86 - 132.03,200920,200920,-0.36640895231989506,2025-10-17 17:42:15.571047+00:00,2025-10-17 17:42:15.571048+00:00,,,85.0,133.85000610351562,0.7968127229209988
ACN,ACN,ACN,ACN,NASDAQ,237.02499389648438,233.60000610351562,237.4149932861328,233.60 - 237.41,1935525,1935525,1.284073826665193,2025-10-17 17:42:15.571455+00:00,2025-10-17 17:42:15.571456+00:00,,,,,
ACNB,ACNB,ACNB,ACNB,NASDAQ,43.38999938964844,43.0,43.46500015258789,43.00 - 43.47,8583,8583,1.0009318303994086,2025-10-17 17:42:15.571850+00:00,2025-10-17 17:42:15.571851+00:00,,,,,
ACNT,ACNT,ACNT,ACNT,NASDAQ,12.050000190734863,11.970000267028809,12.325699806213379,11.97 - 12.33,20751,20751,-0.08292063460934583,2025-10-17 17:42:15.572306+00:00,2025-10-17 17:42:15.572307+00:00,,,,,
ACON,ACON,ACON,ACON,NASDAQ,8.119999885559082,8.039999961853027,8.369999885559082,8.04 - 8.37,26829,26829,-6.666665935881734,2025-10-17 17:42:15.572859+00:00,2025-10-17 17:42:15.572860+00:00,,,6.199999809265137,3500.4150390625,0.0
ACP,ACP,ACP,ACP,NASDAQ,5.545000076293945,5.539999961853027,5.619999885559082,5.54 - 5.62,346426,346426,-1.1586462686898276,2025-10-17 17:42:15.573265+00:00,2025-10-17 17:42:15.573265+00:00,,,,,
ACRS,ACRS,ACRS,ACRS,NASDAQ,1.9049999713897705,1.8799999952316284,2.069999933242798,1.88 - 2.07,496472,496472,-7.073169965817754,2025-10-17 17:42:15.573807+00:00,2025-10-17 17:42:15.573808+00:00,,,,,
ACSI,ACSI,ACSI,ACSI,NASDAQ,65.53379821777344,65.53379821777344,65.53379821777344,65.53 - 65.53,36,36,-0.00030268908987444456,2025-10-17 17:42:15.574531+00:00,2025-10-17 17:42:15.574532+00:00,,,54.130001068115234,66.75800323486328,0.6439425326724757
ACT,ACT,ACT,ACT,NASDAQ,35.404998779296875,35.119998931884766,35.4900016784668,35.12 - 35.49,119726,119726,1.0705110278839896,2025-10-17 17:42:15.575268+00:00,2025-10-17 17:42:15.575270+00:00,,,,,
ACTG,ACTG,ACTG,ACTG,NASDAQ,3.545799970626831,3.4619998931884766,3.609999895095825,3.46 - 3.61,169073,169073,-2.049721471767156,2025-10-17 17:42:15.575750+00:00,2025-10-17 17:42:15.575751+00:00,,,,,
ACTV,ACTV,ACTV,ACTV,NASDAQ,33.36000061035156,33.25,33.36000061035156,33.25 - 33.36,3305,3305,-0.20640833520859703,2025-10-17 17:42:15.576206+00:00,2025-10-17 17:42:15.576206+00:00,,,,,
ACVA,ACVA,ACVA,ACVA,NASDAQ,8.538599967956543,8.4399995803833,8.781700134277344,8.44 - 8.78,922613,922613,-1.5155721704857272,2025-10-17 17:42:15.576878+00:00,2025-10-17 17:42:15.576879+00:00,,,,,
ACVT,ACVT,ACVT,ACVT,NASDAQ,26.917699813842773,26.917699813842773,26.920000076293945,26.92 - 26.92,751,751,-0.001112466540974481,2025-10-17 17:42:15.577557+00:00,2025-10-17 17:42:15.577558+00:00,,,,,
ACWV,ACWV,ACWV,ACWV,NASDAQ,119.7697982788086,119.2699966430664,119.94999694824219,119.27 - 119.95,36664,36664,0.5454965725688815,2025-10-17 17:42:15.578203+00:00,2025-10-17 17:42:15.578204+00:00,,,104.94000244140625,121.05999755859375,2.3478373015658156
ACXP,ACXP,ACXP,ACXP,NASDAQ,6.650000095367432,6.650000095367432,7.110000133514404,6.65 - 7.11,47745,47745,-5.405406871976146,2025-10-17 17:42:15.578830+00:00,2025-10-17 17:42:15.578831+00:00,,,,,
ADAG,ADAG,ADAG,ADAG,NASDAQ,1.842900037765503,1.7822999954223633,1.8499000072479248,1.78 - 1.85,17608,17608,3.533711650940193,2025-10-17 17:42:15.579268+00:00,2025-10-17 17:42:15.579269+00:00,,,,,
ADAP,ADAP,ADAP,ADAP,NASDAQ,0.1914999932050705,0.17499999701976776,0.218299999833107,0.17 - 0.22,26404087,26404087,-1.7948716773083886,2025-10-17 17:42:15.580219+00:00,2025-10-17 17:42:15.580220+00:00,,,0.03999999910593033,0.8799999952316284,0.0
ADBG,ADBG,ADBG,ADBG,NASDAQ,9.569999694824219,9.359999656677246,9.648099899291992,9.36 - 9.65,329647,329647,1.3771199175799058,2025-10-17 17:42:15.580711+00:00,2025-10-17 17:42:15.580712+00:00,,,,,
ADC,ADC,ADC,ADC,NASDAQ,74.93000030517578,74.19999694824219,75.01000213623047,74.20 - 75.01,347829,347829,0.5097213116867991,2025-10-17 17:42:15.581189+00:00,2025-10-17 17:42:15.581190+00:00,,,,,
ADEA,ADEA,ADEA,ADEA,NASDAQ,16.489999771118164,16.010000228881836,16.690000534057617,16.01 - 16.69,258895,258895,-0.7224613776269966,2025-10-17 17:42:15.586729+00:00,2025-10-17 17:42:15.586731+00:00,,,10.59000015258789,18.25,1.2128562933657232
ADFI,ADFI,ADFI,ADFI,NASDAQ,8.649999618530273,8.630000114440918,8.649999618530273,8.63 - 8.65,26479,26479,-0.09240441034167161,2025-10-17 17:42:15.588080+00:00,2025-10-17 17:42:15.588082+00:00,,,7.940000057220459,8.6899995803833,3.2254336682549485
ADGM,ADGM,ADGM,ADGM,NASDAQ,1.399999976158142,1.3300000429153442,1.479599952697754,1.33 - 1.48,78115,78115,-5.405408235428679,2025-10-17 17:42:15.588623+00:00,2025-10-17 17:42:15.588624+00:00,,,,,
ADIL,ADIL,ADIL,ADIL,NASDAQ,0.3617999851703644,0.3517000079154968,0.3799000084400177,0.35 - 0.38,195219,195219,-2.2162214844133854,2025-10-17 17:42:15.589047+00:00,2025-10-17 17:42:15.589047+00:00,,,,,
ADM,ADM,ADM,ADM,NASDAQ,62.939998626708984,61.86000061035156,63.35200119018555,61.86 - 63.35,1203610,1203610,0.0635883940537301,2025-10-17 17:42:15.589633+00:00,2025-10-17 17:42:15.589634+00:00,,,,,
ADMA,ADMA,ADMA,ADMA,NASDAQ,14.375,14.300000190734863,14.600000381469727,14.30 - 14.60,907462,907462,-1.2706072409685374,2025-10-17 17:42:15.590049+00:00,2025-10-17 17:42:15.590049+00:00,,,,,
ADN,ADN,ADN,ADN,NASDAQ,3.2249999046325684,3.2000999450683594,3.4700000286102295,3.20 - 3.47,38278,38278,-6.791911298366929,2025-10-17 17:42:15.590623+00:00,2025-10-17 17:42:15.590624+00:00,,,,,
ADNT,ADNT,ADNT,ADNT,NASDAQ,22.860000610351562,22.55500030517578,23.139999389648438,22.56 - 23.14,299768,299768,-0.9532032672518568,2025-10-17 17:42:15.591029+00:00,2025-10-17 17:42:15.591029+00:00,,,,,
ADPV,ADPV,ADPV,ADPV,NASDAQ,43.52000045776367,43.350101470947266,43.9900016784668,43.35 - 43.99,65726,65726,-2.037138536497487,2025-10-17 17:42:15.591585+00:00,2025-10-17 17:42:15.591586+00:00,,,,,
ADSE,ADSE,ADSE,ADSE,NASDAQ,10.010000228881836,9.800000190734863,10.300000190734863,9.80 - 10.30,18161,18161,-3.191488576752704,2025-10-17 17:42:15.592013+00:00,2025-10-17 17:42:15.592014+00:00,,,7.889999866485596,16.350000381469727,0.0
ADTN,ADTN,ADTN,ADTN,NASDAQ,9.128700256347656,9.029999732971191,9.399999618530273,9.03 - 9.40,465434,465434,-2.9893687101579998,2025-10-17 17:42:15.592586+00:00,2025-10-17 17:42:15.592587+00:00,,,,,
ADUS,ADUS,ADUS,ADUS,NASDAQ,118.5199966430664,113.62000274658203,119.56500244140625,113.62 - 119.57,76488,76488,1.1867151218667649,2025-10-17 17:42:15.593202+00:00,2025-10-17 17:42:15.593203+00:00,,,,,
ADV,ADV,ADV,ADV,NASDAQ,1.3834999799728394,1.375,1.4470000267028809,1.38 - 1.45,161375,161375,-3.9236163196186364,2025-10-17 17:42:15.593637+00:00,2025-10-17 17:42:15.593638+00:00,,,,,
ADVB,ADVB,ADVB,ADVB,NASDAQ,0.42879998683929443,0.39070001244544983,0.4366999864578247,0.39 - 0.44,341962,341962,6.138606908192842,2025-10-17 17:42:15.594094+00:00,2025-10-17 17:42:15.594095+00:00,,,,,
ADVE,ADVE,ADVE,ADVE,NASDAQ,38.687599182128906,38.67359924316406,38.687599182128906,38.67 - 38.69,2,2,-0.0010353164178406908,2025-10-17 17:42:15.594515+00:00,2025-10-17 17:42:15.594515+00:00,,,27.030000686645508,39.45000076293945,4.91371922835195
ADVM,ADVM,ADVM,ADVM,NASDAQ,4.315000057220459,4.2600998878479,4.6184000968933105,4.26 - 4.62,58115,58115,-5.372804575294418,2025-10-17 17:42:15.594909+00:00,2025-10-17 17:42:15.594909+00:00,,,,,
ADX,ADX,ADX,ADX,NASDAQ,22.5,22.422100067138672,22.729900360107422,22.42 - 22.73,192491,192491,-0.04442571648224586,2025-10-17 17:42:15.595312+00:00,2025-10-17 17:42:15.595313+00:00,233650.0,0.8238433554461801,16.5,22.799999237060547,14.888888888888888
AEBI,AEBI,AEBI,AEBI,NASDAQ,11.359999656677246,11.204999923706055,11.470000267028809,11.20 - 11.47,37790,37790,-0.35087687010102087,2025-10-17 17:42:15.595855+00:00,2025-10-17 17:42:15.595855+00:00,,,,,
AEE,AEE,AEE,AEE,NASDAQ,104.76000213623047,104.63999938964844,105.81999969482422,104.64 - 105.82,448389,448389,-0.427713099665448,2025-10-17 17:42:15.596653+00:00,2025-10-17 17:42:15.596654+00:00,,,,,
AEFC,AEFC,AEFC,AEFC,NASDAQ,20.33810043334961,20.25,20.399999618530273,20.25 - 20.40,14338,14338,-0.009339819193853573,2025-10-17 17:42:15.597196+00:00,2025-10-17 17:42:15.597196+00:00,,,,,
AEHL,AEHL,AEHL,AEHL,NASDAQ,3.0,2.950000047683716,3.799999952316284,2.95 - 3.80,160124,160124,-13.04347946272754,2025-10-17 17:42:15.597860+00:00,2025-10-17 17:42:15.597861+00:00,,,,,
AEIS,AEIS,AEIS,AEIS,NASDAQ,192.5449981689453,189.49000549316406,195.22500610351562,189.49 - 195.23,281618,281618,0.1690755104454674,2025-10-17 17:42:15.598425+00:00,2025-10-17 17:42:15.598426+00:00,,,,,
AEM,AEM,AEM,AEM,NASDAQ,172.42999267578125,170.42999267578125,182.08999633789062,170.43 - 182.09,2607859,2607859,-7.055849124202937,2025-10-17 17:42:15.598823+00:00,2025-10-17 17:42:15.598824+00:00,,,75.16999816894531,187.5,0.9279128156135038
AEMS,AEMS,AEMS,AEMS,NASDAQ,10.715200424194336,10.699999809265137,10.720000267028809,10.70 - 10.72,32887,32887,-0.32371698423873546,2025-10-17 17:42:15.599367+00:00,2025-10-17 17:42:15.599368+00:00,,,,,
AENT,AENT,AENT,AENT,NASDAQ,5.804999828338623,5.710000038146973,5.929999828338623,5.71 - 5.93,24828,24828,-3.0884799640819813,2025-10-17 17:42:15.599770+00:00,2025-10-17 17:42:15.599771+00:00,,,2.2100000381469727,11.571999549865723,0.0
AEO,AEO,AEO,AEO,NASDAQ,14.914999961853027,14.699999809265137,15.140000343322754,14.70 - 15.14,2484603,2484603,0.10067344769659485,2025-10-17 17:42:15.600198+00:00,2025-10-17 17:42:15.600199+00:00,,,,,
AEON,AEON,AEON,AEON,NASDAQ,1.1349999904632568,1.1200000047683716,1.4144999980926514,1.12 - 1.41,562044,562044,-18.928570729129156,2025-10-17 17:42:15.600704+00:00,2025-10-17 17:42:15.600705+00:00,,,,,
AEP,AEP,AEP,AEP,NASDAQ,117.31999969482422,116.76010131835938,118.19499969482422,116.76 - 118.19,1083184,1083184,-0.1786770072779478,2025-10-17 17:42:15.601152+00:00,2025-10-17 17:42:15.601152+00:00,,,,,
AES,AES,AES,AES,NASDAQ,14.555000305175781,14.460000038146973,14.710000038146973,14.46 - 14.71,3921706,3921706,-1.7881200749348645,2025-10-17 17:42:15.602034+00:00,2025-10-17 17:42:15.602035+00:00,,,,,
AESI,AESI,AESI,AESI,NASDAQ,10.130200386047363,10.034799575805664,10.375,10.03 - 10.38,1069647,1069647,-1.1687767214891387,2025-10-17 17:42:15.602495+00:00,2025-10-17 17:42:15.602496+00:00,,,,,
AETH,AETH,AETH,AETH,NASDAQ,42.996299743652344,42.88999938964844,42.88999938964844,42.89 - 42.89,521,521,0.0007009049570216615,2025-10-17 17:42:15.602970+00:00,2025-10-17 17:42:15.602971+00:00,,,,,
AEVA,AEVA,AEVA,AEVA,NASDAQ,16.565000534057617,16.174999237060547,16.989999771118164,16.17 - 16.99,1058738,1058738,-3.2700698741161043,2025-10-17 17:42:15.603705+00:00,2025-10-17 17:42:15.603706+00:00,,,2.5199999809265137,38.79999923706055,0.0
AFB,AFB,AFB,AFB,NASDAQ,10.920000076293945,10.885000228881836,10.979999542236328,10.89 - 10.98,42456,42456,-0.1828108304978084,2025-10-17 17:42:15.608718+00:00,2025-10-17 17:42:15.608720+00:00,,,,,
AFBI,AFBI,AFBI,AFBI,NASDAQ,18.510000228881836,18.350000381469727,18.600000381469727,18.35 - 18.60,1215,1215,-0.856989002454626,2025-10-17 17:42:15.610794+00:00,2025-10-17 17:42:15.610796+00:00,,,17.0,22.5,8.103727614543702
AFCG,AFCG,AFCG,AFCG,NASDAQ,3.4047999382019043,3.3499999046325684,3.494999885559082,3.35 - 3.49,94383,94383,-0.7346976112196584,2025-10-17 17:42:15.612133+00:00,2025-10-17 17:42:15.612135+00:00,,,,,
AFGB,AFGB,AFGB,AFGB,NASDAQ,22.3799991607666,22.3799991607666,22.510000228881836,22.38 - 22.51,3882,3882,-0.6216753736734738,2025-10-17 17:42:15.612883+00:00,2025-10-17 17:42:15.612884+00:00,,,20.47800064086914,25.0,6.559428306742239
AFGC,AFGC,AFGC,AFGC,NASDAQ,19.866600036621094,19.700000762939453,19.8700008392334,19.70 - 19.87,5320,5320,1.1022922254235699,2025-10-17 17:42:15.613376+00:00,2025-10-17 17:42:15.613377+00:00,,,,,
AFGD,AFGD,AFGD,AFGD,NASDAQ,21.81999969482422,21.81999969482422,21.81999969482422,21.82 - 21.82,727,727,-0.27422060440463303,2025-10-17 17:42:15.613851+00:00,2025-10-17 17:42:15.613852+00:00,,,,,
AFGE,AFGE,AFGE,AFGE,NASDAQ,18.049999237060547,18.049999237060547,18.049999237060547,18.05 - 18.05,1539,1539,0.22209332409983154,2025-10-17 17:42:15.614278+00:00,2025-10-17 17:42:15.614279+00:00,,,16.110000610351562,20.7549991607666,6.227147077614194
AFIF,AFIF,AFIF,AFIF,NASDAQ,9.390000343322754,9.390000343322754,9.420000076293945,9.39 - 9.42,11129,11129,0.0,2025-10-17 17:42:15.614685+00:00,2025-10-17 17:42:15.614686+00:00,,,,,
AFIX,AFIX,AFIX,AFIX,NASDAQ,25.534900665283203,25.510000228881836,25.530000686645508,25.51 - 25.53,3901,3901,-0.00038841640688829605,2025-10-17 17:42:15.615092+00:00,2025-10-17 17:42:15.615093+00:00,,,,,
AFK,AFK,AFK,AFK,NASDAQ,24.329999923706055,24.16010093688965,24.690000534057617,24.16 - 24.69,36912,36912,-1.8159836580713598,2025-10-17 17:42:15.615929+00:00,2025-10-17 17:42:15.615930+00:00,,,,,
AFLG,AFLG,AFLG,AFLG,NASDAQ,38.349998474121094,38.273799896240234,38.461700439453125,38.27 - 38.46,22995,22995,0.03651904084878609,2025-10-17 17:42:15.616519+00:00,2025-10-17 17:42:15.616519+00:00,,,29.110000610351562,39.22999954223633,0.6962190629034155
AFMC,AFMC,AFMC,AFMC,NASDAQ,33.400001525878906,33.33539962768555,33.63999938964844,33.34 - 33.64,6182,6182,-0.2836166861776755,2025-10-17 17:42:15.616963+00:00,2025-10-17 17:42:15.616964+00:00,,,,,
AFRI,AFRI,AFRI,AFRI,NASDAQ,8.623200416564941,8.623200416564941,8.623200416564941,8.62 - 8.62,813,813,-0.07879139960378866,2025-10-17 17:42:15.617910+00:00,2025-10-17 17:42:15.617911+00:00,,,,,
AFSM,AFSM,AFSM,AFSM,NASDAQ,31.71500015258789,31.71500015258789,31.75,31.72 - 31.75,2114,2114,-0.16997371234151082,2025-10-17 17:42:15.618797+00:00,2025-10-17 17:42:15.618798+00:00,,,24.41900062561035,33.52000045776367,0.6716064921179563
AFYA,AFYA,AFYA,AFYA,NASDAQ,14.850000381469727,14.75,14.90999984741211,14.75 - 14.91,31733,31733,0.5416379229968384,2025-10-17 17:42:15.619697+00:00,2025-10-17 17:42:15.619698+00:00,,,,,
AGCO,AGCO,AGCO,AGCO,NASDAQ,107.46499633789062,107.18000030517578,109.69000244140625,107.18 - 109.69,259078,259078,-1.3358445239760661,2025-10-17 17:42:15.620500+00:00,2025-10-17 17:42:15.620501+00:00,,,,,
AGD,AGD,AGD,AGD,NASDAQ,11.350000381469727,11.279999732971191,11.39799976348877,11.28 - 11.40,92767,92767,0.4424795565566416,2025-10-17 17:42:15.620949+00:00,2025-10-17 17:42:15.620950+00:00,,,,,
AGEM,AGEM,AGEM,AGEM,NASDAQ,37.18000030517578,37.09000015258789,37.26890182495117,37.09 - 37.27,2471,2471,-0.2227415452804754,2025-10-17 17:42:15.621449+00:00,2025-10-17 17:42:15.621450+00:00,,,,,
AGG,AGG,AGG,AGG,NASDAQ,100.98500061035156,100.8550033569336,101.01000213623047,100.86 - 101.01,6454686,6454686,-0.11374665232954245,2025-10-17 17:42:15.623000+00:00,2025-10-17 17:42:15.623001+00:00,,,,,
AGGA,AGGA,AGGA,AGGA,NASDAQ,25.3927001953125,25.3799991607666,25.45989990234375,25.38 - 25.46,29039,29039,-0.04841759890002183,2025-10-17 17:42:15.623555+00:00,2025-10-17 17:42:15.623556+00:00,,,24.791000366210938,25.59000015258789,1.8666782041852352
AGGH,AGGH,AGGH,AGGH,NASDAQ,20.929899215698242,20.900299072265625,20.959999084472656,20.90 - 20.96,44402,44402,-0.09595010266906802,2025-10-17 17:42:15.624156+00:00,2025-10-17 17:42:15.624158+00:00,,,,,
AGGS,AGGS,AGGS,AGGS,NASDAQ,41.98500061035156,41.86909866333008,41.98500061035156,41.87 - 41.99,604,604,0.0,2025-10-17 17:42:15.624666+00:00,2025-10-17 17:42:15.624667+00:00,,,,,
AGI,AGI,AGI,AGI,NASDAQ,34.380001068115234,34.08000183105469,36.529998779296875,34.08 - 36.53,3685410,3685410,-8.246597416390228,2025-10-17 17:42:15.625457+00:00,2025-10-17 17:42:15.625458+00:00,,,17.43000030517578,37.540000915527344,0.2181500804825648
AGIO,AGIO,AGIO,AGIO,NASDAQ,42.560001373291016,41.85499954223633,43.689998626708984,41.85 - 43.69,361397,361397,2.5048191330953555,2025-10-17 17:42:15.631296+00:00,2025-10-17 17:42:15.631298+00:00,,,23.420000076293945,62.58000183105469,0.0
AGIX,AGIX,AGIX,AGIX,NASDAQ,37.20000076293945,37.0,37.415000915527344,37.00 - 37.42,13525,13525,-1.0664635462124565,2025-10-17 17:42:15.632210+00:00,2025-10-17 17:42:15.632212+00:00,,,20.815000534057617,38.7599983215332,0.2956989186666567
AGL,AGL,AGL,AGL,NASDAQ,0.9538999795913696,0.9078999757766724,0.9900000095367432,0.91 - 0.99,4670613,4670613,-1.150258495777613,2025-10-17 17:42:15.637008+00:00,2025-10-17 17:42:15.637010+00:00,,,,,
AGM,AGM,AGM,AGM,NASDAQ,156.38999938964844,156.0,158.86000061035156,156.00 - 158.86,36691,36691,0.7342991237671095,2025-10-17 17:42:15.638470+00:00,2025-10-17 17:42:15.638471+00:00,,,,,
AGMH,AGMH,AGMH,AGMH,NASDAQ,5.017899990081787,4.550000190734863,5.170000076293945,4.55 - 5.17,127415,127415,8.84815281461658,2025-10-17 17:42:15.639080+00:00,2025-10-17 17:42:15.639081+00:00,,,,,
AGMI,AGMI,AGMI,AGMI,NASDAQ,56.20000076293945,56.15999984741211,59.650001525878906,56.16 - 59.65,10049,10049,-7.279084643835714,2025-10-17 17:42:15.639592+00:00,2025-10-17 17:42:15.639593+00:00,,,24.26099967956543,61.22999954223633,0.7918149358699849
AGNC,AGNC,AGNC,AGNC,NASDAQ,9.914999961853027,9.859999656677246,9.954999923706055,9.86 - 9.95,9730137,9730137,-0.05040437905708144,2025-10-17 17:42:15.640080+00:00,2025-10-17 17:42:15.640081+00:00,,,7.849999904632568,10.630000114440918,14.523449375090836
AGNCL,AGNCL,AGNCL,AGNCL,NASDAQ,24.510000228881836,24.43000030517578,24.73259925842285,24.43 - 24.73,4042,4042,0.41378110742649293,2025-10-17 17:42:15.640543+00:00,2025-10-17 17:42:15.640544+00:00,,,22.84000015258789,26.59000015258789,7.89881673570397
AGNCM,AGNCM,AGNCM,AGNCM,NASDAQ,24.700000762939453,24.700000762939453,24.799999237060547,24.70 - 24.80,2299,2299,-0.40321966611861154,2025-10-17 17:42:15.640939+00:00,2025-10-17 17:42:15.640940+00:00,,,,,
AGNCN,AGNCN,AGNCN,AGNCN,NASDAQ,25.450000762939453,25.42009925842285,25.677600860595703,25.42 - 25.68,8908,8908,-0.31335652782767787,2025-10-17 17:42:15.641372+00:00,2025-10-17 17:42:15.641373+00:00,,,23.632999420166016,26.589000701904297,9.717092046618745
AGNCO,AGNCO,AGNCO,AGNCO,NASDAQ,25.190099716186523,25.170000076293945,25.239999771118164,25.17 - 25.24,7005,7005,0.04010885976306458,2025-10-17 17:42:15.641771+00:00,2025-10-17 17:42:15.641772+00:00,,,,,
AGNG,AGNG,AGNG,AGNG,NASDAQ,33.939998626708984,33.83169937133789,34.06999969482422,33.83 - 34.07,5321,5321,-0.06772848000555307,2025-10-17 17:42:15.642321+00:00,2025-10-17 17:42:15.642321+00:00,,,,,
AGO,AGO,AGO,AGO,NASDAQ,79.41999816894531,78.77010345458984,79.83999633789062,78.77 - 79.84,74533,74533,0.35380184667211284,2025-10-17 17:42:15.642711+00:00,2025-10-17 17:42:15.642711+00:00,,,74.08999633789062,96.5,1.246537424861221
AGOX,AGOX,AGOX,AGOX,NASDAQ,30.653400421142578,30.520000457763672,30.829999923706055,30.52 - 30.83,12255,12255,-0.4113068962921032,2025-10-17 17:42:15.643512+00:00,2025-10-17 17:42:15.643512+00:00,,,,,
AGQ,AGQ,AGQ,AGQ,NASDAQ,86.75,84.5,93.06500244140625,84.50 - 93.07,7275004,7275004,-10.95257479931528,2025-10-17 17:42:15.643924+00:00,2025-10-17 17:42:15.643925+00:00,,,31.8799991607666,98.97000122070312,0.0
AGQI,AGQI,AGQI,AGQI,NASDAQ,16.190000534057617,16.149999618530273,16.190000534057617,16.15 - 16.19,476,476,-0.28331810054579587,2025-10-17 17:42:15.644345+00:00,2025-10-17 17:42:15.644346+00:00,,,,,
AGRI,AGRI,AGRI,AGRI,NASDAQ,3.630000114440918,3.5350000858306885,3.6500000953674316,3.54 - 3.65,109722,109722,0.5540227126394939,2025-10-17 17:42:15.644886+00:00,2025-10-17 17:42:15.644887+00:00,,,,,
AGRO,AGRO,AGRO,AGRO,NASDAQ,7.614999771118164,7.565000057220459,7.649899959564209,7.57 - 7.65,125655,125655,0.0656982590807244,2025-10-17 17:42:15.645312+00:00,2025-10-17 17:42:15.645313+00:00,,,,,
AGYS,AGYS,AGYS,AGYS,NASDAQ,110.02999877929688,107.77999877929688,110.83000183105469,107.78 - 110.83,60482,60482,0.7600749581047018,2025-10-17 17:42:15.646227+00:00,2025-10-17 17:42:15.646228+00:00,,,63.709999084472656,142.63999938964844,0.0
AGZD,AGZD,AGZD,AGZD,NASDAQ,22.454999923706055,22.440000534057617,22.459999084472656,22.44 - 22.46,1079,1079,-0.06675295997682999,2025-10-17 17:42:15.646785+00:00,2025-10-17 17:42:15.646786+00:00,,,,,
AHCO,AHCO,AHCO,AHCO,NASDAQ,9.170000076293945,8.989999771118164,9.220000267028809,8.99 - 9.22,284317,284317,0.43811567745502455,2025-10-17 17:42:15.647247+00:00,2025-10-17 17:42:15.647247+00:00,,,,,
AHG,AHG,AHG,AHG,NASDAQ,1.6799999475479126,1.6799999475479126,1.7100000381469727,1.68 - 1.71,3941,3941,1.2048181523292238,2025-10-17 17:42:15.647707+00:00,2025-10-17 17:42:15.647708+00:00,,,0.7400000095367432,2.3529999256134033,0.0
AHH,AHH,AHH,AHH,NASDAQ,6.585000038146973,6.579999923706055,6.65500020980835,6.58 - 6.66,274639,274639,-0.3782162611567088,2025-10-17 17:42:15.648140+00:00,2025-10-17 17:42:15.648140+00:00,,,,,
AHT,AHT,AHT,AHT,NASDAQ,5.129700183868408,4.960000038146973,5.371399879455566,4.96 - 5.37,50550,50550,-1.3519159226019903,2025-10-17 17:42:15.649208+00:00,2025-10-17 17:42:15.649209+00:00,,,,,
AHYB,AHYB,AHYB,AHYB,NASDAQ,46.599998474121094,46.639400482177734,46.639400482177734,46.64 - 46.64,521,521,0.02789763900160352,2025-10-17 17:42:15.649633+00:00,2025-10-17 17:42:15.649634+00:00,,,,,
AI,AI,AI,AI,NASDAQ,17.66010093688965,17.5,18.079999923706055,17.50 - 18.08,3290445,3290445,-2.2142776349847884,2025-10-17 17:42:15.650054+00:00,2025-10-17 17:42:15.650054+00:00,,,,,
AIBD,AIBD,AIBD,AIBD,NASDAQ,7.210000038146973,7.204999923706055,7.420000076293945,7.20 - 7.42,42597,42597,0.2781638493372328,2025-10-17 17:42:15.650680+00:00,2025-10-17 17:42:15.650681+00:00,,,6.769999980926514,25.165000915527344,6.546463210856067
AIEQ,AIEQ,AIEQ,AIEQ,NASDAQ,44.7400016784668,44.619998931884766,44.74760055541992,44.62 - 44.75,1136,1136,0.17241000852654867,2025-10-17 17:42:15.651157+00:00,2025-10-17 17:42:15.651158+00:00,,,,,
AIFD,AIFD,AIFD,AIFD,NASDAQ,35.71099853515625,35.71099853515625,35.880001068115234,35.71 - 35.88,2948,2948,-1.0638666645247856,2025-10-17 17:42:15.652034+00:00,2025-10-17 17:42:15.652035+00:00,,,20.0,37.08000183105469,0.0
AIG,AIG,AIG,AIG,NASDAQ,77.43499755859375,77.19000244140625,78.20500183105469,77.19 - 78.21,1517249,1517249,0.5388222976048436,2025-10-17 17:42:15.652752+00:00,2025-10-17 17:42:15.652753+00:00,,,,,
AIHS,AIHS,AIHS,AIHS,NASDAQ,1.972499966621399,1.9500000476837158,2.0,1.95 - 2.00,42979,42979,1.1538419685891477,2025-10-17 17:42:15.653301+00:00,2025-10-17 17:42:15.653302+00:00,,,,,
AII,AII,AII,AII,NASDAQ,22.700000762939453,22.290000915527344,23.440000534057617,22.29 - 23.44,18194,18194,-1.731600051622266,2025-10-17 17:42:15.653817+00:00,2025-10-17 17:42:15.653818+00:00,,,15.774999618530273,24.5,0.0
AIMD,AIMD,AIMD,AIMD,NASDAQ,3.930000066757202,3.9200000762939453,4.03000020980835,3.92 - 4.03,30692,30692,-2.481392998634684,2025-10-17 17:42:15.654902+00:00,2025-10-17 17:42:15.654903+00:00,,,2.0,5.0,0.0
AINP,AINP,AINP,AINP,NASDAQ,25.47949981689453,25.4768009185791,25.479999542236328,25.48 - 25.48,2964,2964,-0.03727295468870348,2025-10-17 17:42:15.655578+00:00,2025-10-17 17:42:15.655579+00:00,,,,,
AIO,AIO,AIO,AIO,NASDAQ,23.6200008392334,23.450000762939453,23.98419952392578,23.45 - 23.98,36822,36822,-0.7145862536852154,2025-10-17 17:42:15.656089+00:00,2025-10-17 17:42:15.656090+00:00,,,,,
AIOO,AIOO,AIOO,AIOO,NASDAQ,25.520000457763672,25.520000457763672,25.600000381469727,25.52 - 25.60,7787,7787,-0.04308362189598267,2025-10-17 17:42:15.656725+00:00,2025-10-17 17:42:15.656726+00:00,5274.0,1.4764884338263178,25.020000457763672,25.6200008392334,0.0
AIOT,AIOT,AIOT,AIOT,NASDAQ,5.559999942779541,5.46999979019165,5.635000228881836,5.47 - 5.64,1402748,1402748,0.18017570632468194,2025-10-17 17:42:15.657295+00:00,2025-10-17 17:42:15.657296+00:00,,,3.700000047683716,8.710000038146973,0.0
AIP,AIP,AIP,AIP,NASDAQ,12.954999923706055,12.829999923706055,13.949999809265137,12.83 - 13.95,336598,336598,-8.120570402738682,2025-10-17 17:42:15.663484+00:00,2025-10-17 17:42:15.663486+00:00,,,5.460000038146973,14.880000114440918,0.0
AIRE,AIRE,AIRE,AIRE,NASDAQ,0.4189999997615814,0.4099999964237213,0.436599999666214,0.41 - 0.44,2140160,2140160,-2.3310001610992708,2025-10-17 17:42:15.665049+00:00,2025-10-17 17:42:15.665050+00:00,,,0.14000000059604645,4.489999771118164,0.0
AIRG,AIRG,AIRG,AIRG,NASDAQ,4.100100040435791,4.079999923706055,4.138000011444092,4.08 - 4.14,6969,6969,-0.7239727161405795,2025-10-17 17:42:15.665584+00:00,2025-10-17 17:42:15.665585+00:00,,,,,
AIRJ,AIRJ,AIRJ,AIRJ,NASDAQ,5.260000228881836,5.174200057983398,5.53000020980835,5.17 - 5.53,115224,115224,-4.3636322021484375,2025-10-17 17:42:15.666167+00:00,2025-10-17 17:42:15.666168+00:00,,,3.740000009536743,11.600000381469727,0.0
AIRO,AIRO,AIRO,AIRO,NASDAQ,17.475000381469727,17.149999618530273,18.689899444580078,17.15 - 18.69,1260060,1260060,-7.047866539158376,2025-10-17 17:42:15.667067+00:00,2025-10-17 17:42:15.667068+00:00,,,12.899999618530273,39.06999969482422,0.0
AIRS,AIRS,AIRS,AIRS,NASDAQ,9.430000305175781,8.90999984741211,9.459600448608398,8.91 - 9.46,339912,339912,-0.6322388555264775,2025-10-17 17:42:15.667488+00:00,2025-10-17 17:42:15.667489+00:00,,,,,
AIRTP,AIRTP,AIRTP,AIRTP,NASDAQ,19.190000534057617,19.190000534057617,19.239999771118164,19.19 - 19.24,451,451,0.20888206957788832,2025-10-17 17:42:15.667890+00:00,2025-10-17 17:42:15.667891+00:00,,,,,
AISP,AISP,AISP,AISP,NASDAQ,5.005000114440918,4.965000152587891,5.329699993133545,4.97 - 5.33,1181356,1181356,-4.847910709979676,2025-10-17 17:42:15.668515+00:00,2025-10-17 17:42:15.668516+00:00,,,,,
AIV,AIV,AIV,AIV,NASDAQ,5.525000095367432,5.5,5.59499979019165,5.50 - 5.59,1462435,1462435,-0.45045215330202415,2025-10-17 17:42:15.669054+00:00,2025-10-17 17:42:15.669055+00:00,,,,,
AIVC,AIVC,AIVC,AIVC,NASDAQ,66.54000091552734,66.54000091552734,67.14949798583984,66.54 - 67.15,1440,1440,-0.7310127893376506,2025-10-17 17:42:15.669472+00:00,2025-10-17 17:42:15.669473+00:00,,,35.689998626708984,68.91999816894531,0.13976555263061038
AIVI,AIVI,AIVI,AIVI,NASDAQ,49.69900131225586,49.6797981262207,49.720001220703125,49.68 - 49.72,1915,1915,0.0785369814007006,2025-10-17 17:42:15.669871+00:00,2025-10-17 17:42:15.669872+00:00,,,38.4900016784668,51.31999969482422,3.766675286367096
AIVL,AIVL,AIVL,AIVL,NASDAQ,113.11000061035156,112.72000122070312,113.33999633789062,112.72 - 113.34,1680,1680,0.5779846444696013,2025-10-17 17:42:15.670291+00:00,2025-10-17 17:42:15.670292+00:00,,,,,
AIXI,AIXI,AIXI,AIXI,NASDAQ,1.2999999523162842,1.2700999975204468,1.3700000047683716,1.27 - 1.37,103542,103542,-7.670457431784854,2025-10-17 17:42:15.670757+00:00,2025-10-17 17:42:15.670758+00:00,,,1.0800000429153442,7.199999809265137,0.0
AIZ,AIZ,AIZ,AIZ,NASDAQ,207.72000122070312,207.0,209.6649932861328,207.00 - 209.66,98744,98744,0.009631330166038695,2025-10-17 17:42:15.671329+00:00,2025-10-17 17:42:15.671330+00:00,,,,,
AIZN,AIZN,AIZN,AIZN,NASDAQ,20.540000915527344,20.1299991607666,20.58989906311035,20.13 - 20.59,26094,26094,1.0329611048173921,2025-10-17 17:42:15.671749+00:00,2025-10-17 17:42:15.671750+00:00,,,18.010000228881836,23.139999389648438,6.387536229407786
AJAN,AJAN,AJAN,AJAN,NASDAQ,27.5,27.5,27.530000686645508,27.50 - 27.53,883,883,-0.05088296502108108,2025-10-17 17:42:15.672205+00:00,2025-10-17 17:42:15.672205+00:00,,,25.110000610351562,27.55500030517578,0.0
AJG,AJG,AJG,AJG,NASDAQ,279.4150085449219,277.95001220703125,284.29998779296875,277.95 - 284.30,684520,684520,-0.2694809746322985,2025-10-17 17:42:15.672608+00:00,2025-10-17 17:42:15.672609+00:00,,,275.55999755859375,351.2300109863281,0.9126209838474132
ADBE,ADBE,ADBE,ADBE,NASDAQ,331.625,327.70001220703125,333.1099853515625,327.70 - 333.11,2277839,2277839,0.7274516094376741,2025-10-17 17:42:19.187639+00:00,2025-10-17 17:42:19.187642+00:00,4274223.0,0.5329246976584984,327.5,557.9000244140625,0.0
BE,BE,BE,BE,NASDAQ,109.56500244140625,106.3499984741211,114.20999908447266,106.35 - 114.21,6838191,6838191,-4.800585691447626,2025-10-17 17:42:19.188800+00:00,2025-10-17 17:42:19.188802+00:00,13390013.0,0.51069338020807,9.020000457763672,125.74500274658203,0.0
BILI,BILI,BILI,BILI,NASDAQ,27.239999771118164,26.739999771118164,27.340599060058594,26.74 - 27.34,901808,901808,-0.1832214830770865,2025-10-17 17:42:19.189200+00:00,2025-10-17 17:42:19.189200+00:00,3268554.0,0.2759042683706618,14.470000267028809,30.920000076293945,0.0
BLDP,BLDP,BLDP,BLDP,NASDAQ,3.619999885559082,3.5299999713897705,3.6898999214172363,3.53 - 3.69,6100882,6100882,-1.3624029889763567,2025-10-17 17:42:19.189593+00:00,2025-10-17 17:42:19.189594+00:00,6795345.0,0.8978031284651479,1.0,4.099999904632568,0.0
BNTX,BNTX,BNTX,BNTX,NASDAQ,105.02999877929688,103.0999984741211,105.41999816894531,103.10 - 105.42,219855,219855,-0.047585697455740726,2025-10-17 17:42:19.189959+00:00,2025-10-17 17:42:19.189960+00:00,878690.0,0.25020769554677985,81.19999694824219,129.27000427246094,0.0
EXPD,EXPD,EXPD,EXPD,NASDAQ,119.41999816894531,117.97010040283203,120.03949737548828,117.97 - 120.04,270715,270715,0.9894276270150635,2025-10-17 17:42:19.191252+00:00,2025-10-17 17:42:19.191253+00:00,1203478.0,0.22494387101384486,100.47000122070312,129.14999389648438,1.256071029140301
FOX,FOX,FOX,FOX,NASDAQ,51.560001373291016,51.369998931884766,51.90999984741211,51.37 - 51.91,273807,273807,0.5656347043847739,2025-10-17 17:42:19.191954+00:00,2025-10-17 17:42:19.191955+00:00,1776157.0,0.15415698049215243,38.15999984741211,59.290000915527344,1.0667183579341595
FOXA,FOXA,FOXA,FOXA,NASDAQ,57.58000183105469,57.15999984741211,57.91999816894531,57.16 - 57.92,800392,800392,1.0175470720257676,2025-10-17 17:42:19.192273+00:00,2025-10-17 17:42:19.192273+00:00,3578760.0,0.22365064994579129,41.59000015258789,65.30000305175781,0.9551927448938843
FTNT,FTNT,FTNT,FTNT,NASDAQ,83.33000183105469,82.30999755859375,83.54000091552734,82.31 - 83.54,1657236,1657236,0.2285331282187942,2025-10-17 17:42:19.192571+00:00,2025-10-17 17:42:19.192572+00:00,7203328.0,0.23006532536072216,70.12000274658203,114.81999969482422,0.0
HOOD,HOOD,HOOD,HOOD,NASDAQ,129.3350067138672,125.5999984741211,130.58169555664062,125.60 - 130.58,17298087,17298087,-1.6014878944310993,2025-10-17 17:42:19.193157+00:00,2025-10-17 17:42:19.193158+00:00,40102540.0,0.4313464184562873,23.0,153.86000061035156,0.0
ISRG,ISRG,ISRG,ISRG,NASDAQ,443.80999755859375,434.57000732421875,445.5799865722656,434.57 - 445.58,1113253,1113253,2.114491405055658,2025-10-17 17:42:19.193716+00:00,2025-10-17 17:42:19.193717+00:00,2258091.0,0.4930062605980007,425.0,616.0,0.0
MDLZ,MDLZ,MDLZ,MDLZ,NASDAQ,62.380001068115234,61.560001373291016,62.70000076293945,61.56 - 62.70,2873371,2873371,1.266238008628895,2025-10-17 17:42:19.194430+00:00,2025-10-17 17:42:19.194431+00:00,7361675.0,0.3903148400330088,53.95000076293945,72.3499984741211,3.0618787548823443
NVDA,NVDA,NVDA,NVDA,NASDAQ,182.30169677734375,179.8000030517578,183.52999877929688,179.80 - 183.53,116157094,116157094,0.27044674404746916,2025-10-17 17:42:19.195259+00:00,2025-10-17 17:42:19.195259+00:00,174361121.0,0.6661868961028302,86.62000274658203,195.6199951171875,0.021941649862345744
PEP,PEP,PEP,PEP,NASDAQ,153.5749969482422,151.73500061035156,153.82000732421875,151.74 - 153.82,2725917,2725917,0.5927810245307,2025-10-17 17:42:19.196040+00:00,2025-10-17 17:42:19.196041+00:00,7961788.0,0.342374979087612,127.5999984741211,177.5,3.617776402673465
QCOM,QCOM,QCOM,QCOM,NASDAQ,162.22000122070312,161.6699981689453,163.7899932861328,161.67 - 163.79,2490167,2490167,-1.1335937284220146,2025-10-17 17:42:19.196464+00:00,2025-10-17 17:42:19.196465+00:00,7823717.0,0.3182843909103563,120.80000305175781,182.10000610351562,2.1452348500881837
RBLX,RBLX,RBLX,RBLX,NASDAQ,132.83999633789062,131.05999755859375,135.6804962158203,131.06 - 135.68,1663775,1663775,-1.2268637726818334,2025-10-17 17:42:19.196827+00:00,2025-10-17 17:42:19.196827+00:00,8246954.0,0.20174418336758032,39.29999923706055,150.58999633789062,0.0
SOFI,SOFI,SOFI,SOFI,NASDAQ,26.65999984741211,26.010000228881836,26.920000076293945,26.01 - 26.92,33144969,33144969,0.22556189880425737,2025-10-17 17:42:19.197535+00:00,2025-10-17 17:42:19.197536+00:00,71106828.0,0.4661292021070044,8.600000381469727,30.299999237060547,0.0
TEAM,TEAM,TEAM,TEAM,NASDAQ,150.97999572753906,149.2100067138672,151.9499969482422,149.21 - 151.95,1193388,1193388,0.5661698641720839,2025-10-17 17:42:19.197989+00:00,2025-10-17 17:42:19.197989+00:00,2623568.0,0.45487214358461453,144.32000732421875,326.0,0.0
ZS,ZS,ZS,ZS,NASDAQ,299.4224853515625,295.2701110839844,300.5799865722656,295.27 - 300.58,388531,388531,0.06098620610318948,2025-10-17 17:42:19.198958+00:00,2025-10-17 17:42:19.198959+00:00,1550630.0,0.2505633194250079,164.77999877929688,319.8900146484375,0.0
AAA,AAA,AAA,AAA,NASDAQ,24.989999771118164,24.989999771118164,24.9950008392334,24.99 - 25.00,1407,1407,-0.07996984238558749,2025-10-17 17:42:19.199356+00:00,2025-10-17 17:42:19.199356+00:00,9642.0,0.14592408214063474,24.329999923706055,25.399999618530273,5.334133702316379
AAM,AAM,AAM,AAM,NASDAQ,10.529999732971191,10.529999732971191,10.529999732971191,10.53 - 10.53,592,592,0.0,2025-10-17 17:42:19.200090+00:00,2025-10-17 17:42:19.200091+00:00,31799.0,0.018616937639548414,10.020000457763672,10.789999961853027,0.0
AAXJ,AAXJ,AAXJ,AAXJ,NASDAQ,92.66999816894531,92.21499633789062,92.8499984741211,92.21 - 92.85,806704,806704,-0.19386139809786906,2025-10-17 17:42:19.201327+00:00,2025-10-17 17:42:19.201328+00:00,499494.0,1.6150424229320073,64.33000183105469,94.1500015258789,1.7632459612452769
ABM,ABM,ABM,ABM,NASDAQ,44.790000915527344,44.55500030517578,45.005001068115234,44.56 - 45.01,159018,159018,0.22376883394798985,2025-10-17 17:42:19.202670+00:00,2025-10-17 17:42:19.202671+00:00,513386.0,0.3097435457920551,40.849998474121094,59.150001525878906,2.3665996390558903
ABNY,ABNY,ABNY,ABNY,NASDAQ,9.742400169372559,9.625,9.752599716186523,9.62 - 9.75,9154,9154,2.121595475145238,2025-10-17 17:42:19.202977+00:00,2025-10-17 17:42:19.202978+00:00,17883.0,0.5118827937147011,9.46500015258789,17.56999969482422,63.48538237470422
ABOT,ABOT,ABOT,ABOT,NASDAQ,39.50339889526367,39.720001220703125,39.720001220703125,39.72 - 39.72,266,266,0.0010139564833053514,2025-10-17 17:42:19.203336+00:00,2025-10-17 17:42:19.203337+00:00,897.0,0.29654403567447046,29.56999969482422,41.01900100708008,1.4682280923162288
ABSI,ABSI,ABSI,ABSI,NASDAQ,4.434999942779541,4.389999866485596,4.739999771118164,4.39 - 4.74,4801648,4801648,-8.932237227960478,2025-10-17 17:42:19.203633+00:00,2025-10-17 17:42:19.203633+00:00,5864067.0,0.8188255693531469,2.009999990463257,6.329999923706055,0.0
ABUS,ABUS,ABUS,ABUS,NASDAQ,4.440000057220459,4.355000019073486,4.579999923706055,4.36 - 4.58,378959,378959,-1.5521101576248055,2025-10-17 17:42:19.204106+00:00,2025-10-17 17:42:19.204107+00:00,1072353.0,0.3533901616352078,2.7100000381469727,5.099999904632568,0.0
ACA,ACA,ACA,ACA,NASDAQ,92.50499725341797,90.9000015258789,93.37000274658203,90.90 - 93.37,75191,75191,0.0919704459604906,2025-10-17 17:42:19.204645+00:00,2025-10-17 17:42:19.204646+00:00,248005.0,0.30318340356041207,68.11000061035156,113.43000030517578,0.21620453590425917
ACCS,ACCS,ACCS,ACCS,NASDAQ,9.960000038146973,9.550000190734863,9.960000038146973,9.55 - 9.96,4299,4299,-0.30029763421940087,2025-10-17 17:42:19.205074+00:00,2025-10-17 17:42:19.205075+00:00,8457.0,0.5083362894643491,7.789999961853027,13.350000381469727,0.0
ACES,ACES,ACES,ACES,NASDAQ,35.130001068115234,35.130001068115234,35.79999923706055,35.13 - 35.80,59770,59770,-2.144847980601362,2025-10-17 17:42:19.205472+00:00,2025-10-17 17:42:19.205473+00:00,46383.0,1.288618674945562,19.924999237060547,37.56999969482422,0.7002561699984547
APUE,APUE,APUE,APUE,NASDAQ,40.415000915527344,40.224998474121094,40.5364990234375,40.22 - 40.54,39201,39201,0.07429143305954602,2025-10-17 17:42:15.279893+00:00,2025-10-17 17:42:15.279896+00:00,,,29.719999313354492,41.19200134277344,0.697760716594853
APXM,APXM,APXM,APXM,NASDAQ,30.704999923706055,30.704999923706055,30.704999923706055,30.70 - 30.70,2,2,0.0,2025-10-17 17:42:15.299943+00:00,2025-10-17 17:42:15.299945+00:00,388.0,0.005154639175257732,29.402999877929688,30.71500015258789,0.0
APYX,APYX,APYX,APYX,NASDAQ,2.9600000381469727,2.9600000381469727,3.125,2.96 - 3.12,22435,22435,-4.8231466883773235,2025-10-17 17:42:15.321817+00:00,2025-10-17 17:42:15.321819+00:00,,,0.7549999952316284,3.490000009536743,0.0
AQLT,AQLT,AQLT,AQLT,NASDAQ,27.229999542236328,27.1200008392334,27.229999542236328,27.12 - 27.23,3332,3332,0.25404162557989063,2025-10-17 17:42:15.345186+00:00,2025-10-17 17:42:15.345188+00:00,14233.0,0.23410384318133914,20.649999618530273,27.639999389648438,0.5875872298558975
AQMS,AQMS,AQMS,AQMS,NASDAQ,13.920000076293945,13.609999656677246,16.789899826049805,13.61 - 16.79,969766,969766,-11.33757805475099,2025-10-17 17:42:15.346251+00:00,2025-10-17 17:42:15.346253+00:00,,,3.369999885559082,39.400001525878906,0.0
AQN,AQN,AQN,AQN,NASDAQ,5.934999942779541,5.880000114440918,5.960000038146973,5.88 - 5.96,2987127,2987127,-0.25209860447790977,2025-10-17 17:42:15.346998+00:00,2025-10-17 17:42:15.346999+00:00,,,4.190000057220459,6.239999771118164,3.285593965965155
AQST,AQST,AQST,AQST,NASDAQ,6.896500110626221,6.78000020980835,7.230000019073486,6.78 - 7.23,2129848,2129848,-1.6191171833059927,2025-10-17 17:42:15.348491+00:00,2025-10-17 17:42:15.348493+00:00,,,2.119999885559082,7.510000228881836,0.0
AQWA,AQWA,AQWA,AQWA,NASDAQ,19.555999755859375,19.5,19.649999618530273,19.50 - 19.65,27253,27253,-0.193937465948025,2025-10-17 17:42:15.352073+00:00,2025-10-17 17:42:15.352074+00:00,16786.0,1.62355534373883,15.529999732971191,20.270000457763672,1.3141746942546242
ARAI,ARAI,ARAI,ARAI,NASDAQ,5.75,5.550000190734863,5.989999771118164,5.55 - 5.99,173244,173244,0.5244792116914474,2025-10-17 17:42:15.352831+00:00,2025-10-17 17:42:15.352832+00:00,,,3.0299999713897705,40.0,0.0
ARAY,ARAY,ARAY,ARAY,NASDAQ,1.690000057220459,1.6699999570846558,1.7599999904632568,1.67 - 1.76,534299,534299,-3.9772689558011236,2025-10-17 17:42:15.363994+00:00,2025-10-17 17:42:15.363996+00:00,,,1.1399999856948853,2.950000047683716,0.0
ARBB,ARBB,ARBB,ARBB,NASDAQ,6.330100059509277,6.100100040435791,6.799900054931641,6.10 - 6.80,12246,12246,-3.504571421884078,2025-10-17 17:42:15.374499+00:00,2025-10-17 17:42:15.374500+00:00,,,3.9200000762939453,18.600000381469727,0.0
ARBK,ARBK,ARBK,ARBK,NASDAQ,0.46799999475479126,0.46000000834465027,0.5149999856948853,0.46 - 0.51,1647120,1647120,-4.6843181392473765,2025-10-17 17:42:15.406347+00:00,2025-10-17 17:42:15.406349+00:00,7485200.0,0.22005023245871855,0.15000000596046448,1.5449999570846558,0.0
ARBKL,ARBKL,ARBKL,ARBKL,NASDAQ,2.130000114440918,2.130000114440918,2.130000114440918,2.13 - 2.13,1432,1432,2.898559571648183,2025-10-17 17:42:15.407141+00:00,2025-10-17 17:42:15.407143+00:00,,,1.2699999809265137,9.979999542236328,77.04224938179073
ARCC,ARCC,ARCC,ARCC,NASDAQ,19.485000610351562,19.395000457763672,19.6299991607666,19.40 - 19.63,5899657,5899657,-0.23041512909273004,2025-10-17 17:42:15.407985+00:00,2025-10-17 17:42:15.407986+00:00,,,18.260000228881836,23.84000015258789,9.853733332602435
ARCM,ARCM,ARCM,ARCM,NASDAQ,100.38500213623047,100.38500213623047,100.38500213623047,100.39 - 100.39,5,5,0.0,2025-10-17 17:42:15.409176+00:00,2025-10-17 17:42:15.409177+00:00,928.0,0.005387931034482759,99.98999786376953,101.73999786376953,4.341285956328264
ARCO,ARCO,ARCO,ARCO,NASDAQ,6.980000019073486,6.965000152587891,7.105000019073486,6.97 - 7.11,364185,364185,-1.2729865686374024,2025-10-17 17:42:15.409790+00:00,2025-10-17 17:42:15.409790+00:00,,,6.510000228881836,9.75,2.578796554557788
ARCT,ARCT,ARCT,ARCT,NASDAQ,21.03499984741211,20.399999618530273,22.127899169921875,20.40 - 22.13,320669,320669,-3.198341967165515,2025-10-17 17:42:15.410364+00:00,2025-10-17 17:42:15.410365+00:00,,,8.039999961853027,23.600000381469727,0.0
ARCX,ARCX,ARCX,ARCX,NASDAQ,18.334999084472656,18.05699920654297,20.524900436401367,18.06 - 20.52,439947,439947,-11.63855862904744,2025-10-17 17:42:15.410983+00:00,2025-10-17 17:42:15.410984+00:00,,,10.85099983215332,33.06999969482422,0.0
ARDC,ARDC,ARDC,ARDC,NASDAQ,13.345000267028809,13.329999923706055,13.6850004196167,13.33 - 13.69,79707,79707,-0.7806657526046831,2025-10-17 17:42:15.411856+00:00,2025-10-17 17:42:15.411857+00:00,111925.0,0.7121465266919812,11.520000457763672,15.619999885559082,10.310977688023373
ARDT,ARDT,ARDT,ARDT,NASDAQ,14.619999885559082,14.3149995803833,14.619999885559082,14.31 - 14.62,116145,116145,0.2056184554999489,2025-10-17 17:42:15.412483+00:00,2025-10-17 17:42:15.412484+00:00,,,10.095000267028809,20.190000534057617,0.0
ARDX,ARDX,ARDX,ARDX,NASDAQ,4.954999923706055,4.90500020980835,5.059999942779541,4.91 - 5.06,1200956,1200956,-1.8811933354597437,2025-10-17 17:42:15.413071+00:00,2025-10-17 17:42:15.413072+00:00,3611751.0,0.33251350937536944,3.2100000381469727,6.78000020980835,0.0
ARE,ARE,ARE,ARE,NASDAQ,74.43000030517578,74.43000030517578,75.97000122070312,74.43 - 75.97,566034,566034,-1.0634095654125475,2025-10-17 17:42:15.413671+00:00,2025-10-17 17:42:15.413672+00:00,,,67.37000274658203,122.66999816894531,7.093913715371617
AREB,AREB,AREB,AREB,NASDAQ,2.2149999141693115,1.7200000286102295,3.329900026321411,1.72 - 3.33,4957437,4957437,-37.78090028732118,2025-10-17 17:42:15.414582+00:00,2025-10-17 17:42:15.414584+00:00,,,1.7200000286102295,1947.5,0.0
AREC,AREC,AREC,AREC,NASDAQ,3.9600000381469727,3.880000114440918,4.343500137329102,3.88 - 4.34,9203060,9203060,-6.823528514188879,2025-10-17 17:42:15.415139+00:00,2025-10-17 17:42:15.415140+00:00,,,0.3799999952316284,7.110000133514404,0.0
ARES,ARES,ARES,ARES,NASDAQ,139.4949951171875,139.1999969482422,142.5399932861328,139.20 - 142.54,1410545,1410545,-1.23549299639543,2025-10-17 17:42:15.415954+00:00,2025-10-17 17:42:15.415955+00:00,1652970.0,0.8533397460328983,110.62999725341797,200.48500061035156,3.075379153492956
ARGT,ARGT,ARGT,ARGT,NASDAQ,71.08000183105469,70.98609924316406,72.36000061035156,70.99 - 72.36,182423,182423,-1.2777752346462674,2025-10-17 17:42:15.417761+00:00,2025-10-17 17:42:15.417762+00:00,,,66.48999786376953,95.87000274658203,1.4392233731669006
ARGX,ARGX,ARGX,ARGX,NASDAQ,840.9119873046875,819.72998046875,842.3900146484375,819.73 - 842.39,231225,231225,0.4337805609507394,2025-10-17 17:42:15.418271+00:00,2025-10-17 17:42:15.418272+00:00,,,510.05499267578125,842.3900146484375,0.0
ARHS,ARHS,ARHS,ARHS,NASDAQ,10.359999656677246,10.319999694824219,10.6899995803833,10.32 - 10.69,1006250,1006250,-2.171864897040998,2025-10-17 17:42:15.418811+00:00,2025-10-17 17:42:15.418812+00:00,,,6.610000133514404,13.015000343322754,0.0
ARIS,ARIS,ARIS,ARIS,NASDAQ,23.690000534057617,23.149999618530273,23.690000534057617,23.15 - 23.69,297,297,,2025-10-17 17:42:15.419538+00:00,2025-10-17 17:42:15.419539+00:00,,,14.460000038146973,33.95000076293945,2.216124897275712
ARKF,ARKF,ARKF,ARKF,NASDAQ,54.38999938964844,53.630001068115234,54.560001373291016,53.63 - 54.56,181057,181057,-0.5303601205355032,2025-10-17 17:42:15.421781+00:00,2025-10-17 17:42:15.421782+00:00,,,27.700000762939453,59.20000076293945,0.0
ARKG,ARKG,ARKG,ARKG,NASDAQ,30.850000381469727,30.549999237060547,31.920000076293945,30.55 - 31.92,3063236,3063236,-3.834168888339251,2025-10-17 17:42:15.422583+00:00,2025-10-17 17:42:15.422584+00:00,2630826.0,1.164362827492202,17.5049991607666,33.09000015258789,0.0
ARKK,ARKK,ARKK,ARKK,NASDAQ,85.87999725341797,84.77999877929688,87.06999969482422,84.78 - 87.07,6626492,6626492,-0.9229384505551776,2025-10-17 17:42:15.423395+00:00,2025-10-17 17:42:15.423396+00:00,,,38.569000244140625,92.6500015258789,0.0
ARKO,ARKO,ARKO,ARKO,NASDAQ,4.010200023651123,3.940000057220459,4.059999942779541,3.94 - 4.06,138474,138474,0.5062660166942003,2025-10-17 17:42:15.424055+00:00,2025-10-17 17:42:15.424056+00:00,479839.0,0.2885842959826108,3.509999990463257,7.840000152587891,2.992369440234178
ARKX,ARKX,ARKX,ARKX,NASDAQ,29.777799606323242,29.489999771118164,30.312400817871094,29.49 - 30.31,431185,431185,-2.3678701432024845,2025-10-17 17:42:15.431533+00:00,2025-10-17 17:42:15.431535+00:00,331814.0,1.2994780208188925,15.074999809265137,32.25199890136719,0.0
ARLO,ARLO,ARLO,ARLO,NASDAQ,17.530000686645508,17.25,17.78499984741211,17.25 - 17.78,264564,264564,-0.8484141173140216,2025-10-17 17:42:15.433331+00:00,2025-10-17 17:42:15.433332+00:00,1383348.0,0.19124905663650796,7.840000152587891,19.25,0.0
ARLP,ARLP,ARLP,ARLP,NASDAQ,24.084999084472656,24.010000228881836,24.729999542236328,24.01 - 24.73,127497,127497,-1.6537390380996984,2025-10-17 17:42:15.433966+00:00,2025-10-17 17:42:15.433967+00:00,,,22.200000762939453,30.559999465942383,11.210297291398533
ARM,ARM,ARM,ARM,NASDAQ,164.32000732421875,164.24000549316406,169.72999572753906,164.24 - 169.73,2827986,2827986,-4.013081966944252,2025-10-17 17:42:15.434603+00:00,2025-10-17 17:42:15.434603+00:00,,,80.0,182.8800048828125,0.0
ARMK,ARMK,ARMK,ARMK,NASDAQ,38.7400016784668,38.150001525878906,39.09000015258789,38.15 - 39.09,766962,766962,0.6495193273526467,2025-10-17 17:42:15.435481+00:00,2025-10-17 17:42:15.435482+00:00,,,29.920000076293945,44.4900016784668,1.0841507016078742
ARMN,ARMN,ARMN,ARMN,NASDAQ,10.008199691772461,9.920000076293945,10.789999961853027,9.92 - 10.79,802763,802763,-8.68430969946816,2025-10-17 17:42:15.436092+00:00,2025-10-17 17:42:15.436093+00:00,,,3.2850000858306885,11.239999771118164,0.0
ARMP,ARMP,ARMP,ARMP,NASDAQ,3.4382998943328857,3.424999952316284,3.4700000286102295,3.42 - 3.47,2990,2990,-1.4813786550883137,2025-10-17 17:42:15.436754+00:00,2025-10-17 17:42:15.436755+00:00,10145.0,0.29472646623952686,0.8999999761581421,3.5,0.0
AROC,AROC,AROC,AROC,NASDAQ,23.868999481201172,23.510000228881836,23.969999313354492,23.51 - 23.97,403862,403862,0.45875105753088424,2025-10-17 17:42:15.437448+00:00,2025-10-17 17:42:15.437449+00:00,1584473.0,0.2548872716669833,19.729999542236328,30.440000534057617,3.2049939948362782
ARP,ARP,ARP,ARP,NASDAQ,31.67009925842285,31.434999465942383,31.434999465942383,31.43 - 31.43,1759,1759,0.0003131737564487445,2025-10-17 17:42:15.438073+00:00,2025-10-17 17:42:15.438074+00:00,4439.0,0.3962604190132913,26.299999237060547,31.670000076293945,4.5437179980333955
ARQ,ARQ,ARQ,ARQ,NASDAQ,6.730000019073486,6.71999979019165,6.989999771118164,6.72 - 6.99,107871,107871,-2.604917978486432,2025-10-17 17:42:15.438751+00:00,2025-10-17 17:42:15.438752+00:00,281426.0,0.38330147179009755,3.3399999141693115,8.109999656677246,0.0
ARQQ,ARQQ,ARQQ,ARQQ,NASDAQ,40.19499969482422,37.849998474121094,40.819400787353516,37.85 - 40.82,818926,818926,1.6051524254039158,2025-10-17 17:42:15.439411+00:00,2025-10-17 17:42:15.439412+00:00,,,5.2170000076293945,62.0,0.0
ARQT,ARQT,ARQT,ARQT,NASDAQ,20.610000610351562,20.350000381469727,21.084999084472656,20.35 - 21.08,697894,697894,-1.434716591342662,2025-10-17 17:42:15.440035+00:00,2025-10-17 17:42:15.440036+00:00,1778523.0,0.39240088545382884,8.029999732971191,21.84000015258789,0.0
ARRY,ARRY,ARRY,ARRY,NASDAQ,8.795000076293945,8.510000228881836,9.020000457763672,8.51 - 9.02,2362265,2362265,0.3422673336692501,2025-10-17 17:42:15.440623+00:00,2025-10-17 17:42:15.440623+00:00,,,3.759999990463257,10.369999885559082,0.0
ARTL,ARTL,ARTL,ARTL,NASDAQ,4.019999980926514,4.010000228881836,4.039999961853027,4.01 - 4.04,4084,4084,0.24937036094549314,2025-10-17 17:42:15.441777+00:00,2025-10-17 17:42:15.441778+00:00,,,3.940000057220459,28.600000381469727,0.0
ARTNA,ARTNA,ARTNA,ARTNA,NASDAQ,33.47999954223633,33.31999969482422,33.70000076293945,33.32 - 33.70,4332,4332,-0.059702858996035446,2025-10-17 17:42:15.442468+00:00,2025-10-17 17:42:15.442469+00:00,29364.0,0.14752758479771147,29.450000762939453,36.66999816894531,3.632019165549774
ARTV,ARTV,ARTV,ARTV,NASDAQ,6.899600028991699,5.140100002288818,7.360000133514404,5.14 - 7.36,82597908,82597908,149.0830352527263,2025-10-17 17:42:15.443025+00:00,2025-10-17 17:42:15.443026+00:00,,,1.4700000286102295,15.489999771118164,0.0
ARTY,ARTY,ARTY,ARTY,NASDAQ,47.974998474121094,47.55500030517578,48.380001068115234,47.56 - 48.38,323306,323306,-0.7550717362735805,2025-10-17 17:42:15.443603+00:00,2025-10-17 17:42:15.443604+00:00,,,26.312999725341797,49.84000015258789,0.1459093324156326
ARX,ARX,ARX,ARX,NASDAQ,12.680000305175781,12.557499885559082,13.145000457763672,12.56 - 13.15,313239,313239,-3.427264320966824,2025-10-17 17:42:15.444516+00:00,2025-10-17 17:42:15.444517+00:00,,,12.557499885559082,31.18000030517578,0.0
ASA,ASA,ASA,ASA,NASDAQ,49.2400016784668,48.81999969482422,52.75,48.82 - 52.75,241735,241735,-7.547872267658535,2025-10-17 17:42:15.445321+00:00,2025-10-17 17:42:15.445322+00:00,,,19.3700008392334,53.7599983215332,0.1015434571397782
ASAN,ASAN,ASAN,ASAN,NASDAQ,13.864999771118164,13.720000267028809,14.024999618530273,13.72 - 14.02,1303938,1303938,-0.8226021093257344,2025-10-17 17:42:15.445897+00:00,2025-10-17 17:42:15.445898+00:00,4011902.0,0.3250174106944786,11.579999923706055,27.770000457763672,0.0
ASB,ASB,ASB,ASB,NASDAQ,24.440000534057617,24.100000381469727,24.56999969482422,24.10 - 24.57,752240,752240,1.3687263183409881,2025-10-17 17:42:15.446493+00:00,2025-10-17 17:42:15.446494+00:00,,,18.31999969482422,28.18000030517578,3.7643207033402564
ASBA,ASBA,ASBA,ASBA,NASDAQ,24.510000228881836,24.510000228881836,24.639999389648438,24.51 - 24.64,21893,21893,-0.4872063985934407,2025-10-17 17:42:15.447071+00:00,2025-10-17 17:42:15.447072+00:00,,,22.989999771118164,25.299999237060547,6.756425885498851
ASC,ASC,ASC,ASC,NASDAQ,11.529999732971191,11.079999923706055,11.5600004196167,11.08 - 11.56,192391,192391,2.8545913803325473,2025-10-17 17:42:15.447965+00:00,2025-10-17 17:42:15.447966+00:00,,,8.319999694824219,16.860000610351562,3.295750293153536
ASEA,ASEA,ASEA,ASEA,NASDAQ,17.200000762939453,17.124799728393555,17.209999084472656,17.12 - 17.21,24559,24559,0.5847975394087778,2025-10-17 17:42:15.448800+00:00,2025-10-17 17:42:15.448801+00:00,19448.0,1.2628033730974908,13.680000305175781,17.709999084472656,3.470930078598285
ASGI,ASGI,ASGI,ASGI,NASDAQ,20.920000076293945,20.850000381469727,21.200000762939453,20.85 - 21.20,121168,121168,-0.8060695830440053,2025-10-17 17:42:15.449686+00:00,2025-10-17 17:42:15.449687+00:00,,,16.649999618530273,21.788000106811523,11.663479880982178
ASH,ASH,ASH,ASH,NASDAQ,48.66999816894531,48.439998626708984,49.165000915527344,48.44 - 49.17,264924,264924,-0.5516969050675846,2025-10-17 17:42:15.450419+00:00,2025-10-17 17:42:15.450419+00:00,,,45.209999084472656,88.88999938964844,3.369632343743191
ASIA,ASIA,ASIA,ASIA,NASDAQ,33.91999816894531,33.7599983215332,33.91999816894531,33.76 - 33.92,684,684,-0.08248995844038806,2025-10-17 17:42:15.451188+00:00,2025-10-17 17:42:15.451189+00:00,,,22.700000762939453,34.720001220703125,0.4481132317370234
ASLE,ASLE,ASLE,ASLE,NASDAQ,7.28000020980835,7.230000019073486,7.53000020980835,7.23 - 7.53,116118,116118,-0.6821243440398997,2025-10-17 17:42:15.452233+00:00,2025-10-17 17:42:15.452234+00:00,462698.0,0.25095850857362684,4.940000057220459,9.119999885559082,0.0
ASLV,ASLV,ASLV,ASLV,NASDAQ,27.239999771118164,27.229999542236328,27.229999542236328,27.23 - 27.23,1074,1074,0.5537084447596213,2025-10-17 17:42:15.452866+00:00,2025-10-17 17:42:15.452867+00:00,,,21.860000610351562,27.829999923706055,0.0
ASM,ASM,ASM,ASM,NASDAQ,5.849999904632568,5.760000228881836,6.375999927520752,5.76 - 6.38,4804462,4804462,-9.722223959668995,2025-10-17 17:42:15.453591+00:00,2025-10-17 17:42:15.453593+00:00,5495368.0,0.8742748438321146,0.8500000238418579,6.670000076293945,0.0
ASMF,ASMF,ASMF,ASMF,NASDAQ,23.473400115966797,23.473400115966797,23.5,23.47 - 23.50,5445,5445,-0.4351887373879647,2025-10-17 17:42:15.454344+00:00,2025-10-17 17:42:15.454344+00:00,14003.0,0.38884524744697563,21.81999969482422,24.43000030517578,1.6827557918689326
ASMG,ASMG,ASMG,ASMG,NASDAQ,24.079999923706055,23.700000762939453,24.523700714111328,23.70 - 24.52,77965,77965,0.5008382463218262,2025-10-17 17:42:15.454962+00:00,2025-10-17 17:42:15.454963+00:00,312591.0,0.2494153702441849,8.930000305175781,26.06999969482422,0.0
ASML,ASML,ASML,ASML,NASDAQ,1021.7962036132812,1015.0,1032.7650146484375,1015.00 - 1032.77,1124574,1124574,0.21637880910002613,2025-10-17 17:42:15.455715+00:00,2025-10-17 17:42:15.455716+00:00,,,578.510009765625,1059.0,0.6996502800381983
ASND,ASND,ASND,ASND,NASDAQ,212.0,206.02000427246094,214.47000122070312,206.02 - 214.47,252716,252716,2.400618871664761,2025-10-17 17:42:15.456366+00:00,2025-10-17 17:42:15.456367+00:00,464845.0,0.5436564876464198,118.02999877929688,216.4499969482422,0.0
ASNS,ASNS,ASNS,ASNS,NASDAQ,0.49950000643730164,0.4810999929904938,0.5293999910354614,0.48 - 0.53,1053349,1053349,-6.8097026128629485,2025-10-17 17:42:15.456913+00:00,2025-10-17 17:42:15.456914+00:00,,,0.33000001311302185,1.7799999713897705,0.0
ASO,ASO,ASO,ASO,NASDAQ,50.88999938964844,50.54999923706055,52.470001220703125,50.55 - 52.47,1105866,1105866,-3.4528547266857292,2025-10-17 17:42:15.457471+00:00,2025-10-17 17:42:15.457472+00:00,,,33.34000015258789,61.25,0.9825113106637319
ASPI,ASPI,ASPI,ASPI,NASDAQ,9.976499557495117,9.869999885559082,11.270000457763672,9.87 - 11.27,10171568,10171568,-9.714937689683014,2025-10-17 17:42:15.458271+00:00,2025-10-17 17:42:15.458272+00:00,6342595.0,1.6036918642921392,3.640000104904175,14.489999771118164,0.0
ASPN,ASPN,ASPN,ASPN,NASDAQ,7.84499979019165,7.820000171661377,8.170000076293945,7.82 - 8.17,1113920,1113920,-5.595675161788946,2025-10-17 17:42:15.458837+00:00,2025-10-17 17:42:15.458838+00:00,,,4.159999847412109,25.479999542236328,0.0
ASPS,ASPS,ASPS,ASPS,NASDAQ,11.829999923706055,11.70009994506836,12.199999809265137,11.70 - 12.20,9333,9333,-1.8257283281867895,2025-10-17 17:42:15.459395+00:00,2025-10-17 17:42:15.459395+00:00,,,3.440000057220459,15.960000038146973,0.0
ASPSZ,ASPSZ,ASPSZ,ASPSZ,NASDAQ,0.6399999856948853,0.41999998688697815,0.6650000214576721,0.42 - 0.67,30255,30255,,2025-10-17 17:42:15.459998+00:00,2025-10-17 17:42:15.459999+00:00,,,0.41999998688697815,0.6650000214576721,0.0
ASRV,ASRV,ASRV,ASRV,NASDAQ,3.069999933242798,2.9600000381469727,3.309999942779541,2.96 - 3.31,26832,26832,0.6557370898096224,2025-10-17 17:42:15.461170+00:00,2025-10-17 17:42:15.461171+00:00,,,2.0299999713897705,3.4200000762939453,3.908794873270426
ASST,ASST,ASST,ASST,NASDAQ,0.8296999931335449,0.800000011920929,0.8999999761581421,0.80 - 0.90,25893000,25893000,-7.811109431878975,2025-10-17 17:42:15.461803+00:00,2025-10-17 17:42:15.461804+00:00,12859554.0,2.0135223974330683,0.33500000834465027,13.420000076293945,0.0
ASTL,ASTL,ASTL,ASTL,NASDAQ,3.7950000762939453,3.7121999263763428,3.9100000858306885,3.71 - 3.91,1016945,1016945,-2.5673916591080737,2025-10-17 17:42:15.462999+00:00,2025-10-17 17:42:15.463000+00:00,,,3.0199999809265137,12.140000343322754,3.952569090498791
ASTS,ASTS,ASTS,ASTS,NASDAQ,83.83999633789062,80.86000061035156,87.48999786376953,80.86 - 87.49,10862858,10862858,-6.3240264381110345,2025-10-17 17:42:15.463566+00:00,2025-10-17 17:42:15.463567+00:00,12237031.0,0.8877037248659417,17.5,102.79000091552734,0.0
ASTX,ASTX,ASTX,ASTX,NASDAQ,71.25499725341797,66.23999786376953,77.44499969482422,66.24 - 77.44,762077,762077,-12.965683567913677,2025-10-17 17:42:15.464188+00:00,2025-10-17 17:42:15.464189+00:00,720242.0,1.0580846437725098,15.029999732971191,107.79000091552734,0.0
ASX,ASX,ASX,ASX,NASDAQ,12.65999984741211,12.545000076293945,12.869999885559082,12.55 - 12.87,4772707,4772707,0.6359294450813223,2025-10-17 17:42:15.464779+00:00,2025-10-17 17:42:15.464780+00:00,7066594.0,0.6753900110859631,6.940000057220459,12.869999885559082,2.81200635300775
ASYS,ASYS,ASYS,ASYS,NASDAQ,7.550000190734863,7.449999809265137,7.84499979019165,7.45 - 7.84,92890,92890,-3.205128126752606,2025-10-17 17:42:15.465344+00:00,2025-10-17 17:42:15.465345+00:00,,,3.200000047683716,10.800000190734863,0.0
ATAI,ATAI,ATAI,ATAI,NASDAQ,5.900000095367432,5.380000114440918,6.010000228881836,5.38 - 6.01,19623659,19623659,7.6642349421917615,2025-10-17 17:42:15.466061+00:00,2025-10-17 17:42:15.466062+00:00,6232852.0,3.148423707156852,1.0399999618530273,6.300000190734863,0.0
ATAT,ATAT,ATAT,ATAT,NASDAQ,37.584999084472656,36.5,37.758399963378906,36.50 - 37.76,769003,769003,0.8451800988464098,2025-10-17 17:42:15.466633+00:00,2025-10-17 17:42:15.466634+00:00,,,21.5,40.38999938964844,1.1174671018510491
ATCH,ATCH,ATCH,ATCH,NASDAQ,0.3720000088214874,0.3671000003814697,0.3840000033378601,0.37 - 0.38,6688310,6688310,-1.8469654709828396,2025-10-17 17:42:15.467266+00:00,2025-10-17 17:42:15.467267+00:00,60261571.0,0.11098797938739433,0.13699999451637268,26.940000534057617,0.0
ATEC,ATEC,ATEC,ATEC,NASDAQ,14.699999809265137,14.050000190734863,14.720000267028809,14.05 - 14.72,841739,841739,3.085551005056346,2025-10-17 17:42:15.468532+00:00,2025-10-17 17:42:15.468533+00:00,,,5.079999923706055,16.700000762939453,0.0
ATEN,ATEN,ATEN,ATEN,NASDAQ,17.43000030517578,17.170000076293945,17.479999542236328,17.17 - 17.48,125345,125345,1.043480030004529,2025-10-17 17:42:15.469129+00:00,2025-10-17 17:42:15.469130+00:00,,,13.8100004196167,21.899999618530273,1.3769362925870563
ATEST,ATEST,ATEST,ATEST,NASDAQ,24.517200469970703,24.517200469970703,24.517200469970703,24.52 - 24.52,1000,1000,,2025-10-17 17:42:15.469734+00:00,2025-10-17 17:42:15.469735+00:00,,,24.517200469970703,24.517200469970703,0.0
ATEX,ATEX,ATEX,ATEX,NASDAQ,20.2450008392334,20.184999465942383,20.600000381469727,20.18 - 20.60,75181,75181,-2.5745901334639165,2025-10-17 17:42:15.470272+00:00,2025-10-17 17:42:15.470273+00:00,,,20.184999465942383,42.90999984741211,0.0
ATGL,ATGL,ATGL,ATGL,NASDAQ,21.17300033569336,21.17300033569336,22.25,21.17 - 22.25,582,582,-2.4285733120624413,2025-10-17 17:42:15.471257+00:00,2025-10-17 17:42:15.471258+00:00,5974.0,0.09742216270505524,5.579999923706055,57.31999969482422,0.0
ATHA,ATHA,ATHA,ATHA,NASDAQ,3.6700000762939453,3.640000104904175,3.700000047683716,3.64 - 3.70,17042,17042,0.273223776741721,2025-10-17 17:42:15.472134+00:00,2025-10-17 17:42:15.472135+00:00,27353.0,0.6230395203451176,2.200000047683716,8.260000228881836,0.0
ATHM,ATHM,ATHM,ATHM,NASDAQ,27.719999313354492,27.18000030517578,27.797000885009766,27.18 - 27.80,96605,96605,0.10833795131198237,2025-10-17 17:42:15.472891+00:00,2025-10-17 17:42:15.472893+00:00,272076.0,0.35506623149414135,23.389999389648438,32.70000076293945,4.148629251393854
ATHS,ATHS,ATHS,ATHS,NASDAQ,25.280000686645508,25.270000457763672,25.33989906311035,25.27 - 25.34,28759,28759,-0.23677768579750882,2025-10-17 17:42:15.473506+00:00,2025-10-17 17:42:15.473507+00:00,,,24.010000228881836,26.25,7.167721324300488
ATI,ATI,ATI,ATI,NASDAQ,79.51499938964844,79.51000213623047,81.0199966430664,79.51 - 81.02,554296,554296,-2.099238864108856,2025-10-17 17:42:15.474085+00:00,2025-10-17 17:42:15.474086+00:00,1839586.0,0.30131562210192947,39.22999954223633,96.19999694824219,0.0
ATII,ATII,ATII,ATII,NASDAQ,10.350000381469727,10.350000381469727,10.350000381469727,10.35 - 10.35,254,254,0.145141202393681,2025-10-17 17:42:15.474822+00:00,2025-10-17 17:42:15.474823+00:00,,,9.960000038146973,10.489999771118164,0.0
ATLCL,ATLCL,ATLCL,ATLCL,NASDAQ,24.797399520874023,24.780000686645508,24.799999237060547,24.78 - 24.80,1487,1487,0.029845119295842916,2025-10-17 17:42:15.475577+00:00,2025-10-17 17:42:15.475578+00:00,,,23.290000915527344,25.440000534057617,6.178067174787376
ATLCP,ATLCP,ATLCP,ATLCP,NASDAQ,24.045000076293945,23.559999465942383,24.199899673461914,23.56 - 24.20,4072,4072,0.39246737853324565,2025-10-17 17:42:15.476239+00:00,2025-10-17 17:42:15.476241+00:00,6937.0,0.5869972610638604,21.65999984741211,25.0,7.935121621734176
ATLN,ATLN,ATLN,ATLN,NASDAQ,3.0555999279022217,2.8499999046325684,3.0999999046325684,2.85 - 3.10,12219,12219,1.5149480924731413,2025-10-17 17:42:15.476964+00:00,2025-10-17 17:42:15.476965+00:00,63419.0,0.192670966114256,1.4500000476837158,7.96999979019165,0.0
ATLO,ATLO,ATLO,ATLO,NASDAQ,19.649999618530273,19.649999618530273,19.950000762939453,19.65 - 19.95,3644,3644,-0.15244251107871032,2025-10-17 17:42:15.477634+00:00,2025-10-17 17:42:15.477635+00:00,13530.0,0.26932742054693276,15.6899995803833,20.889999389648438,4.071246898374425
ATMP,ATMP,ATMP,ATMP,NASDAQ,27.329999923706055,27.28499984741211,27.350000381469727,27.28 - 27.35,31946,31946,-0.18261226659273194,2025-10-17 17:42:15.478693+00:00,2025-10-17 17:42:15.478694+00:00,,,25.65999984741211,32.09000015258789,5.232345422583106
ATMV,ATMV,ATMV,ATMV,NASDAQ,10.739999771118164,10.010000228881836,12.069999694824219,10.01 - 12.07,19861,19861,-6.608697642450748,2025-10-17 17:42:15.479319+00:00,2025-10-17 17:42:15.479320+00:00,,,9.989999771118164,42.0,0.0
ATNI,ATNI,ATNI,ATNI,NASDAQ,14.824999809265137,14.739999771118164,15.199999809265137,14.74 - 15.20,20590,20590,-1.5604289761204644,2025-10-17 17:42:15.480514+00:00,2025-10-17 17:42:15.480516+00:00,,,13.760000228881836,33.720001220703125,6.947723529522637
ATNM,ATNM,ATNM,ATNM,NASDAQ,1.4600000381469727,1.4550000429153442,1.48989999294281,1.46 - 1.49,90420,90420,0.0,2025-10-17 17:42:15.481068+00:00,2025-10-17 17:42:15.481069+00:00,,,1.0290000438690186,2.4100000858306885,0.0
ATO,ATO,ATO,ATO,NASDAQ,175.3489990234375,175.02999877929688,177.22999572753906,175.03 - 177.23,333161,333161,-0.5788944389728016,2025-10-17 17:42:15.481710+00:00,2025-10-17 17:42:15.481711+00:00,,,136.0500030517578,179.6999969482422,1.9846135531887787
ATOM,ATOM,ATOM,ATOM,NASDAQ,4.579999923706055,4.502500057220459,4.819900035858154,4.50 - 4.82,151955,151955,-3.375524370001509,2025-10-17 17:42:15.482365+00:00,2025-10-17 17:42:15.482366+00:00,,,3.059999942779541,17.549999237060547,0.0
ATOS,ATOS,ATOS,ATOS,NASDAQ,0.9840999841690063,0.9539999961853027,1.0298000574111938,0.95 - 1.03,1012115,1012115,-4.456309562691704,2025-10-17 17:42:15.482914+00:00,2025-10-17 17:42:15.482915+00:00,,,0.550000011920929,1.659999966621399,0.0
ATPC,ATPC,ATPC,ATPC,NASDAQ,1.159999966621399,1.1549999713897705,1.2100000381469727,1.15 - 1.21,43187,43187,-6.451616314521787,2025-10-17 17:42:15.483506+00:00,2025-10-17 17:42:15.483507+00:00,,,0.8999999761581421,2.930000066757202,0.0
ATRC,ATRC,ATRC,ATRC,NASDAQ,37.369998931884766,36.900001525878906,37.689998626708984,36.90 - 37.69,80491,80491,0.34907961213421956,2025-10-17 17:42:15.484312+00:00,2025-10-17 17:42:15.484313+00:00,,,27.639999389648438,43.11000061035156,0.0
ATRO,ATRO,ATRO,ATRO,NASDAQ,46.17499923706055,46.13999938964844,47.974998474121094,46.14 - 47.97,371282,371282,-3.601257273209884,2025-10-17 17:42:15.484893+00:00,2025-10-17 17:42:15.484894+00:00,,,14.130000114440918,49.959999084472656,0.0
ATS,ATS,ATS,ATS,NASDAQ,25.899999618530273,25.899999618530273,26.479999542236328,25.90 - 26.48,28348,28348,-2.190332076029453,2025-10-17 17:42:15.485475+00:00,2025-10-17 17:42:15.485476+00:00,,,20.899999618530273,33.130001068115234,0.0
ATXG,ATXG,ATXG,ATXG,NASDAQ,1.0099999904632568,0.9437000155448914,1.0099999904632568,0.94 - 1.01,146649,146649,0.9999990463256836,2025-10-17 17:42:15.486264+00:00,2025-10-17 17:42:15.486265+00:00,,,0.3610000014305115,1.8600000143051147,0.0
ATXS,ATXS,ATXS,ATXS,NASDAQ,11.989999771118164,11.829999923706055,12.038000106811523,11.83 - 12.04,1266388,1266388,-0.8271330041986911,2025-10-17 17:42:15.486936+00:00,2025-10-17 17:42:15.486936+00:00,1272498.0,0.9951984207440797,3.555000066757202,12.515000343322754,0.0
AUB,AUB,AUB,AUB,NASDAQ,33.709999084472656,32.97999954223633,33.779701232910156,32.98 - 33.78,445565,445565,2.4308697683675473,2025-10-17 17:42:15.487544+00:00,2025-10-17 17:42:15.487544+00:00,,,22.850000381469727,44.540000915527344,4.0344112635305205
AUDC,AUDC,AUDC,AUDC,NASDAQ,9.069999694824219,9.069999694824219,9.420499801635742,9.07 - 9.42,54228,54228,-2.5778809234721978,2025-10-17 17:42:15.488748+00:00,2025-10-17 17:42:15.488749+00:00,,,7.699999809265137,12.720000267028809,4.189636304142837
AUID,AUID,AUID,AUID,NASDAQ,2.3991000652313232,2.3299999237060547,2.5399999618530273,2.33 - 2.54,40083,40083,-3.26209488790193,2025-10-17 17:42:15.490033+00:00,2025-10-17 17:42:15.490034+00:00,,,2.200000047683716,9.583999633789062,0.0
AUMI,AUMI,AUMI,AUMI,NASDAQ,82.33760070800781,81.77999877929688,87.7699966430664,81.78 - 87.77,35780,35780,-8.667014435686653,2025-10-17 17:42:15.490767+00:00,2025-10-17 17:42:15.490768+00:00,,,33.68000030517578,90.55699920654297,0.7857892316955448
AUNA,AUNA,AUNA,AUNA,NASDAQ,6.320000171661377,6.320000171661377,6.449999809265137,6.32 - 6.45,7795,7795,-1.095456905896894,2025-10-17 17:42:15.491279+00:00,2025-10-17 17:42:15.491279+00:00,,,6.050000190734863,9.239999771118164,0.0
AUPH,AUPH,AUPH,AUPH,NASDAQ,11.59000015258789,11.302900314331055,11.65999984741211,11.30 - 11.66,491560,491560,0.3463200103244532,2025-10-17 17:42:15.491801+00:00,2025-10-17 17:42:15.491802+00:00,,,6.550000190734863,13.539999961853027,0.0
AURA,AURA,AURA,AURA,NASDAQ,5.800000190734863,5.679999828338623,6.195000171661377,5.68 - 6.20,315038,315038,-6.300482437486766,2025-10-17 17:42:15.492414+00:00,2025-10-17 17:42:15.492416+00:00,,,4.34499979019165,12.378000259399414,0.0
AUSF,AUSF,AUSF,AUSF,NASDAQ,45.278900146484375,45.04999923706055,45.349998474121094,45.05 - 45.35,31396,31396,0.46350222559275084,2025-10-17 17:42:15.493200+00:00,2025-10-17 17:42:15.493201+00:00,,,38.54999923706055,46.83000183105469,2.862260337170814
AUST,AUST,AUST,AUST,NASDAQ,2.4000000953674316,2.3559999465942383,2.7730000019073486,2.36 - 2.77,197702,197702,-11.764703304297399,2025-10-17 17:42:15.494014+00:00,2025-10-17 17:42:15.494015+00:00,,,1.0499999523162842,3.190000057220459,0.0
AUTL,AUTL,AUTL,AUTL,NASDAQ,1.5950000286102295,1.5800000429153442,1.672700047492981,1.58 - 1.67,1559981,1559981,-5.0595191423515775,2025-10-17 17:42:15.494655+00:00,2025-10-17 17:42:15.494656+00:00,,,1.1050000190734863,5.0,0.0
AUUD,AUUD,AUUD,AUUD,NASDAQ,1.75,1.600000023841858,1.8899999856948853,1.60 - 1.89,749273,749273,-15.458934471630434,2025-10-17 17:42:15.495311+00:00,2025-10-17 17:42:15.495312+00:00,,,1.600000023841858,14.602999687194824,0.0
AVA,AVA,AVA,AVA,NASDAQ,38.2599983215332,38.22999954223633,38.5,38.23 - 38.50,127915,127915,-0.3386326391822974,2025-10-17 17:42:15.495953+00:00,2025-10-17 17:42:15.495954+00:00,652705.0,0.195976742939,34.79999923706055,43.09000015258789,5.083638487525311
AVAH,AVAH,AVAH,AVAH,NASDAQ,10.029999732971191,9.8100004196167,10.039999961853027,9.81 - 10.04,700086,700086,0.4004000277224252,2025-10-17 17:42:15.496535+00:00,2025-10-17 17:42:15.496535+00:00,,,3.6700000762939453,10.039999961853027,0.0
AVAL,AVAL,AVAL,AVAL,NASDAQ,3.799999952316284,3.690000057220459,3.829900026321411,3.69 - 3.83,19379,19379,2.7027000903735274,2025-10-17 17:42:15.497113+00:00,2025-10-17 17:42:15.497125+00:00,,,1.9600000381469727,3.829900026321411,2.9210526682333278
AVBP,AVBP,AVBP,AVBP,NASDAQ,19.375,19.139999389648438,19.860000610351562,19.14 - 19.86,69829,69829,-1.2738853503184715,2025-10-17 17:42:15.497949+00:00,2025-10-17 17:42:15.497950+00:00,,,15.470000267028809,36.369998931884766,0.0
AVD,AVD,AVD,AVD,NASDAQ,5.190000057220459,5.175000190734863,5.342400074005127,5.18 - 5.34,54857,54857,-2.990651406807791,2025-10-17 17:42:15.498645+00:00,2025-10-17 17:42:15.498646+00:00,210786.0,0.2602497319556327,3.2799999713897705,6.679999828338623,0.0
AVDE,AVDE,AVDE,AVDE,NASDAQ,78.83439636230469,78.62000274658203,79.08000183105469,78.62 - 79.08,419707,419707,-0.5118646042395903,2025-10-17 17:42:15.499309+00:00,2025-10-17 17:42:15.499310+00:00,,,58.55500030517578,80.22599792480469,2.661274896249698
AVDL,AVDL,AVDL,AVDL,NASDAQ,15.100000381469727,14.800000190734863,15.220000267028809,14.80 - 15.22,488674,488674,0.6666692097981771,2025-10-17 17:42:15.500019+00:00,2025-10-17 17:42:15.500020+00:00,,,6.380000114440918,16.65999984741211,0.0
AVDS,AVDS,AVDS,AVDS,NASDAQ,67.05000305175781,66.93000030517578,67.14990234375,66.93 - 67.15,3968,3968,-0.7107888882210642,2025-10-17 17:42:15.500762+00:00,2025-10-17 17:42:15.500763+00:00,11948.0,0.33210579176431204,48.0,68.4280014038086,2.3206561210726258
AVDV,AVDV,AVDV,AVDV,NASDAQ,88.63899993896484,88.42009735107422,89.07499694824219,88.42 - 89.07,296488,296488,-0.7957454362600579,2025-10-17 17:42:15.501440+00:00,2025-10-17 17:42:15.501441+00:00,,,60.74399948120117,90.5790023803711,3.4589740431539053
AVEE,AVEE,AVEE,AVEE,NASDAQ,63.349998474121094,63.2599983215332,63.41999816894531,63.26 - 63.42,11475,11475,-0.8032828032132745,2025-10-17 17:42:15.502310+00:00,2025-10-17 17:42:15.502311+00:00,4953.0,2.316777710478498,46.33000183105469,65.55999755859375,2.626677253480527
AVES,AVES,AVES,AVES,NASDAQ,57.220001220703125,56.945499420166016,57.29999923706055,56.95 - 57.30,8096,8096,-0.5734109830272816,2025-10-17 17:42:15.503255+00:00,2025-10-17 17:42:15.503256+00:00,35771.0,0.22632859019876436,41.68000030517578,58.29999923706055,3.767913236639226
AVGE,AVGE,AVGE,AVGE,NASDAQ,82.5999984741211,82.20999908447266,82.82270050048828,82.21 - 82.82,8037,8037,-0.17885945587411187,2025-10-17 17:42:15.503900+00:00,2025-10-17 17:42:15.503901+00:00,,,61.768001556396484,84.2969970703125,1.7699758196218978
AVGX,AVGX,AVGX,AVGX,NASDAQ,51.709999084472656,49.760101318359375,52.69499969482422,49.76 - 52.69,579158,579158,-3.884758703022765,2025-10-17 17:42:15.505042+00:00,2025-10-17 17:42:15.505043+00:00,571385.0,1.0136037872887809,9.871000289916992,62.04999923706055,0.5066718326024351
