ticker,symbol,company_name,name,exchange,current_price,days_low,days_high,days_range,volume,volume_today,change_percent,last_updated,created_at,market_cap,shares_available,avg_volume_3mon,week_52_low,week_52_high,dvav,dividend_yield
BEKE,BEKE,BEKE,BEKE,NASDAQ,18.315000534057617,17.899999618530273,18.354999542236328,17.90 - 18.35,2043973,2043973,0.19146524123316136,2025-10-17 18:53:07.428115+00:00,2025-10-17 18:53:07.428116+00:00,21761156529.0,1188160300.0,5629176.0,16.049999237060547,25.165000915527344,0.36310340980633754,1.9656019082858491
BELFA,BELFA,BELFA,BELFA,NASDAQ,121.5,121.5,127.0,121.50 - 127.00,10756,10756,-2.9940119760479043,2025-10-17 18:53:07.428798+00:00,2025-10-17 18:53:07.428799+00:00,1780409848.0,14653579.0,8056.0,53.95000076293945,127.5999984741211,1.3351539225422047,0.19753086419753088
BELFB,BELFB,BELFB,BELFB,NASDAQ,145.98500061035156,145.27999877929688,151.52000427246094,145.28 - 151.52,77667,77667,-1.9445218817259402,2025-10-17 18:53:07.429406+00:00,2025-10-17 18:53:07.429407+00:00,1793939471.0,12327786.0,143020.0,58.0,152.85000610351562,0.5430499230876801,0.19180052664954791
BEN,BEN,BEN,BEN,NASDAQ,22.190000534057617,21.959999084472656,22.219999313354492,21.96 - 22.22,2239373,2239373,0.4072405024180606,2025-10-17 18:53:07.431246+00:00,2025-10-17 18:53:07.431247+00:00,11520947867.0,519195475.0,4177152.0,16.25,26.079999923706055,0.5361004339798983,5.768363989155533
BENF,BENF,BENF,BENF,NASDAQ,0.5121999979019165,0.49559998512268066,0.534500002861023,0.50 - 0.53,155607,155607,-6.190477230152527,2025-10-17 18:53:07.431896+00:00,2025-10-17 18:53:07.431897+00:00,4970135.0,9703505.0,14018353.0,0.21899999678134918,2.359999895095825,0.011100234100254146,0.0
BEP,BEP,BEP,BEP,NASDAQ,28.600000381469727,28.260000228881836,28.690000534057617,28.26 - 28.69,450102,450102,-0.4178235889753918,2025-10-17 18:53:07.433161+00:00,2025-10-17 18:53:07.433162+00:00,18811045999.0,658189155.0,530992.0,19.290000915527344,29.559999465942383,0.8476624883237412,3.84965029830332
BEPC,BEPC,BEPC,BEPC,NASDAQ,39.810001373291016,39.71500015258789,40.7599983215332,39.72 - 40.76,467431,467431,-2.4981641244695583,2025-10-17 18:53:07.433795+00:00,2025-10-17 18:53:07.433796+00:00,7159420893.0,179839755.0,863050.0,23.729999542236328,41.72999954223633,0.541603615086032,3.702587161900787
BEPH,BEPH,BEPH,BEPH,NASDAQ,15.5,15.479999542236328,15.5600004196167,15.48 - 15.56,18954,18954,0.12920192735860053,2025-10-17 18:53:07.434412+00:00,2025-10-17 18:53:07.434412+00:00,,,,,,,7.458064516129031
BEPI,BEPI,BEPI,BEPI,NASDAQ,16.40999984741211,16.40999984741211,16.540000915527344,16.41 - 16.54,3476,3476,-0.5454554702296401,2025-10-17 18:53:07.435032+00:00,2025-10-17 18:53:07.435033+00:00,,,,,,,7.434491233053829
BEPJ,BEPJ,BEPJ,BEPJ,NASDAQ,25.399999618530273,25.209999084472656,25.209999084472656,25.21 - 25.21,654,654,0.3555912860013946,2025-10-17 18:53:07.435634+00:00,2025-10-17 18:53:07.435635+00:00,,,,,,,7.133858374856339
BERZ,BERZ,BERZ,BERZ,NASDAQ,3.1700000762939453,3.123500108718872,3.319999933242798,3.12 - 3.32,987931,987931,-1.2461047158154555,2025-10-17 18:53:07.436249+00:00,2025-10-17 18:53:07.436250+00:00,,,,,,,0.0
BESF,BESF,BESF,BESF,NASDAQ,33.15169906616211,33.06999969482422,33.90999984741211,33.07 - 33.91,162,162,-0.0009090283545505155,2025-10-17 18:53:07.436891+00:00,2025-10-17 18:53:07.436892+00:00,,,,,,,0.13875608579878831
BETE,BETE,BETE,BETE,NASDAQ,70.88999938964844,69.63999938964844,70.91500091552734,69.64 - 70.92,29664,29664,-1.1117735568090703,2025-10-17 18:53:07.437495+00:00,2025-10-17 18:53:07.437496+00:00,,,,,,,29.125405808671704
BETH,BETH,BETH,BETH,NASDAQ,73.02999877929688,71.91999816894531,73.19999694824219,71.92 - 73.20,4995,4995,-1.4506504674979366,2025-10-17 18:53:07.438110+00:00,2025-10-17 18:53:07.438110+00:00,,,,,,,30.031494408592895
BETZ,BETZ,BETZ,BETZ,NASDAQ,22.719999313354492,22.549999237060547,22.732500076293945,22.55 - 22.73,7239,7239,-0.26339495821960485,2025-10-17 18:53:07.438729+00:00,2025-10-17 18:53:07.438730+00:00,,,,,,,0.7130281905632748
BFAM,BFAM,BFAM,BFAM,NASDAQ,100.13150024414062,99.57499694824219,101.40499877929688,99.57 - 101.40,191676,191676,1.286161871271448,2025-10-17 18:53:07.439378+00:00,2025-10-17 18:53:07.439379+00:00,,,,,,,0.0
BFAP,BFAP,BFAP,BFAP,NASDAQ,23.645099639892578,23.645099639892578,23.645099639892578,23.65 - 23.65,26,26,0.00041946342561259814,2025-10-17 18:53:07.442695+00:00,2025-10-17 18:53:07.442696+00:00,,,,,,,0.0
BFC,BFC,BFC,BFC,NASDAQ,121.9000015258789,121.38999938964844,123.16999816894531,121.39 - 123.17,52606,52606,0.7188323187282821,2025-10-17 18:53:07.443454+00:00,2025-10-17 18:53:07.443455+00:00,,,,,,,4.347826032532765
BFEB,BFEB,BFEB,BFEB,NASDAQ,47.130001068115234,47.040000915527344,47.130001068115234,47.04 - 47.13,1281,1281,0.5118397986581767,2025-10-17 18:53:07.444151+00:00,2025-10-17 18:53:07.444152+00:00,,,,,,,0.0
BFH,BFH,BFH,BFH,NASDAQ,59.09000015258789,58.16999816894531,59.525001525878906,58.17 - 59.53,545030,545030,2.56899761596322,2025-10-17 18:53:07.444786+00:00,2025-10-17 18:53:07.444787+00:00,,,,,,,1.4215603280265208
BFIN,BFIN,BFIN,BFIN,NASDAQ,11.149999618530273,11.069999694824219,11.170000076293945,11.07 - 11.17,11471,11471,1.3636328957297585,2025-10-17 18:53:07.445427+00:00,2025-10-17 18:53:07.445428+00:00,,,,,,,3.587444068923884
BFIX,BFIX,BFIX,BFIX,NASDAQ,25.520000457763672,25.520000457763672,25.530000686645508,25.52 - 25.53,257,257,0.4487141612940061,2025-10-17 18:53:07.446172+00:00,2025-10-17 18:53:07.446173+00:00,,,,,,,3.891065760925214
BFJL,BFJL,BFJL,BFJL,NASDAQ,20.167800903320312,20.167800903320312,20.329999923706055,20.17 - 20.33,12335,12335,-0.0009835594259039288,2025-10-17 18:53:07.446868+00:00,2025-10-17 18:53:07.446869+00:00,,,,,,,0.0
BFK,BFK,BFK,BFK,NASDAQ,9.960000038146973,9.899999618530273,10.020000457763672,9.90 - 10.02,90399,90399,-0.2003958417504492,2025-10-17 18:53:07.447597+00:00,2025-10-17 18:53:07.447599+00:00,,,,,,,6.024096362469776
BFLY,BFLY,BFLY,BFLY,NASDAQ,2.1465001106262207,2.0999999046325684,2.2300000190734863,2.10 - 2.23,2946791,2946791,-4.174102612162903,2025-10-17 18:53:07.448307+00:00,2025-10-17 18:53:07.448308+00:00,,,,,,,0.0
BFRE,BFRE,BFRE,BFRE,NASDAQ,28.909299850463867,28.909299850463867,28.909299850463867,28.91 - 28.91,32,32,0.0010358494975338205,2025-10-17 18:53:07.448985+00:00,2025-10-17 18:53:07.448985+00:00,,,,,,,0.6364733872897569
BFRG,BFRG,BFRG,BFRG,NASDAQ,1.4550000429153442,1.4500000476837158,1.4800000190734863,1.45 - 1.48,65445,65445,-1.020407170268328,2025-10-17 18:53:07.449697+00:00,2025-10-17 18:53:07.449698+00:00,,,,,,,0.0
BFRI,BFRI,BFRI,BFRI,NASDAQ,0.9750000238418579,0.949999988079071,0.9750000238418579,0.95 - 0.98,24220,24220,-1.5151500555948771,2025-10-17 18:53:07.450654+00:00,2025-10-17 18:53:07.450654+00:00,,,,,,,0.0
BFRZ,BFRZ,BFRZ,BFRZ,NASDAQ,26.5,26.45050048828125,26.579299926757812,26.45 - 26.58,23958,23958,-0.11308211786292699,2025-10-17 18:53:07.456299+00:00,2025-10-17 18:53:07.456301+00:00,,,,,,,0.1169811320754717
BFS,BFS,BFS,BFS,NASDAQ,29.8799991607666,29.829999923706055,30.280000686645508,29.83 - 30.28,34081,34081,-0.2670224504363092,2025-10-17 18:53:07.457111+00:00,2025-10-17 18:53:07.457112+00:00,,,,,,,7.898259927325419
BFST,BFST,BFST,BFST,NASDAQ,22.790000915527344,22.780000686645508,23.059999465942383,22.78 - 23.06,61166,61166,0.2639743708728306,2025-10-17 18:53:07.463185+00:00,2025-10-17 18:53:07.463187+00:00,,,,,,,2.457217979392267
BFZ,BFZ,BFZ,BFZ,NASDAQ,10.84000015258789,10.819999694824219,10.885000228881836,10.82 - 10.89,36096,36096,-0.5504538352495189,2025-10-17 18:53:07.469921+00:00,2025-10-17 18:53:07.469923+00:00,,,,,,,6.531365221715199
BG,BG,BG,BG,NASDAQ,97.52619934082031,92.6895980834961,98.2300033569336,92.69 - 98.23,1343313,1343313,2.3037841892185846,2025-10-17 18:53:07.472062+00:00,2025-10-17 18:53:07.472064+00:00,,,,,,,2.83000877574933
BGB,BGB,BGB,BGB,NASDAQ,11.630000114440918,11.616999626159668,11.729999542236328,11.62 - 11.73,131838,131838,-0.9369647259096096,2025-10-17 18:53:07.477519+00:00,2025-10-17 18:53:07.477521+00:00,,,,,,,9.1573515865885
BGC,BGC,BGC,BGC,NASDAQ,9.225000381469727,9.029999732971191,9.239999771118164,9.03 - 9.24,1638384,1638384,1.3736263160443016,2025-10-17 18:53:07.478625+00:00,2025-10-17 18:53:07.478627+00:00,,,,,,,0.867208636226142
BGDV,BGDV,BGDV,BGDV,NASDAQ,26.690000534057617,26.520000457763672,26.690000534057617,26.52 - 26.69,456,456,0.24789657218853065,2025-10-17 18:53:07.484456+00:00,2025-10-17 18:53:07.484458+00:00,,,,,,,0.9254402212724466
BGH,BGH,BGH,BGH,NASDAQ,14.859999656677246,14.789999961853027,15.0,14.79 - 15.00,76742,76742,-0.6684517460877838,2025-10-17 18:53:07.486476+00:00,2025-10-17 18:53:07.486478+00:00,,,,,,,11.366083708091196
BGI,BGI,BGI,BGI,NASDAQ,1.1799999475479126,1.15910005569458,1.2000000476837158,1.16 - 1.20,81976,81976,0.0,2025-10-17 18:53:07.487930+00:00,2025-10-17 18:53:07.487932+00:00,,,,,,,0.0
BGIG,BGIG,BGIG,BGIG,NASDAQ,32.07500076293945,31.917299270629883,32.07500076293945,31.92 - 32.08,18476,18476,0.265711136072065,2025-10-17 18:53:07.488777+00:00,2025-10-17 18:53:07.488778+00:00,,,,,,,1.9080280138516026
BGLC,BGLC,BGLC,BGLC,NASDAQ,5.059999942779541,5.0,5.255000114440918,5.00 - 5.26,24567,24567,-1.937982705226653,2025-10-17 18:53:07.500734+00:00,2025-10-17 18:53:07.500736+00:00,,,,,,,0.0
BGLD,BGLD,BGLD,BGLD,NASDAQ,24.109899520874023,24.065500259399414,24.168100357055664,24.07 - 24.17,8263,8263,-0.289912255653498,2025-10-17 18:53:07.501973+00:00,2025-10-17 18:53:07.501975+00:00,,,,,,,19.062709058662172
BGM,BGM,BGM,BGM,NASDAQ,9.260000228881836,9.260000228881836,9.260000228881836,9.26 - 9.26,638,638,-1.279316461567383,2025-10-17 18:53:07.503004+00:00,2025-10-17 18:53:07.503006+00:00,,,,,,,0.0
BGRN,BGRN,BGRN,BGRN,NASDAQ,48.345001220703125,48.28030014038086,48.36000061035156,48.28 - 48.36,10674,10674,-0.031016107235587686,2025-10-17 18:53:07.503898+00:00,2025-10-17 18:53:07.503900+00:00,,,,,,,4.14520622484091
BGS,BGS,BGS,BGS,NASDAQ,4.630099773406982,4.545000076293945,4.670000076293945,4.55 - 4.67,2064618,2064618,0.6543449869227407,2025-10-17 18:53:07.506105+00:00,2025-10-17 18:53:07.506107+00:00,,,,,,,16.41433310714094
BGSF,BGSF,BGSF,BGSF,NASDAQ,3.6649999618530273,3.559999942779541,3.7799999713897705,3.56 - 3.78,62410,62410,-3.298153067497244,2025-10-17 18:53:07.506943+00:00,2025-10-17 18:53:07.506944+00:00,,,,,,,54.57025977672312
BGT,BGT,BGT,BGT,NASDAQ,11.670000076293945,11.520000457763672,11.920000076293945,11.52 - 11.92,160971,160971,-1.850296557412275,2025-10-17 18:53:07.507696+00:00,2025-10-17 18:53:07.507697+00:00,,,,,,,12.339331538867498
BGX,BGX,BGX,BGX,NASDAQ,11.619999885559082,11.579999923706055,11.671199798583984,11.58 - 11.67,42443,42443,-0.3430528505701926,2025-10-17 18:53:07.508501+00:00,2025-10-17 18:53:07.508503+00:00,,,,,,,9.32874363748623
BGY,BGY,BGY,BGY,NASDAQ,5.739999771118164,5.699999809265137,5.755000114440918,5.70 - 5.76,171858,171858,0.5253893655126317,2025-10-17 18:53:07.509208+00:00,2025-10-17 18:53:07.509210+00:00,,,,,,,8.83275296544542
BH,BH,BH,BH,NASDAQ,358.4800109863281,350.55999755859375,361.5,350.56 - 361.50,7279,7279,0.6513946822675102,2025-10-17 18:53:07.509954+00:00,2025-10-17 18:53:07.509955+00:00,,,,,,,0.0
BHAT,BHAT,BHAT,BHAT,NASDAQ,1.6303000450134277,1.600000023841858,1.6799999475479126,1.60 - 1.68,88211,88211,-1.1939352381436787,2025-10-17 18:53:07.510824+00:00,2025-10-17 18:53:07.510825+00:00,,,,,,,0.0
BHB,BHB,BHB,BHB,NASDAQ,28.725000381469727,28.420000076293945,28.905000686645508,28.42 - 28.91,35199,35199,1.537643873682689,2025-10-17 18:53:07.516844+00:00,2025-10-17 18:53:07.516846+00:00,,,,,,,4.316797157642213
BHC,BHC,BHC,BHC,NASDAQ,6.045000076293945,5.949999809265137,6.079999923706055,5.95 - 6.08,764960,764960,0.5823601677070338,2025-10-17 18:53:07.518481+00:00,2025-10-17 18:53:07.518483+00:00,,,,,,,0.0
BHE,BHE,BHE,BHE,NASDAQ,42.01499938964844,41.29999923706055,42.599998474121094,41.30 - 42.60,218816,218816,1.6082247643697853,2025-10-17 18:53:07.519295+00:00,2025-10-17 18:53:07.519296+00:00,,,,,,,1.6184696177040454
BHF,BHF,BHF,BHF,NASDAQ,46.91999816894531,44.650001525878906,47.130001068115234,44.65 - 47.13,1617587,1617587,3.943284898902916,2025-10-17 18:53:07.520000+00:00,2025-10-17 18:53:07.520001+00:00,,,,,,,0.0
BHFAL,BHFAL,BHFAL,BHFAL,NASDAQ,18.69930076599121,18.450000762939453,18.829999923706055,18.45 - 18.83,51821,51821,0.2106158569157334,2025-10-17 18:53:07.520894+00:00,2025-10-17 18:53:07.520896+00:00,,,,,,,8.36394911003559
BHFAM,BHFAM,BHFAM,BHFAM,NASDAQ,12.220000267028809,11.6850004196167,12.449999809265137,11.69 - 12.45,35012,35012,2.8619541187933,2025-10-17 18:53:07.521825+00:00,2025-10-17 18:53:07.521826+00:00,,,,,,,9.4599015936116
BHFAN,BHFAN,BHFAN,BHFAN,NASDAQ,13.149999618530273,12.800000190734863,13.520000457763672,12.80 - 13.52,81970,81970,2.017061817552268,2025-10-17 18:53:07.522730+00:00,2025-10-17 18:53:07.522731+00:00,,,,,,,10.220532615880137
BHFAO,BHFAO,BHFAO,BHFAO,NASDAQ,16.375,16.0,16.6200008392334,16.00 - 16.62,77321,77321,2.6645780302015205,2025-10-17 18:53:07.527582+00:00,2025-10-17 18:53:07.527583+00:00,,,,,,,10.308396946564885
BHFAP,BHFAP,BHFAP,BHFAP,NASDAQ,16.160499572753906,15.3100004196167,16.56999969482422,15.31 - 16.57,104747,104747,3.2619806176811585,2025-10-17 18:53:07.531278+00:00,2025-10-17 18:53:07.531280+00:00,,,,,,,10.222456258624701
BHK,BHK,BHK,BHK,NASDAQ,9.845000267028809,9.84000015258789,9.930299758911133,9.84 - 9.93,141956,141956,-0.7560464585516032,2025-10-17 18:53:07.532334+00:00,2025-10-17 18:53:07.532337+00:00,,,,,,,9.026937286901747
BHM,BHM,BHM,BHM,NASDAQ,10.800000190734863,10.779999732971191,10.845000267028809,10.78 - 10.85,352,352,0.0,2025-10-17 18:53:07.539083+00:00,2025-10-17 18:53:07.539085+00:00,,,,,,,3.4722221609005723
BHP,BHP,BHP,BHP,NASDAQ,55.599998474121094,55.33000183105469,56.20000076293945,55.33 - 56.20,1815922,1815922,-1.2082450602787251,2025-10-17 18:53:07.540333+00:00,2025-10-17 18:53:07.540334+00:00,,,,,,,1.798561200438608
BHRB,BHRB,BHRB,BHRB,NASDAQ,58.779998779296875,58.2400016784668,59.04999923706055,58.24 - 59.05,46423,46423,1.2052288673791112,2025-10-17 18:53:07.541105+00:00,2025-10-17 18:53:07.541106+00:00,,,,,,,3.7427697272679605
BHV,BHV,BHV,BHV,NASDAQ,10.9350004196167,10.800000190734863,10.949899673461914,10.80 - 10.95,15190,15190,1.2500020972004273,2025-10-17 18:53:07.542769+00:00,2025-10-17 18:53:07.542771+00:00,,,,,,,5.706446968951035
BHVN,BHVN,BHVN,BHVN,NASDAQ,16.09000015258789,15.8149995803833,16.68000030517578,15.81 - 16.68,998324,998324,-2.3665012165134733,2025-10-17 18:53:07.543800+00:00,2025-10-17 18:53:07.543802+00:00,,,,,,,0.0
BHYB,BHYB,BHYB,BHYB,NASDAQ,54.489498138427734,54.48720169067383,54.489498138427734,54.49 - 54.49,12,12,-0.0009240962076561792,2025-10-17 18:53:07.544679+00:00,2025-10-17 18:53:07.544680+00:00,,,,,,,6.715055423532259
BIAF,BIAF,BIAF,BIAF,NASDAQ,2.968100070953369,2.9600000381469727,3.219899892807007,2.96 - 3.22,603049,603049,-12.958944391629565,2025-10-17 18:53:07.550624+00:00,2025-10-17 18:53:07.550626+00:00,,,,,,,0.0
BIB,BIB,BIB,BIB,NASDAQ,67.19000244140625,65.47660064697266,67.19000244140625,65.48 - 67.19,9502,9502,1.4801440424176366,2025-10-17 18:53:07.560429+00:00,2025-10-17 18:53:07.560431+00:00,,,,,,,1.3082303438916247
BIBL,BIBL,BIBL,BIBL,NASDAQ,44.39500045776367,44.150001525878906,44.47010040283203,44.15 - 44.47,18307,18307,-0.23595402749736655,2025-10-17 18:53:07.561292+00:00,2025-10-17 18:53:07.561294+00:00,,,,,,,0.9843450737561118
BIDD,BIDD,BIDD,BIDD,NASDAQ,28.47010040283203,28.280000686645508,28.47100067138672,28.28 - 28.47,26370,26370,0.45906933501643055,2025-10-17 18:53:07.562338+00:00,2025-10-17 18:53:07.562340+00:00,,,,,,,1.4646945184588087
BIGY,BIGY,BIGY,BIGY,NASDAQ,52.08000183105469,51.83000183105469,52.08000183105469,51.83 - 52.08,1295,1295,0.3255620875038405,2025-10-17 18:53:07.563890+00:00,2025-10-17 18:53:07.563892+00:00,,,,,,,9.52188906614632
BIL,BIL,BIL,BIL,NASDAQ,91.62999725341797,91.62000274658203,91.62999725341797,91.62 - 91.63,6811941,6811941,0.03274975960327148,2025-10-17 18:53:07.564937+00:00,2025-10-17 18:53:07.564938+00:00,,,,,,,4.255156735644844
BILD,BILD,BILD,BILD,NASDAQ,28.58489990234375,28.58489990234375,28.58489990234375,28.58 - 28.58,4,4,-0.00034697265028119464,2025-10-17 18:53:07.565960+00:00,2025-10-17 18:53:07.565962+00:00,,,,,,,4.999142921199569
BILL,BILL,BILL,BILL,NASDAQ,50.81999969482422,49.5099983215332,51.060001373291016,49.51 - 51.06,1819089,1819089,2.356491707931727,2025-10-17 18:53:07.570951+00:00,2025-10-17 18:53:07.570953+00:00,,,,,,,0.0
BILS,BILS,BILS,BILS,NASDAQ,99.3949966430664,99.38999938964844,99.4000015258789,99.39 - 99.40,388781,388781,0.02515235563403937,2025-10-17 18:53:07.575294+00:00,2025-10-17 18:53:07.575296+00:00,,,,,,,4.233613503817691
BILZ,BILZ,BILZ,BILZ,NASDAQ,101.00399780273438,100.99009704589844,101.01000213623047,100.99 - 101.01,58697,58697,0.0386286993100334,2025-10-17 18:53:07.577181+00:00,2025-10-17 18:53:07.577183+00:00,,,,,,,4.32656141842506
BINC,BINC,BINC,BINC,NASDAQ,53.244998931884766,53.20000076293945,53.2599983215332,53.20 - 53.26,1074173,1074173,0.009386275846024092,2025-10-17 18:53:07.578003+00:00,2025-10-17 18:53:07.578004+00:00,,,,,,,5.904779909981884
BINT,BINT,BINT,BINT,NASDAQ,27.579999923706055,27.530000686645508,27.579999923706055,27.53 - 27.58,5557,5557,0.07257060287097498,2025-10-17 18:53:07.579372+00:00,2025-10-17 18:53:07.579374+00:00,,,,,,,0.3915881084073895
BINV,BINV,BINV,BINV,NASDAQ,39.109901428222656,38.891998291015625,39.109901428222656,38.89 - 39.11,17223,17223,0.6715807648679816,2025-10-17 18:53:07.580566+00:00,2025-10-17 18:53:07.580568+00:00,,,,,,,2.0404040175466767
BIO,BIO,BIO,BIO,NASDAQ,311.8599853515625,309.20001220703125,313.63250732421875,309.20 - 313.63,63413,63413,-0.16966909056664084,2025-10-17 18:53:07.581288+00:00,2025-10-17 18:53:07.581289+00:00,,,,,,,0.0
BIOA,BIOA,BIOA,BIOA,NASDAQ,5.119999885559082,5.059999942779541,5.239999771118164,5.06 - 5.24,54584,54584,0.19568985877502126,2025-10-17 18:53:07.582186+00:00,2025-10-17 18:53:07.582187+00:00,,,,,,,0.0
BIOX,BIOX,BIOX,BIOX,NASDAQ,1.774999976158142,1.7300000190734863,1.9800000190734863,1.73 - 1.98,1350492,1350492,-3.5326117413762286,2025-10-17 18:53:07.587025+00:00,2025-10-17 18:53:07.587027+00:00,,,,,,,0.0
BIP,BIP,BIP,BIP,NASDAQ,34.39500045776367,33.86000061035156,34.43000030517578,33.86 - 34.43,349793,349793,1.2511016243400361,2025-10-17 18:53:07.588110+00:00,2025-10-17 18:53:07.588112+00:00,,,,,,,4.928041800962974
BIPC,BIPC,BIPC,BIPC,NASDAQ,45.6150016784668,45.150001525878906,46.040000915527344,45.15 - 46.04,424441,424441,-0.6425575472136299,2025-10-17 18:53:07.588902+00:00,2025-10-17 18:53:07.588903+00:00,,,,,,,3.7158827965146135
BIPH,BIPH,BIPH,BIPH,NASDAQ,17.350000381469727,17.049999237060547,17.350000381469727,17.05 - 17.35,2761,2761,0.5214377253442317,2025-10-17 18:53:07.589920+00:00,2025-10-17 18:53:07.589921+00:00,,,,,,,7.216138169870994
BIPI,BIPI,BIPI,BIPI,NASDAQ,17.780000686645508,17.3700008392334,17.780000686645508,17.37 - 17.78,31352,31352,1.310549627257328,2025-10-17 18:53:07.590689+00:00,2025-10-17 18:53:07.590691+00:00,,,,,,,3.5995499172320145
BIPJ,BIPJ,BIPJ,BIPJ,NASDAQ,25.139999389648438,25.060100555419922,25.139999389648438,25.06 - 25.14,8077,8077,0.27921697517479593,2025-10-17 18:53:07.591390+00:00,2025-10-17 18:53:07.591391+00:00,,,,,,,7.207637406491359
BIRD,BIRD,BIRD,BIRD,NASDAQ,6.715000152587891,6.199999809265137,6.889999866485596,6.20 - 6.89,56160,56160,7.268369122525208,2025-10-17 18:53:07.592093+00:00,2025-10-17 18:53:07.592094+00:00,,,,,,,0.0
BIRK,BIRK,BIRK,BIRK,NASDAQ,41.88999938964844,41.42499923706055,42.095001220703125,41.42 - 42.10,1476370,1476370,-1.039457647940496,2025-10-17 18:53:07.592738+00:00,2025-10-17 18:53:07.592738+00:00,,,,,,,0.0
BIS,BIS,BIS,BIS,NASDAQ,11.71500015258789,11.71500015258789,11.819999694824219,11.72 - 11.82,2413,2413,-0.12787203950374462,2025-10-17 18:53:07.593370+00:00,2025-10-17 18:53:07.593371+00:00,,,,,,,5.130174922509383
BIT,BIT,BIT,BIT,NASDAQ,13.055000305175781,13.020000457763672,13.100000381469727,13.02 - 13.10,397625,397625,-0.03828571424398712,2025-10-17 18:53:07.594016+00:00,2025-10-17 18:53:07.594017+00:00,,,,,,,11.130218046980238
BITB,BITB,BITB,BITB,NASDAQ,57.959999084472656,56.845001220703125,58.44499969482422,56.85 - 58.44,3343662,3343662,-1.529054564298841,2025-10-17 18:53:07.594658+00:00,2025-10-17 18:53:07.594659+00:00,,,,,,,0.0
BITC,BITC,BITC,BITC,NASDAQ,42.010101318359375,42.0099983215332,42.16899871826172,42.01 - 42.17,10918,10918,-0.1305059078612511,2025-10-17 18:53:07.595301+00:00,2025-10-17 18:53:07.595302+00:00,,,,,,,48.12652044512988
BITF,BITF,BITF,BITF,NASDAQ,4.926599979400635,4.679999828338623,5.150000095367432,4.68 - 5.15,156258834,156258834,-6.693185916000983,2025-10-17 18:53:07.595957+00:00,2025-10-17 18:53:07.595958+00:00,,,,,,,0.0
BITI,BITI,BITI,BITI,NASDAQ,19.675600051879883,19.5,20.020000457763672,19.50 - 20.02,2640891,2640891,1.7352631677569323,2025-10-17 18:53:07.596628+00:00,2025-10-17 18:53:07.596629+00:00,,,,,,,2.190530397363005
BITO,BITO,BITO,BITO,NASDAQ,17.56999969482422,17.219999313354492,17.71820068359375,17.22 - 17.72,25083446,25083446,-1.5686312642109492,2025-10-17 18:53:07.597259+00:00,2025-10-17 18:53:07.597260+00:00,,,,,,,58.42914159539892
BITQ,BITQ,BITQ,BITQ,NASDAQ,27.965900421142578,26.959999084472656,28.037500381469727,26.96 - 28.04,362926,362926,-1.8051233474611972,2025-10-17 18:53:07.597898+00:00,2025-10-17 18:53:07.597899+00:00,,,,,,,0.5435190632556428
BITS,BITS,BITS,BITS,NASDAQ,104.86689758300781,104.0,104.86689758300781,104.00 - 104.87,5049,5049,-2.7803940130477605,2025-10-17 18:53:07.598511+00:00,2025-10-17 18:53:07.598511+00:00,,,,,,,18.682730634318492
BITX,BITX,BITX,BITX,NASDAQ,46.9900016784668,45.09000015258789,47.75,45.09 - 47.75,10891077,10891077,-3.053434093177146,2025-10-17 18:53:07.599154+00:00,2025-10-17 18:53:07.599155+00:00,,,,,,,12.577143623955777
BITY,BITY,BITY,BITY,NASDAQ,49.65999984741211,48.5099983215332,49.667999267578125,48.51 - 49.67,12527,12527,-1.2919926617692052,2025-10-17 18:53:07.599787+00:00,2025-10-17 18:53:07.599788+00:00,,,,,,,11.524365722079715
BIV,BIV,BIV,BIV,NASDAQ,78.60009765625,78.55500030517578,78.69290161132812,78.56 - 78.69,1102587,1102587,-0.2030275211317077,2025-10-17 18:53:07.600407+00:00,2025-10-17 18:53:07.600408+00:00,,,,,,,3.8880358817938414
BIVI,BIVI,BIVI,BIVI,NASDAQ,1.8377000093460083,1.809999942779541,1.8799999952316284,1.81 - 1.88,79872,79872,-0.6648656398558535,2025-10-17 18:53:07.601071+00:00,2025-10-17 18:53:07.601072+00:00,,,,,,,0.0
BIYA,BIYA,BIYA,BIYA,NASDAQ,0.47540000081062317,0.39399999380111694,0.5098999738693237,0.39 - 0.51,788119,788119,-1.776858804415793,2025-10-17 18:53:07.601838+00:00,2025-10-17 18:53:07.601840+00:00,,,,,,,0.0
BIZD,BIZD,BIZD,BIZD,NASDAQ,14.005000114440918,13.829999923706055,14.029999732971191,13.83 - 14.03,4000467,4000467,0.7553992718867918,2025-10-17 18:53:07.602543+00:00,2025-10-17 18:53:07.602544+00:00,,,,,,,12.24562646187785
BJ,BJ,BJ,BJ,NASDAQ,94.01959991455078,92.8499984741211,94.12999725341797,92.85 - 94.13,842119,842119,1.096343994140625,2025-10-17 18:53:07.603230+00:00,2025-10-17 18:53:07.603231+00:00,,,,,,,0.0
BJAN,BJAN,BJAN,BJAN,NASDAQ,52.790000915527344,52.65999984741211,52.790000915527344,52.66 - 52.79,3444,3444,0.20310586152655088,2025-10-17 18:53:07.603900+00:00,2025-10-17 18:53:07.603901+00:00,,,,,,,0.0
BJDX,BJDX,BJDX,BJDX,NASDAQ,2.6500000953674316,2.609999895095825,2.84689998626709,2.61 - 2.85,122517,122517,-9.863944088735826,2025-10-17 18:53:07.604655+00:00,2025-10-17 18:53:07.604657+00:00,,,,,,,0.0
BJRI,BJRI,BJRI,BJRI,NASDAQ,30.649999618530273,30.43000030517578,31.21500015258789,30.43 - 31.22,158277,158277,-1.7313270480316119,2025-10-17 18:53:07.606403+00:00,2025-10-17 18:53:07.606404+00:00,,,,,,,0.0
BJUL,BJUL,BJUL,BJUL,NASDAQ,49.36000061035156,49.209999084472656,49.400001525878906,49.21 - 49.40,2659,2659,0.22335149309961927,2025-10-17 18:53:07.607443+00:00,2025-10-17 18:53:07.607444+00:00,,,,,,,0.0
BK,BK,BK,BK,NASDAQ,105.55999755859375,103.11029815673828,107.0999984741211,103.11 - 107.10,4644030,4644030,-1.0869599408178607,2025-10-17 18:53:07.616691+00:00,2025-10-17 18:53:07.616693+00:00,,,,,,,1.8378173975640288
BKAG,BKAG,BKAG,BKAG,NASDAQ,42.875,42.83000183105469,42.88999938964844,42.83 - 42.89,51861,51861,-0.12811624687817724,2025-10-17 18:53:07.617499+00:00,2025-10-17 18:53:07.617501+00:00,,,,,,,4.1212827988338185
BKCG,BKCG,BKCG,BKCG,NASDAQ,35.16999816894531,35.040000915527344,35.18009948730469,35.04 - 35.18,4744,4744,0.2336893376671227,2025-10-17 18:53:07.618202+00:00,2025-10-17 18:53:07.618203+00:00,,,,,,,0.4122832173702906
BKCH,BKCH,BKCH,BKCH,NASDAQ,106.19010162353516,102.16000366210938,106.94010162353516,102.16 - 106.94,191944,191944,-2.64934007976592,2025-10-17 18:53:07.619571+00:00,2025-10-17 18:53:07.619573+00:00,,,,,,,3.5916718617723733
BKCI,BKCI,BKCI,BKCI,NASDAQ,52.720001220703125,52.369998931884766,52.720001220703125,52.37 - 52.72,3346,3346,0.5646296267594058,2025-10-17 18:53:07.620612+00:00,2025-10-17 18:53:07.620614+00:00,,,,,,,0.6999241112594926
BKD,BKD,BKD,BKD,NASDAQ,8.744999885559082,8.585000038146973,8.75,8.59 - 8.75,1233643,1233643,0.9815247072131698,2025-10-17 18:53:07.621775+00:00,2025-10-17 18:53:07.621776+00:00,,,,,,,0.0
BKDV,BKDV,BKDV,BKDV,NASDAQ,27.65999984741211,27.5,27.68000030517578,27.50 - 27.68,65740,65740,0.435725954595408,2025-10-17 18:53:07.623517+00:00,2025-10-17 18:53:07.623519+00:00,,,,,,,0.2458423730120235
BKE,BKE,BKE,BKE,NASDAQ,54.31999969482422,53.5,54.48500061035156,53.50 - 54.49,203009,203009,0.8353457803265429,2025-10-17 18:53:07.632963+00:00,2025-10-17 18:53:07.632965+00:00,,,,,,,7.179676034445199
BKEM,BKEM,BKEM,BKEM,NASDAQ,73.65290069580078,73.59850311279297,73.65290069580078,73.60 - 73.65,1037,1037,-0.2466288222791756,2025-10-17 18:53:07.635101+00:00,2025-10-17 18:53:07.635103+00:00,,,,,,,2.571521260001079
BKF,BKF,BKF,BKF,NASDAQ,44.84000015258789,44.54999923706055,44.939998626708984,44.55 - 44.94,1846,1846,0.4030459153398579,2025-10-17 18:53:07.644854+00:00,2025-10-17 18:53:07.644856+00:00,,,,,,,2.243532552579485
BKGI,BKGI,BKGI,BKGI,NASDAQ,39.665000915527344,39.46500015258789,39.665000915527344,39.47 - 39.67,18393,18393,-0.03780088087973379,2025-10-17 18:53:07.646720+00:00,2025-10-17 18:53:07.646723+00:00,,,,,,,3.171561757124631
BKH,BKH,BKH,BKH,NASDAQ,62.779998779296875,62.099998474121094,62.849998474121094,62.10 - 62.85,522506,522506,0.6089699425093348,2025-10-17 18:53:07.648215+00:00,2025-10-17 18:53:07.648216+00:00,,,,,,,4.265689793041428
BKHA,BKHA,BKHA,BKHA,NASDAQ,11.154999732971191,11.100000381469727,11.154999732971191,11.10 - 11.15,1486,1486,0.7678413775089303,2025-10-17 18:53:07.657027+00:00,2025-10-17 18:53:07.657029+00:00,,,,,,,0.0
BKHY,BKHY,BKHY,BKHY,NASDAQ,48.33000183105469,48.25,48.36000061035156,48.25 - 48.36,10625,10625,0.0621171728117123,2025-10-17 18:53:07.659111+00:00,2025-10-17 18:53:07.659113+00:00,,,,,,,7.260500449112903
BKIE,BKIE,BKIE,BKIE,NASDAQ,89.78970336914062,89.2251968383789,89.78970336914062,89.23 - 89.79,12059,12059,-0.044860804956736756,2025-10-17 18:53:07.660571+00:00,2025-10-17 18:53:07.660572+00:00,,,,,,,2.701868821223637
BKKT,BKKT,BKKT,BKKT,NASDAQ,36.17499923706055,35.810001373291016,39.48360061645508,35.81 - 39.48,1340004,1340004,-7.598983838740914,2025-10-17 18:53:07.661991+00:00,2025-10-17 18:53:07.661993+00:00,,,,,,,0.0
BKLC,BKLC,BKLC,BKLC,NASDAQ,127.60399627685547,126.52999877929688,127.68990325927734,126.53 - 127.69,53290,53290,0.5230769045838873,2025-10-17 18:53:07.663072+00:00,2025-10-17 18:53:07.663073+00:00,,,,,,,1.0540422237888434
BKLN,BKLN,BKLN,BKLN,NASDAQ,20.854999542236328,20.815000534057617,20.860000610351562,20.82 - 20.86,17813710,17813710,0.16810685843002302,2025-10-17 18:53:07.663822+00:00,2025-10-17 18:53:07.663823+00:00,,,,,,,7.355550389216195
BKMC,BKMC,BKMC,BKMC,NASDAQ,107.08999633789062,106.68000030517578,107.48999786376953,106.68 - 107.49,7403,7403,-0.12683639186966347,2025-10-17 18:53:07.664667+00:00,2025-10-17 18:53:07.664668+00:00,,,,,,,1.4445793752003704
BKN,BKN,BKN,BKN,NASDAQ,11.300000190734863,11.279999732971191,11.34000015258789,11.28 - 11.34,25758,25758,-0.4405303000385335,2025-10-17 18:53:07.665342+00:00,2025-10-17 18:53:07.665343+00:00,,,,,,,6.053097242961357
BKSE,BKSE,BKSE,BKSE,NASDAQ,109.75,109.38999938964844,109.75,109.39 - 109.75,1584,1584,-0.41738416504302916,2025-10-17 18:53:07.666637+00:00,2025-10-17 18:53:07.666639+00:00,,,,,,,1.3056947608200455
BKSY,BKSY,BKSY,BKSY,NASDAQ,24.5,24.360000610351562,25.950000762939453,24.36 - 25.95,1521605,1521605,-5.986183798588079,2025-10-17 18:53:07.667277+00:00,2025-10-17 18:53:07.667278+00:00,,,,,,,0.0
BKT,BKT,BKT,BKT,NASDAQ,11.209699630737305,11.199999809265137,11.279999732971191,11.20 - 11.28,88521,88521,-0.09180602536858619,2025-10-17 18:53:07.667943+00:00,2025-10-17 18:53:07.667944+00:00,,,,,,,9.351918735855085
BKTI,BKTI,BKTI,BKTI,NASDAQ,64.37999725341797,63.334999084472656,65.48999786376953,63.33 - 65.49,22594,22594,-2.098547503015038,2025-10-17 18:53:07.668616+00:00,2025-10-17 18:53:07.668616+00:00,,,,,,,0.0
BKUI,BKUI,BKUI,BKUI,NASDAQ,49.900001525878906,49.900001525878906,49.90999984741211,49.90 - 49.91,13073,13073,0.0,2025-10-17 18:53:07.669257+00:00,2025-10-17 18:53:07.669258+00:00,,,,,,,4.577154168653648
BKV,BKV,BKV,BKV,NASDAQ,20.260000228881836,20.079999923706055,20.586200714111328,20.08 - 20.59,212985,212985,-0.6375633381950925,2025-10-17 18:53:07.669978+00:00,2025-10-17 18:53:07.669979+00:00,,,,,,,0.0
BKYI,BKYI,BKYI,BKYI,NASDAQ,0.7300000190734863,0.7149999737739563,0.7490000128746033,0.71 - 0.75,64965,64965,0.0,2025-10-17 18:53:07.671321+00:00,2025-10-17 18:53:07.671322+00:00,,,,,,,0.0
BL,BL,BL,BL,NASDAQ,49.8650016784668,49.279998779296875,50.09000015258789,49.28 - 50.09,257028,257028,0.25130678685544633,2025-10-17 18:53:07.672006+00:00,2025-10-17 18:53:07.672007+00:00,,,,,,,0.0
BLBD,BLBD,BLBD,BLBD,NASDAQ,54.03499984741211,53.810001373291016,55.86000061035156,53.81 - 55.86,237771,237771,-2.2698517766940145,2025-10-17 18:53:07.672900+00:00,2025-10-17 18:53:07.672902+00:00,,,,,,,0.0
BLBX,BLBX,BLBX,BLBX,NASDAQ,9.3100004196167,9.15999984741211,10.890000343322754,9.16 - 10.89,353092,353092,-12.909253647670585,2025-10-17 18:53:07.673751+00:00,2025-10-17 18:53:07.673753+00:00,,,,,,,0.0
BLCN,BLCN,BLCN,BLCN,NASDAQ,28.15999984741211,28.15999984741211,28.360000610351562,28.16 - 28.36,4529,4529,-2.0112777675751934,2025-10-17 18:53:07.674517+00:00,2025-10-17 18:53:07.674518+00:00,,,,,,,0.10653409148635695
BLCO,BLCO,BLCO,BLCO,NASDAQ,14.920000076293945,14.77299976348877,14.954999923706055,14.77 - 14.95,105228,105228,0.403771339185317,2025-10-17 18:53:07.675351+00:00,2025-10-17 18:53:07.675352+00:00,,,,,,,0.0
BLCV,BLCV,BLCV,BLCV,NASDAQ,35.31999969482422,35.249900817871094,35.38999938964844,35.25 - 35.39,3504,3504,0.19858069453679078,2025-10-17 18:53:07.676183+00:00,2025-10-17 18:53:07.676185+00:00,,,,,,,1.4524348936366918
BLD,BLD,BLD,BLD,NASDAQ,433.8949890136719,429.81500244140625,437.54998779296875,429.82 - 437.55,94075,94075,-0.20125584150484788,2025-10-17 18:53:07.677030+00:00,2025-10-17 18:53:07.677032+00:00,,,,,,,0.0
BLDG,BLDG,BLDG,BLDG,NASDAQ,25.10059928894043,25.10059928894043,25.1299991607666,25.10 - 25.13,1648,1648,-0.12494302315821174,2025-10-17 18:53:07.684067+00:00,2025-10-17 18:53:07.684069+00:00,,,,,,,5.932129280499162
BLE,BLE,BLE,BLE,NASDAQ,10.453300476074219,10.4350004196167,10.525500297546387,10.44 - 10.53,82602,82602,-0.634030216607349,2025-10-17 18:53:07.689288+00:00,2025-10-17 18:53:07.689289+00:00,,,,,,,6.198999076733315
BLES,BLES,BLES,BLES,NASDAQ,42.528900146484375,42.310001373291016,42.528900146484375,42.31 - 42.53,4486,4486,0.24254339773493688,2025-10-17 18:53:07.695182+00:00,2025-10-17 18:53:07.695183+00:00,,,,,,,1.6694530014990094
BLFS,BLFS,BLFS,BLFS,NASDAQ,26.93000030517578,26.8700008392334,27.8799991607666,26.87 - 27.88,135584,135584,-2.8849594311822684,2025-10-17 18:53:07.696041+00:00,2025-10-17 18:53:07.696042+00:00,,,,,,,0.0
BLFY,BLFY,BLFY,BLFY,NASDAQ,8.579999923706055,8.5600004196167,8.774999618530273,8.56 - 8.77,21250,21250,-0.4640366865901994,2025-10-17 18:53:07.697548+00:00,2025-10-17 18:53:07.697550+00:00,,,,,,,0.0
BLIN,BLIN,BLIN,BLIN,NASDAQ,1.2899999618530273,1.0400999784469604,1.3646999597549438,1.04 - 1.36,469998,469998,-5.147062626161338,2025-10-17 18:53:07.705707+00:00,2025-10-17 18:53:07.705709+00:00,,,,,,,0.0
BLIV,BLIV,BLIV,BLIV,NASDAQ,3.640000104904175,3.640000104904175,3.640000104904175,3.64 - 3.64,1257,1257,-0.2739723343007248,2025-10-17 18:53:07.721435+00:00,2025-10-17 18:53:07.721436+00:00,,,,,,,0.0
BLK,BLK,BLK,BLK,NASDAQ,1167.510009765625,1154.1500244140625,1176.1800537109375,1154.15 - 1176.18,465694,465694,-0.32867569612103487,2025-10-17 18:53:07.723762+00:00,2025-10-17 18:53:07.723764+00:00,,,,,,,1.7755736419049202
BLKB,BLKB,BLKB,BLKB,NASDAQ,63.040000915527344,62.189998626708984,63.64500045776367,62.19 - 63.65,84808,84808,0.9609261723489304,2025-10-17 18:53:07.724848+00:00,2025-10-17 18:53:07.724850+00:00,,,,,,,0.0
BLKC,BLKC,BLKC,BLKC,NASDAQ,30.010000228881836,29.572099685668945,30.010000228881836,29.57 - 30.01,1593,1593,-1.9633459571885565,2025-10-17 18:53:07.725871+00:00,2025-10-17 18:53:07.725873+00:00,,,,,,,18.217260774088636
BLMN,BLMN,BLMN,BLMN,NASDAQ,7.414999961853027,7.369999885559082,7.659999847412109,7.37 - 7.66,620197,620197,-3.071897131827646,2025-10-17 18:53:07.732257+00:00,2025-10-17 18:53:07.732258+00:00,,,,,,,9.305461949423492
BLMZ,BLMZ,BLMZ,BLMZ,NASDAQ,0.17990000545978546,0.17599999904632568,0.2395000010728836,0.18 - 0.24,55965591,55965591,-7.743583559754576,2025-10-17 18:53:07.733697+00:00,2025-10-17 18:53:07.733699+00:00,,,,,,,0.0
BLND,BLND,BLND,BLND,NASDAQ,3.309999942779541,3.2300000190734863,3.3498001098632812,3.23 - 3.35,1578161,1578161,1.223240430774983,2025-10-17 18:53:07.736431+00:00,2025-10-17 18:53:07.736432+00:00,,,,,,,0.0
BLNE,BLNE,BLNE,BLNE,NASDAQ,3.190999984741211,3.0399999618530273,3.2799999713897705,3.04 - 3.28,342868,342868,2.275644288025549,2025-10-17 18:53:07.737269+00:00,2025-10-17 18:53:07.737271+00:00,,,,,,,0.0
BLNK,BLNK,BLNK,BLNK,NASDAQ,1.8241000175476074,1.7599999904632568,1.8849999904632568,1.76 - 1.88,3558135,3558135,-4.497379611254131,2025-10-17 18:53:07.738005+00:00,2025-10-17 18:53:07.738006+00:00,,,,,,,0.0
BLOK,BLOK,BLOK,BLOK,NASDAQ,69.16000366210938,67.58999633789062,69.33999633789062,67.59 - 69.34,733841,733841,-0.9878236608227796,2025-10-17 18:53:07.739562+00:00,2025-10-17 18:53:07.739564+00:00,,,,,,,3.7449390729558054
BLOX,BLOX,BLOX,BLOX,NASDAQ,24.659400939941406,24.149999618530273,24.719900131225586,24.15 - 24.72,346795,346795,-2.3003123472335774,2025-10-17 18:53:07.741557+00:00,2025-10-17 18:53:07.741559+00:00,,,,,,,9.460894876084298
BLRX,BLRX,BLRX,BLRX,NASDAQ,3.8185999393463135,3.740000009536743,3.86929988861084,3.74 - 3.87,8360,8360,-0.03664905552225809,2025-10-17 18:53:07.746490+00:00,2025-10-17 18:53:07.746492+00:00,,,,,,,0.0
BLST,BLST,BLST,BLST,NASDAQ,25.43239974975586,25.422300338745117,25.450000762939453,25.42 - 25.45,13876,13876,-0.12410049983259018,2025-10-17 18:53:07.753711+00:00,2025-10-17 18:53:07.753713+00:00,,,,,,,0.8650383061162441
BLTD,BLTD,BLTD,BLTD,NASDAQ,26.25,26.190000534057617,26.25,26.19 - 26.25,14233,14233,-0.114157860965175,2025-10-17 18:53:07.754590+00:00,2025-10-17 18:53:07.754591+00:00,,,,,,,1.0057142857142858
BLTE,BLTE,BLTE,BLTE,NASDAQ,88.41000366210938,86.5,91.91999816894531,86.50 - 91.92,94401,94401,-0.7409857808197517,2025-10-17 18:53:07.755295+00:00,2025-10-17 18:53:07.755296+00:00,,,,,,,0.0
BLUC,BLUC,BLUC,BLUC,NASDAQ,28.0,27.719999313354492,28.0,27.72 - 28.00,5893,5893,0.647017638929987,2025-10-17 18:53:07.756022+00:00,2025-10-17 18:53:07.756023+00:00,,,,,,,0.28928571428571426
BLUI,BLUI,BLUI,BLUI,NASDAQ,25.425800323486328,25.418399810791016,25.418399810791016,25.42 - 25.42,221,221,-0.0007876646022102468,2025-10-17 18:53:07.757027+00:00,2025-10-17 18:53:07.757028+00:00,,,,,,,1.179903862152508
BLUX,BLUX,BLUX,BLUX,NASDAQ,27.31999969482422,27.229999542236328,27.34000015258789,27.23 - 27.34,4697,4697,-0.0731545634676184,2025-10-17 18:53:07.757868+00:00,2025-10-17 18:53:07.757869+00:00,,,,,,,0.4282576914602444
BLV,BLV,BLV,BLV,NASDAQ,71.86499786376953,71.74500274658203,71.9800033569336,71.75 - 71.98,397699,397699,-0.27060741247688735,2025-10-17 18:53:07.758741+00:00,2025-10-17 18:53:07.758742+00:00,,,,,,,4.5042789900810964
BLX,BLX,BLX,BLX,NASDAQ,44.900001525878906,44.500099182128906,45.13999938964844,44.50 - 45.14,52433,52433,0.1338121612106032,2025-10-17 18:53:07.759411+00:00,2025-10-17 18:53:07.759412+00:00,,,,,,,3.89754997890447
BLZE,BLZE,BLZE,BLZE,NASDAQ,9.239999771118164,9.220000267028809,9.529500007629395,9.22 - 9.53,233259,233259,-2.5316432775011317,2025-10-17 18:53:07.760129+00:00,2025-10-17 18:53:07.760130+00:00,,,,,,,0.0
BMA,BMA,BMA,BMA,NASDAQ,53.13999938964844,51.900001525878906,54.06999969482422,51.90 - 54.07,329581,329581,0.5867831683691639,2025-10-17 18:53:07.760802+00:00,2025-10-17 18:53:07.760803+00:00,,,,,,,0.7508468283455125
BMAX,BMAX,BMAX,BMAX,NASDAQ,27.457799911499023,27.049999237060547,27.847000122070312,27.05 - 27.85,2635,2635,-0.5692553355859594,2025-10-17 18:53:07.762054+00:00,2025-10-17 18:53:07.762055+00:00,,,,,,,0.0
BMAY,BMAY,BMAY,BMAY,NASDAQ,43.66999816894531,43.650001525878906,43.66999816894531,43.65 - 43.67,561,561,0.13987252093670327,2025-10-17 18:53:07.762689+00:00,2025-10-17 18:53:07.762690+00:00,,,,,,,0.0
BMBL,BMBL,BMBL,BMBL,NASDAQ,5.324999809265137,5.28000020980835,5.369800090789795,5.28 - 5.37,742399,742399,-0.0938107788459646,2025-10-17 18:53:07.763335+00:00,2025-10-17 18:53:07.763335+00:00,,,,,,,0.0
BME,BME,BME,BME,NASDAQ,37.625099182128906,37.369998931884766,37.625099182128906,37.37 - 37.63,21931,21931,0.5212366426995377,2025-10-17 18:53:07.764612+00:00,2025-10-17 18:53:07.764613+00:00,,,,,,,8.22589193723656
BMEA,BMEA,BMEA,BMEA,NASDAQ,1.534999966621399,1.4450000524520874,1.6100000143051147,1.45 - 1.61,2213600,2213600,-3.4591236228047215,2025-10-17 18:53:07.765236+00:00,2025-10-17 18:53:07.765237+00:00,,,,,,,0.0
BMED,BMED,BMED,BMED,NASDAQ,27.920000076293945,27.920000076293945,27.920000076293945,27.92 - 27.92,1498,1498,0.0,2025-10-17 18:53:07.765869+00:00,2025-10-17 18:53:07.765869+00:00,,,,,,,0.0
BMEZ,BMEZ,BMEZ,BMEZ,NASDAQ,14.859999656677246,14.769599914550781,14.899999618530273,14.77 - 14.90,74821,74821,0.0,2025-10-17 18:53:07.766517+00:00,2025-10-17 18:53:07.766518+00:00,,,,,,,13.492597889119507
BMGL,BMGL,BMGL,BMGL,NASDAQ,1.5199999809265137,1.4931000471115112,1.559999942779541,1.49 - 1.56,40384,40384,-0.653594160147165,2025-10-17 18:53:07.767174+00:00,2025-10-17 18:53:07.767175+00:00,,,,,,,0.0
BMHL,BMHL,BMHL,BMHL,NASDAQ,3.2300000190734863,3.0799999237060547,3.2300000190734863,3.08 - 3.23,5157,5157,-2.1212101289172622,2025-10-17 18:53:07.767810+00:00,2025-10-17 18:53:07.767811+00:00,,,,,,,0.0
BMI,BMI,BMI,BMI,NASDAQ,178.77000427246094,177.3000030517578,180.7449951171875,177.30 - 180.74,115499,115499,0.4946904749181242,2025-10-17 18:53:07.768442+00:00,2025-10-17 18:53:07.768443+00:00,,,,,,,0.794316700824036
BMN,BMN,BMN,BMN,NASDAQ,24.930400848388672,24.930400848388672,25.13990020751953,24.93 - 25.14,4441,4441,-0.912555645532142,2025-10-17 18:53:07.769059+00:00,2025-10-17 18:53:07.769060+00:00,,,,,,,3.7704969355145965
BOIL,BOIL,BOIL,BOIL,NASDAQ,26.010299682617188,24.75,26.235000610351562,24.75 - 26.24,5475645,5475645,5.092119929766414,2025-10-17 18:53:08.200899+00:00,2025-10-17 18:53:08.200901+00:00,,,,,,,0.0
BOTZ,BOTZ,BOTZ,BOTZ,NASDAQ,35.9900016784668,35.7400016784668,36.290000915527344,35.74 - 36.29,369887,369887,-1.370238358457123,2025-10-17 18:53:08.201604+00:00,2025-10-17 18:53:08.201605+00:00,,,,,,,0.21950540793463355
BSEP,BSEP,BSEP,BSEP,NASDAQ,48.09989929199219,47.93000030517578,48.09989929199219,47.93 - 48.10,623,623,0.38588828745054987,2025-10-17 18:53:08.203582+00:00,2025-10-17 18:53:08.203583+00:00,,,,,,,0.0
BTF,BTF,BTF,BTF,NASDAQ,16.030000686645508,15.65999984741211,16.079999923706055,15.66 - 16.08,41716,41716,-1.2809469883262705,2025-10-17 18:53:08.205071+00:00,2025-10-17 18:53:08.205072+00:00,,,,,,,47.35495742257837
BTRN,BTRN,BTRN,BTRN,NASDAQ,35.734798431396484,35.369998931884766,35.369998931884766,35.37 - 35.37,159,159,-0.0005657729162583494,2025-10-17 18:53:08.205689+00:00,2025-10-17 18:53:08.205690+00:00,,,,,,,2.496166311704424
BTT,BTT,BTT,BTT,NASDAQ,22.575000762939453,22.559999465942383,22.641599655151367,22.56 - 22.64,15171,15171,-0.15479808256212677,2025-10-17 18:53:08.206050+00:00,2025-10-17 18:53:08.206050+00:00,,,,,,,2.4451826416156677
AVMC,AVMC,AVMC,AVMC,NASDAQ,68.54989624023438,68.16500091552734,68.55000305175781,68.17 - 68.55,6037,6037,0.3364996288598823,2025-10-17 18:53:08.410470+00:00,2025-10-17 18:53:08.410471+00:00,,,,,,,1.155362799127254
BBBS,BBBS,BBBS,BBBS,NASDAQ,51.7400016784668,51.709999084472656,51.75,51.71 - 51.75,8632,8632,-0.0772443062437269,2025-10-17 18:53:08.412490+00:00,2025-10-17 18:53:08.412492+00:00,,,,,,,4.545805805373327
BBLG,BBLG,BBLG,BBLG,NASDAQ,2.4660000801086426,2.4660000801086426,2.6600000858306885,2.47 - 2.66,25767,25767,-4.0466869974945645,2025-10-17 18:53:08.413124+00:00,2025-10-17 18:53:08.413125+00:00,,,,,,,0.0
CGC,CGC,CGC,CGC,NASDAQ,1.315000057220459,1.2799999713897705,1.350000023841858,1.28 - 1.35,20049058,20049058,-2.5925900743168357,2025-10-17 18:53:08.862980+00:00,2025-10-17 18:53:08.862984+00:00,,,,,,,0.0
CGNG,CGNG,CGNG,CGNG,NASDAQ,31.21500015258789,31.0049991607666,31.219999313354492,31.00 - 31.22,307630,307630,0.20866945378371746,2025-10-17 18:53:08.863916+00:00,2025-10-17 18:53:08.863917+00:00,,,,,,,0.21464039619569036
CHEF,CHEF,CHEF,CHEF,NASDAQ,58.31999969482422,57.34000015258789,58.470001220703125,57.34 - 58.47,106959,106959,0.9695314916279082,2025-10-17 18:53:08.864952+00:00,2025-10-17 18:53:08.864953+00:00,,,,,,,0.0
CHSCL,CHSCL,CHSCL,CHSCL,NASDAQ,25.479999542236328,25.479999542236328,25.579999923706055,25.48 - 25.58,10666,10666,-0.07843316770067402,2025-10-17 18:53:08.865764+00:00,2025-10-17 18:53:08.865765+00:00,,,,,,,7.362637494911615
CIGL,CIGL,CIGL,CIGL,NASDAQ,2.549999952316284,2.5,2.549999952316284,2.50 - 2.55,17966,17966,0.7905130890387859,2025-10-17 18:53:08.866624+00:00,2025-10-17 18:53:08.866625+00:00,,,,,,,0.0
CLB,CLB,CLB,CLB,NASDAQ,11.520000457763672,11.15999984741211,11.614999771118164,11.16 - 11.61,238275,238275,0.9640719703998211,2025-10-17 18:53:08.867571+00:00,2025-10-17 18:53:08.867572+00:00,,,,,,,0.3472222084248513
CLDX,CLDX,CLDX,CLDX,NASDAQ,26.780000686645508,26.030000686645508,27.010000228881836,26.03 - 27.01,469460,469460,0.8662955035565767,2025-10-17 18:53:08.868192+00:00,2025-10-17 18:53:08.868193+00:00,,,,,,,0.0
CANC,CANC,CANC,CANC,NASDAQ,29.891700744628906,29.851200103759766,30.239999771118164,29.85 - 30.24,3966,3966,-0.8402710541990712,2025-10-17 18:53:09.434730+00:00,2025-10-17 18:53:09.434732+00:00,,,,,,,2.4354586118048527
APVO,APVO,APVO,APVO,NASDAQ,1.565000057220459,1.4900000095367432,1.5800000429153442,1.49 - 1.58,709813,709813,4.3333371480305996,2025-10-17 18:53:10.357330+00:00,2025-10-17 18:53:10.357333+00:00,,,,,,,0.0
AQNB,AQNB,AQNB,AQNB,NASDAQ,25.829999923706055,25.726200103759766,25.829999923706055,25.73 - 25.83,5880,5880,0.4941089098110431,2025-10-17 18:53:10.357949+00:00,2025-10-17 18:53:10.357950+00:00,,,,,,,8.459156045117398
AQST,AQST,AQST,AQST,NASDAQ,7.014999866485596,6.78000020980835,7.230000019073486,6.78 - 7.23,2631024,2631024,0.07132150414433377,2025-10-17 18:53:10.358298+00:00,2025-10-17 18:53:10.358298+00:00,,,,,,,0.0
ARCO,ARCO,ARCO,ARCO,NASDAQ,7.014999866485596,6.965000152587891,7.105000019073486,6.97 - 7.11,487046,487046,-0.7779392339513443,2025-10-17 18:53:10.359000+00:00,2025-10-17 18:53:10.359001+00:00,,,,,,,2.565930198515843
AREB,AREB,AREB,AREB,NASDAQ,2.179800033569336,1.7200000286102295,3.329900026321411,1.72 - 3.33,5338741,5338741,-38.76966099422424,2025-10-17 18:53:10.359501+00:00,2025-10-17 18:53:10.359502+00:00,,,,,,,0.0
ARQQ,ARQQ,ARQQ,ARQQ,NASDAQ,40.619998931884766,37.849998474121094,41.08000183105469,37.85 - 41.08,916113,916113,2.6794679519637445,2025-10-17 18:53:10.361011+00:00,2025-10-17 18:53:10.361012+00:00,,,,,,,0.0
ARTNA,ARTNA,ARTNA,ARTNA,NASDAQ,33.52000045776367,33.31999969482422,33.70000076293945,33.32 - 33.70,5319,5319,0.059702858996035446,2025-10-17 18:53:10.361466+00:00,2025-10-17 18:53:10.361467+00:00,,,,,,,3.627684914659237
AUST,AUST,AUST,AUST,NASDAQ,2.4398000240325928,2.3506999015808105,2.7730000019073486,2.35 - 2.77,206195,206195,-10.301470648175085,2025-10-17 18:53:10.364808+00:00,2025-10-17 18:53:10.364809+00:00,,,,,,,0.0
AVDS,AVDS,AVDS,AVDS,NASDAQ,67.25,66.93000030517578,67.25,66.93 - 67.25,6272,6272,-0.41462873442656734,2025-10-17 18:53:10.365435+00:00,2025-10-17 18:53:10.365436+00:00,,,,,,,2.3137546468401484
ALNY,ALNY,ALNY,ALNY,NASDAQ,489.4700012207031,476.44000244140625,492.6199951171875,476.44 - 492.62,529816,529816,1.7461063397417689,2025-10-17 18:53:12.841103+00:00,2025-10-17 18:53:12.841106+00:00,,,,,,,0.0
AMDY,AMDY,AMDY,AMDY,NASDAQ,9.510000228881836,9.335000038146973,9.614999771118164,9.34 - 9.61,2156700,2156700,-0.5230145244791526,2025-10-17 18:53:12.859218+00:00,2025-10-17 18:53:12.859220+00:00,,,,,,,71.68243781211274
AMJB,AMJB,AMJB,AMJB,NASDAQ,28.415000915527344,28.360000610351562,28.463600158691406,28.36 - 28.46,22285,22285,-0.03869583949607241,2025-10-17 18:53:12.860447+00:00,2025-10-17 18:53:12.860449+00:00,,,,,,,6.679570434090115
AMPG,AMPG,AMPG,AMPG,NASDAQ,3.5999999046325684,3.5399999618530273,3.869999885559082,3.54 - 3.87,632021,632021,-5.759163153269259,2025-10-17 18:53:12.861692+00:00,2025-10-17 18:53:12.861695+00:00,,,,,,,0.0
AMWD,AMWD,AMWD,AMWD,NASDAQ,64.58000183105469,64.36499786376953,65.36000061035156,64.36 - 65.36,54895,54895,-1.2236088344611529,2025-10-17 18:53:12.863836+00:00,2025-10-17 18:53:12.863839+00:00,,,,,,,0.0
AMX,AMX,AMX,AMX,NASDAQ,22.549999237060547,22.209999084472656,22.635000228881836,22.21 - 22.64,871173,871173,0.0,2025-10-17 18:53:12.864536+00:00,2025-10-17 18:53:12.864537+00:00,,,,,,,2.3148559541505516
AMZA,AMZA,AMZA,AMZA,NASDAQ,38.58530044555664,38.29999923706055,38.68989944458008,38.30 - 38.69,15029,15029,0.4825492508193155,2025-10-17 18:53:12.865175+00:00,2025-10-17 18:53:12.865176+00:00,,,,,,,8.785729178870191
AMZE,AMZE,AMZE,AMZE,NASDAQ,1.7000000476837158,1.6799999475479126,1.8200000524520874,1.68 - 1.82,94792,94792,-4.494377808534073,2025-10-17 18:53:12.865653+00:00,2025-10-17 18:53:12.865654+00:00,,,,,,,0.0
ANIX,ANIX,ANIX,ANIX,NASDAQ,4.159999847412109,4.150000095367432,4.349999904632568,4.15 - 4.35,141934,141934,-5.454550971669479,2025-10-17 18:53:12.876134+00:00,2025-10-17 18:53:12.876136+00:00,,,,,,,0.0
AOS,AOS,AOS,AOS,NASDAQ,69.41500091552734,69.0250015258789,69.77999877929688,69.03 - 69.78,435151,435151,0.07929686374249079,2025-10-17 18:53:12.878308+00:00,2025-10-17 18:53:12.878309+00:00,,,,,,,1.959230687982003
AOUT,AOUT,AOUT,AOUT,NASDAQ,7.515399932861328,7.444200038909912,7.838799953460693,7.44 - 7.84,47509,47509,-0.193894774770439,2025-10-17 18:53:12.879081+00:00,2025-10-17 18:53:12.879082+00:00,,,,,,,0.0
AP,AP,AP,AP,NASDAQ,2.0797998905181885,2.0797998905181885,2.1673998832702637,2.08 - 2.17,21340,21340,-2.3568178979138708,2025-10-17 18:53:12.879514+00:00,2025-10-17 18:53:12.879515+00:00,,,,,,,0.0
APGE,APGE,APGE,APGE,NASDAQ,54.72999954223633,53.18000030517578,54.999900817871094,53.18 - 55.00,395064,395064,2.490632918264756,2025-10-17 18:53:12.885185+00:00,2025-10-17 18:53:12.885187+00:00,,,,,,,0.0
APLT,APLT,APLT,APLT,NASDAQ,1.2200000286102295,1.1799999475479126,1.2599999904632568,1.18 - 1.26,1309612,1309612,-2.3999977111816406,2025-10-17 18:53:12.891170+00:00,2025-10-17 18:53:12.891172+00:00,,,,,,,0.0
APPF,APPF,APPF,APPF,NASDAQ,236.30999755859375,225.25,236.39999389648438,225.25 - 236.40,284938,284938,5.82150380284204,2025-10-17 18:53:12.896565+00:00,2025-10-17 18:53:12.896567+00:00,,,,,,,0.0
AFCG,AFCG,AFCG,AFCG,NASDAQ,3.4000000953674316,3.3499999046325684,3.494999885559082,3.35 - 3.49,108835,108835,-0.8746347173728525,2025-10-17 18:53:13.045993+00:00,2025-10-17 18:53:13.045995+00:00,,,,,,,25.294116937577954
AIOT,AIOT,AIOT,AIOT,NASDAQ,5.570000171661377,5.46999979019165,5.635000228881836,5.47 - 5.64,2080740,2080740,0.36036000430957676,2025-10-17 18:53:13.047834+00:00,2025-10-17 18:53:13.047835+00:00,,,,,,,0.0
CMDT,CMDT,CMDT,CMDT,NASDAQ,27.43000030517578,27.290000915527344,27.46500015258789,27.29 - 27.47,70146,70146,-0.3632414782983846,2025-10-17 18:53:13.456115+00:00,2025-10-17 18:53:13.456118+00:00,,,,,,,5.650747294040422
CMRE,CMRE,CMRE,CMRE,NASDAQ,11.600000381469727,11.371299743652344,11.670000076293945,11.37 - 11.67,189479,189479,1.1333924273272333,2025-10-17 18:53:13.456861+00:00,2025-10-17 18:53:13.456862+00:00,,,,,,,3.1993533430641
CNI,CNI,CNI,CNI,NASDAQ,96.12000274658203,94.125,96.36000061035156,94.12 - 96.36,910429,910429,1.542361111334994,2025-10-17 18:53:13.457754+00:00,2025-10-17 18:53:13.457755+00:00,,,,,,,2.605076912660659
COII,COII,COII,COII,NASDAQ,22.59000015258789,21.729999542236328,22.6299991607666,21.73 - 22.63,17249,17249,0.17738765800755732,2025-10-17 18:53:13.459060+00:00,2025-10-17 18:53:13.459061+00:00,,,,,,,22.115980372968977
CPA,CPA,CPA,CPA,NASDAQ,124.73999786376953,124.01499938964844,126.49500274658203,124.01 - 126.50,76676,76676,-0.2638537074117735,2025-10-17 18:53:13.460494+00:00,2025-10-17 18:53:13.460495+00:00,,,,,,,3.8720539383645955
CPNS,CPNS,CPNS,CPNS,NASDAQ,26.98310089111328,27.0,27.0,27.00 - 27.00,179,179,0.0003746413604203278,2025-10-17 18:53:13.461362+00:00,2025-10-17 18:53:13.461363+00:00,,,,,,,0.0
AMZN,AMZN,AMZN,AMZN,NASDAQ,213.28500366210938,211.02999877929688,214.8000030517578,211.03 - 214.80,32991177,32991177,-0.5525236871586124,2025-10-17 18:53:14.188355+00:00,2025-10-17 18:53:14.188357+00:00,,,,,,,0.0
CMCSA,CMCSA,CMCSA,CMCSA,NASDAQ,29.469999313354492,29.15999984741211,29.52989959716797,29.16 - 29.53,10193706,10193706,0.7177002147299072,2025-10-17 18:53:14.189287+00:00,2025-10-17 18:53:14.189289+00:00,,,,,,,4.411265796707697
MELI,MELI,MELI,MELI,NASDAQ,2030.6099853515625,2020.0,2061.89990234375,2020.00 - 2061.90,473359,473359,-0.6093836150248543,2025-10-17 18:53:14.191468+00:00,2025-10-17 18:53:14.191469+00:00,,,,,,,0.0
NYT,NYT,NYT,NYT,NASDAQ,56.33000183105469,55.92499923706055,56.4900016784668,55.92 - 56.49,618876,618876,1.2219232462366796,2025-10-17 18:53:14.197940+00:00,2025-10-17 18:53:14.197942+00:00,,,,,,,1.1894194536145557
PLUG,PLUG,PLUG,PLUG,NASDAQ,3.4075000286102295,3.369999885559082,3.5899999141693115,3.37 - 3.59,84134406,84134406,-2.0833330478704766,2025-10-17 18:53:14.199691+00:00,2025-10-17 18:53:14.199692+00:00,,,,,,,0.0
XPEV,XPEV,XPEV,XPEV,NASDAQ,21.204999923706055,20.780000686645508,21.22559928894043,20.78 - 21.23,3495223,3495223,-0.7721146890383688,2025-10-17 18:53:14.212751+00:00,2025-10-17 18:53:14.212753+00:00,,,,,,,0.0
AA,AA,AA,AA,NASDAQ,35.87900161743164,35.63999938964844,36.75899887084961,35.64 - 36.76,2943018,2943018,-3.3692416232055233,2025-10-17 18:53:14.213796+00:00,2025-10-17 18:53:14.213798+00:00,,,,,,,1.1148582233839581
AAME,AAME,AAME,AAME,NASDAQ,3.0,3.0,3.168100118637085,3.00 - 3.17,8105,8105,-2.5974001846660313,2025-10-17 18:53:14.215390+00:00,2025-10-17 18:53:14.215392+00:00,,,,,,,0.6666666666666667
DBJP,DBJP,DBJP,DBJP,NASDAQ,88.31999969482422,87.91000366210938,88.31999969482422,87.91 - 88.32,3622,3622,0.5121166884903636,2025-10-17 18:53:24.403740+00:00,2025-10-17 18:53:24.403742+00:00,,,,,,,2.9913949378725233
DBL,DBL,DBL,DBL,NASDAQ,15.446000099182129,15.327199935913086,15.449899673461914,15.33 - 15.45,68970,68970,0.03886346477918208,2025-10-17 18:53:24.404504+00:00,2025-10-17 18:53:24.404505+00:00,,,,,,,8.545901796736972
DBND,DBND,DBND,DBND,NASDAQ,46.78499984741211,46.7599983215332,46.83000183105469,46.76 - 46.83,26211,26211,-0.07262093712214789,2025-10-17 18:53:24.405331+00:00,2025-10-17 18:53:24.405332+00:00,,,,,,,4.787859372246859
DBO,DBO,DBO,DBO,NASDAQ,12.414999961853027,12.319999694824219,12.4350004196167,12.32 - 12.44,573035,573035,0.28271281977843477,2025-10-17 18:53:24.405934+00:00,2025-10-17 18:53:24.405935+00:00,,,,,,,5.396697559876575
DBX,DBX,DBX,DBX,NASDAQ,29.020000457763672,28.260000228881836,29.020000457763672,28.26 - 29.02,1171219,1171219,2.2551138686495387,2025-10-17 18:53:24.409098+00:00,2025-10-17 18:53:24.409099+00:00,,,,,,,0.0
DCGO,DCGO,DCGO,DCGO,NASDAQ,1.1699999570846558,1.159999966621399,1.2300000190734863,1.16 - 1.23,299119,299119,-4.0983664223788265,2025-10-17 18:53:24.410901+00:00,2025-10-17 18:53:24.410902+00:00,,,,,,,0.0
DCI,DCI,DCI,DCI,NASDAQ,82.68499755859375,81.5999984741211,82.82009887695312,81.60 - 82.82,247352,247352,0.49222020576740694,2025-10-17 18:53:24.411458+00:00,2025-10-17 18:53:24.411459+00:00,,,,,,,1.3787265328177007
DCO,DCO,DCO,DCO,NASDAQ,92.08499908447266,89.87999725341797,92.45500183105469,89.88 - 92.46,47108,47108,0.4746290794887998,2025-10-17 18:53:24.412286+00:00,2025-10-17 18:53:24.412287+00:00,,,,,,,0.0
DCOMG,DCOMG,DCOMG,DCOMG,NASDAQ,26.25,25.440000534057617,26.809999465942383,25.44 - 26.81,15600,15600,-0.3795080835750213,2025-10-17 18:53:24.413144+00:00,2025-10-17 18:53:24.413145+00:00,,,,,,,8.579047619047618
DCOMP,DCOMP,DCOMP,DCOMP,NASDAQ,18.950000762939453,18.600000381469727,19.299999237060547,18.60 - 19.30,5318,5318,1.8817224424275543,2025-10-17 18:53:24.413734+00:00,2025-10-17 18:53:24.413735+00:00,,,,,,,7.261213427975398
DCRE,DCRE,DCRE,DCRE,NASDAQ,52.12099838256836,52.09809875488281,52.12649917602539,52.10 - 52.13,19020,19020,0.059508984238174786,2025-10-17 18:53:24.415243+00:00,2025-10-17 18:53:24.415244+00:00,,,,,,,5.02100896224437
DCTH,DCTH,DCTH,DCTH,NASDAQ,12.010000228881836,11.800000190734863,12.569999694824219,11.80 - 12.57,560153,560153,-2.83171065952522,2025-10-17 18:53:24.416325+00:00,2025-10-17 18:53:24.416326+00:00,,,,,,,0.0
DDC,DDC,DDC,DDC,NASDAQ,8.406599998474121,7.679999828338623,8.510000228881836,7.68 - 8.51,44058,44058,-2.9260953048828564,2025-10-17 18:53:24.418717+00:00,2025-10-17 18:53:24.418718+00:00,,,,,,,0.0
DDFL,DDFL,DDFL,DDFL,NASDAQ,20.136999130249023,20.079999923706055,20.149999618530273,20.08 - 20.15,36243,36243,0.15417402065298183,2025-10-17 18:53:24.421440+00:00,2025-10-17 18:53:24.421441+00:00,,,,,,,0.0
DDI,DDI,DDI,DDI,NASDAQ,8.800000190734863,8.760000228881836,8.850000381469727,8.76 - 8.85,24035,24035,-0.11350997055084161,2025-10-17 18:53:24.422150+00:00,2025-10-17 18:53:24.422151+00:00,,,,,,,0.0
DDIV,DDIV,DDIV,DDIV,NASDAQ,38.90999984741211,38.88990020751953,38.939998626708984,38.89 - 38.94,1447,1447,0.25249812444707675,2025-10-17 18:53:24.422843+00:00,2025-10-17 18:53:24.422844+00:00,,,,,,,2.079157037194916
DDL,DDL,DDL,DDL,NASDAQ,1.8650000095367432,1.809999942779541,1.867400050163269,1.81 - 1.87,298611,298611,2.4725250432837784,2025-10-17 18:53:24.423522+00:00,2025-10-17 18:53:24.423523+00:00,,,,,,,0.0
DDLS,DDLS,DDLS,DDLS,NASDAQ,41.5099983215332,41.34000015258789,41.55500030517578,41.34 - 41.56,25546,25546,0.3141547850711301,2025-10-17 18:53:24.424150+00:00,2025-10-17 18:53:24.424151+00:00,,,,,,,4.073717341305692
DDM,DDM,DDM,DDM,NASDAQ,106.19999694824219,104.77999877929688,106.38600158691406,104.78 - 106.39,161553,161553,1.1139657074583706,2025-10-17 18:53:24.424730+00:00,2025-10-17 18:53:24.424731+00:00,,,,,,,0.9096045459123615
DDS,DDS,DDS,DDS,NASDAQ,593.322998046875,587.6599731445312,608.0877075195312,587.66 - 608.09,36884,36884,-0.4625249905925298,2025-10-17 18:53:24.425273+00:00,2025-10-17 18:53:24.425274+00:00,,,,,,,4.390525916870315
DDT,DDT,DDT,DDT,NASDAQ,25.829999923706055,25.790000915527344,25.829999923706055,25.79 - 25.83,4161,4161,-1.6000002906436013,2025-10-17 18:53:24.425820+00:00,2025-10-17 18:53:24.425821+00:00,,,,,,,7.262872650178598
DDTL,DDTL,DDTL,DDTL,NASDAQ,20.5,20.377500534057617,20.509000778198242,20.38 - 20.51,19240,19240,0.5148298106380205,2025-10-17 18:53:24.426394+00:00,2025-10-17 18:53:24.426395+00:00,,,,,,,0.0
DDWM,DDWM,DDWM,DDWM,NASDAQ,41.93769836425781,41.724998474121094,41.94499969482422,41.72 - 41.94,71768,71768,0.13776813436259716,2025-10-17 18:53:24.427034+00:00,2025-10-17 18:53:24.427035+00:00,,,,,,,2.79462165477078
DE,DE,DE,DE,NASDAQ,458.4949951171875,454.6099853515625,465.7049865722656,454.61 - 465.70,633017,633017,0.29201842776797854,2025-10-17 18:53:24.428524+00:00,2025-10-17 18:53:24.428525+00:00,,,,,,,1.4133196804784678
DEA,DEA,DEA,DEA,NASDAQ,21.939899444580078,21.81999969482422,22.264999389648438,21.82 - 22.26,244994,244994,-0.31849515480590757,2025-10-17 18:53:24.429205+00:00,2025-10-17 18:53:24.429206+00:00,,,,,,,10.14134091917934
DEC,DEC,DEC,DEC,NASDAQ,12.520000457763672,12.390000343322754,12.609999656677246,12.39 - 12.61,159056,159056,0.24019765568676232,2025-10-17 18:53:24.430343+00:00,2025-10-17 18:53:24.430345+00:00,,,,,,,11.581469225113745
DECK,DECK,DECK,DECK,NASDAQ,100.37000274658203,97.31999969482422,100.38999938964844,97.32 - 100.39,2058074,2058074,1.3224361198004435,2025-10-17 18:53:24.438016+00:00,2025-10-17 18:53:24.438018+00:00,,,,,,,0.0
DECM,DECM,DECM,DECM,NASDAQ,32.244998931884766,32.22999954223633,32.22999954223633,32.23 - 32.23,8442,8442,0.0,2025-10-17 18:53:24.440116+00:00,2025-10-17 18:53:24.440118+00:00,,,,,,,0.0
DECO,DECO,DECO,DECO,NASDAQ,53.28499984741211,52.43000030517578,53.28499984741211,52.43 - 53.28,1184,1184,-0.7672658799378759,2025-10-17 18:53:24.443731+00:00,2025-10-17 18:53:24.443733+00:00,,,,,,,1.045322326348945
DECP,DECP,DECP,DECP,NASDAQ,29.299999237060547,29.239999771118164,29.299999237060547,29.24 - 29.30,448,448,0.2840818215183297,2025-10-17 18:53:24.446472+00:00,2025-10-17 18:53:24.446474+00:00,,,,,,,0.0
DECT,DECT,DECT,DECT,NASDAQ,35.400001525878906,35.189998626708984,35.400001525878906,35.19 - 35.40,6274,6274,0.53105463327049,2025-10-17 18:53:24.447816+00:00,2025-10-17 18:53:24.447817+00:00,,,,,,,0.0
DECZ,DECZ,DECZ,DECZ,NASDAQ,40.566001892089844,40.431400299072266,40.73860168457031,40.43 - 40.74,2220,2220,0.06660358240325448,2025-10-17 18:53:24.453927+00:00,2025-10-17 18:53:24.453929+00:00,,,,,,,2.327071823620052
DEFI,DEFI,DEFI,DEFI,NASDAQ,119.83000183105469,118.02999877929688,121.0,118.03 - 121.00,4888,4888,-2.181186506567836,2025-10-17 18:53:24.455912+00:00,2025-10-17 18:53:24.455913+00:00,,,,,,,0.0
DEI,DEI,DEI,DEI,NASDAQ,13.335000038146973,13.28499984741211,13.529999732971191,13.28 - 13.53,1230122,1230122,-1.36834625261026,2025-10-17 18:53:24.457674+00:00,2025-10-17 18:53:24.457675+00:00,,,,,,,5.699287572747614
DELL,DELL,DELL,DELL,NASDAQ,149.63999938964844,147.2899932861328,151.23989868164062,147.29 - 151.24,3341227,3341227,-1.1036932098942223,2025-10-17 18:53:24.458311+00:00,2025-10-17 18:53:24.458312+00:00,,,,,,,1.2964448061433247
DEMZ,DEMZ,DEMZ,DEMZ,NASDAQ,41.900001525878906,41.900001525878906,41.900001525878906,41.90 - 41.90,466,466,0.13623072742723033,2025-10-17 18:53:24.462974+00:00,2025-10-17 18:53:24.462976+00:00,,,,,,,0.4582338735272219
DEO,DEO,DEO,DEO,NASDAQ,97.7249984741211,96.8550033569336,97.91999816894531,96.86 - 97.92,1447320,1447320,-0.9577376227434056,2025-10-17 18:53:24.465020+00:00,2025-10-17 18:53:24.465021+00:00,,,,,,,1.657712995952615
DERM,DERM,DERM,DERM,NASDAQ,7.210000038146973,7.130000114440918,7.449999809265137,7.13 - 7.45,36325,36325,-2.5675683077275004,2025-10-17 18:53:24.465803+00:00,2025-10-17 18:53:24.465804+00:00,,,,,,,0.0
DESK,DESK,DESK,DESK,NASDAQ,39.75,39.75,39.878501892089844,39.75 - 39.88,1204,1204,-0.3484668434343579,2025-10-17 18:53:24.466939+00:00,2025-10-17 18:53:24.466940+00:00,,,,,,,4.6314465408805034
DEUS,DEUS,DEUS,DEUS,NASDAQ,57.349998474121094,57.21500015258789,57.349998474121094,57.22 - 57.35,2783,2783,0.41320878872504924,2025-10-17 18:53:24.467856+00:00,2025-10-17 18:53:24.467857+00:00,,,,,,,1.5710549676938037
DFAC,DFAC,DFAC,DFAC,NASDAQ,38.249900817871094,37.939998626708984,38.27000045776367,37.94 - 38.27,1924616,1924616,0.4197969667698708,2025-10-17 18:53:24.469634+00:00,2025-10-17 18:53:24.469635+00:00,,,,,,,1.0326824163043278
DFAI,DFAI,DFAI,DFAI,NASDAQ,36.584999084472656,36.38520050048828,36.599998474121094,36.39 - 36.60,719395,719395,-0.0409819406387221,2025-10-17 18:53:24.470846+00:00,2025-10-17 18:53:24.470848+00:00,,,,,,,2.4846249084253667
DFCF,DFCF,DFCF,DFCF,NASDAQ,43.165000915527344,43.130001068115234,43.20500183105469,43.13 - 43.21,452094,452094,-0.1965296750812861,2025-10-17 18:53:24.472519+00:00,2025-10-17 18:53:24.472521+00:00,,,,,,,4.573149445457122
DFE,DFE,DFE,DFE,NASDAQ,69.58999633789062,69.30000305175781,69.58999633789062,69.30 - 69.59,4771,4771,-0.11482967296868322,2025-10-17 18:53:24.473680+00:00,2025-10-17 18:53:24.473682+00:00,,,,,,,4.401494699220505
DFEM,DFEM,DFEM,DFEM,NASDAQ,32.52000045776367,32.310001373291016,32.545799255371094,32.31 - 32.55,364395,364395,-0.06146422003979759,2025-10-17 18:53:24.475179+00:00,2025-10-17 18:53:24.475180+00:00,,,,,,,2.2847478153175107
DFEN,DFEN,DFEN,DFEN,NASDAQ,64.98609924316406,63.18000030517578,65.36489868164062,63.18 - 65.36,134423,134423,-0.31278292775868316,2025-10-17 18:53:24.476591+00:00,2025-10-17 18:53:24.476593+00:00,,,,,,,5.847404359171049
DFEV,DFEV,DFEV,DFEV,NASDAQ,32.400001525878906,32.18560028076172,32.415000915527344,32.19 - 32.42,46070,46070,0.061767934230757125,2025-10-17 18:53:24.477495+00:00,2025-10-17 18:53:24.477497+00:00,,,,,,,2.885802333228861
DFGP,DFGP,DFGP,DFGP,NASDAQ,56.07500076293945,56.03499984741211,56.097198486328125,56.03 - 56.10,104604,104604,-0.12467663060556491,2025-10-17 18:53:24.478835+00:00,2025-10-17 18:53:24.478836+00:00,,,,,,,2.8711546644580084
DFIC,DFIC,DFIC,DFIC,NASDAQ,32.86989974975586,32.69350051879883,32.8849983215332,32.69 - 32.88,1069734,1069734,-0.09149475600895955,2025-10-17 18:53:24.479942+00:00,2025-10-17 18:53:24.479943+00:00,,,,,,,2.582910220181934
DFII,DFII,DFII,DFII,NASDAQ,22.0,21.6200008392334,22.059999465942383,21.62 - 22.06,6068,6068,-1.0212772311204272,2025-10-17 18:53:24.480522+00:00,2025-10-17 18:53:24.480522+00:00,,,,,,,9.827272727272728
DFIN,DFIN,DFIN,DFIN,NASDAQ,51.27000045776367,50.97999954223633,52.65999984741211,50.98 - 52.66,169341,169341,-1.3089514825587563,2025-10-17 18:53:24.481106+00:00,2025-10-17 18:53:24.481107+00:00,,,,,,,0.0
DFIS,DFIS,DFIS,DFIS,NASDAQ,31.600000381469727,31.450000762939453,31.639999389648438,31.45 - 31.64,222604,222604,-0.5663949065030084,2025-10-17 18:53:24.482302+00:00,2025-10-17 18:53:24.482303+00:00,,,,,,,2.357594908248384
DFIV,DFIV,DFIV,DFIV,NASDAQ,45.89849853515625,45.650001525878906,45.904998779296875,45.65 - 45.90,517185,517185,-0.02505186733627857,2025-10-17 18:53:24.482945+00:00,2025-10-17 18:53:24.482946+00:00,,,,,,,3.1242852070675444
DFJ,DFJ,DFJ,DFJ,NASDAQ,92.80999755859375,92.80000305175781,92.80000305175781,92.80 - 92.80,2729,2729,0.46546906035967833,2025-10-17 18:53:24.483682+00:00,2025-10-17 18:53:24.483683+00:00,,,,,,,2.3370327088206686
DFNL,DFNL,DFNL,DFNL,NASDAQ,43.676998138427734,43.420799255371094,43.67879867553711,43.42 - 43.68,4261,4261,0.7659404968848766,2025-10-17 18:53:24.485371+00:00,2025-10-17 18:53:24.485372+00:00,,,,,,,1.9071823511312078
DFNM,DFNM,DFNM,DFNM,NASDAQ,48.2859001159668,48.255001068115234,48.29999923706055,48.26 - 48.30,85993,85993,-0.008492026263822845,2025-10-17 18:53:24.485930+00:00,2025-10-17 18:53:24.485931+00:00,,,,,,,2.936675088575406
DFSB,DFSB,DFSB,DFSB,NASDAQ,53.78860092163086,53.73099899291992,53.795101165771484,53.73 - 53.80,17189,17189,-0.056484368665089164,2025-10-17 18:53:24.486712+00:00,2025-10-17 18:53:24.486713+00:00,,,,,,,2.5023889391752365
DFSC,DFSC,DFSC,DFSC,NASDAQ,4.351099967956543,4.179999828338623,4.45989990234375,4.18 - 4.46,15500,15500,-1.5588259535772064,2025-10-17 18:53:24.487255+00:00,2025-10-17 18:53:24.487256+00:00,,,,,,,0.0
DG,DG,DG,DG,NASDAQ,105.1500015258789,104.31999969482422,105.55000305175781,104.32 - 105.55,1096893,1096893,1.2225686427029152,2025-10-17 18:53:24.491134+00:00,2025-10-17 18:53:24.491134+00:00,23152953622.0,220106028.0,3124461.0,66.43000030517578,117.94999694824219,0.3510663119174795,2.244412711129795
DGICA,DGICA,DGICA,DGICA,NASDAQ,19.3700008392334,19.209999084472656,19.469999313354492,19.21 - 19.47,60635,60635,0.8329087058107711,2025-10-17 18:53:24.492784+00:00,2025-10-17 18:53:24.492785+00:00,682767387.0,35248702.0,149327.0,14.170000076293945,21.1200008392334,0.40605516751826526,3.6757871406895544
DGII,DGII,DGII,DGII,NASDAQ,37.829898834228516,37.2599983215332,38.20000076293945,37.26 - 38.20,69062,69062,-0.968853197170613,2025-10-17 18:53:24.493898+00:00,2025-10-17 18:53:24.493899+00:00,1404328389.0,37122182.0,192264.0,22.389999389648438,38.63999938964844,0.3592040111513336,0.0
DGLY,DGLY,DGLY,DGLY,NASDAQ,1.8871999979019165,1.8600000143051147,1.940000057220459,1.86 - 1.94,9506,9506,-2.7216524619175493,2025-10-17 18:53:24.494732+00:00,2025-10-17 18:53:24.494733+00:00,3259988.0,1727421.0,116804.0,1.659999966621399,2380.0,0.08138419917126126,0.0
DGXX,DGXX,DGXX,DGXX,NASDAQ,4.184999942779541,3.5,4.309999942779541,3.50 - 4.31,7502472,7502472,17.226891345572376,2025-10-17 18:53:24.498720+00:00,2025-10-17 18:53:24.498721+00:00,188201377.0,44756571.0,1830416.0,0.8500000238418579,4.25,4.098779730946408,0.0
DH,DH,DH,DH,NASDAQ,2.8743999004364014,2.815000057220459,2.9800000190734863,2.82 - 2.98,114532,114532,-1.8976165547442,2025-10-17 18:53:24.499940+00:00,2025-10-17 18:53:24.499941+00:00,299185391.0,104086210.0,370987.0,2.1500000953674316,5.679999828338623,0.3087224080628162,0.0
DHC,DHC,DHC,DHC,NASDAQ,4.125,4.070000171661377,4.155600070953369,4.07 - 4.16,202690,202690,0.6097584377790879,2025-10-17 18:53:24.500985+00:00,2025-10-17 18:53:24.500986+00:00,995834222.0,241414357.0,810755.0,2.0,4.650000095367432,0.25000154177279205,0.9696969696969697
DHCNI,DHCNI,DHCNI,DHCNI,NASDAQ,16.70199966430664,16.639999389648438,16.75,16.64 - 16.75,1709,1709,-0.28656916831856344,2025-10-17 18:53:24.510053+00:00,2025-10-17 18:53:24.510055+00:00,,,,,,,8.430128297804938
DHF,DHF,DHF,DHF,NASDAQ,2.5350000858306885,2.5299999713897705,2.567500114440918,2.53 - 2.57,162206,162206,-0.9765569338923008,2025-10-17 18:53:24.512647+00:00,2025-10-17 18:53:24.512649+00:00,,,,,,,8.520709770675191
DHI,DHI,DHI,DHI,NASDAQ,152.3699951171875,151.3800048828125,154.19500732421875,151.38 - 154.20,1816550,1816550,-0.3596671843732117,2025-10-17 18:53:24.518385+00:00,2025-10-17 18:53:24.518387+00:00,,,,,,,1.0500755078251744
DHIL,DHIL,DHIL,DHIL,NASDAQ,135.89999389648438,135.89999389648438,137.5,135.90 - 137.50,14814,14814,-0.4103860397406118,2025-10-17 18:53:24.526919+00:00,2025-10-17 18:53:24.526921+00:00,,,,,,,4.415011235813761
DHS,DHS,DHS,DHS,NASDAQ,99.97899627685547,99.57039642333984,100.03520202636719,99.57 - 100.04,14632,14632,0.82593039985843,2025-10-17 18:53:24.530974+00:00,2025-10-17 18:53:24.530976+00:00,,,,,,,3.3807100749844685
DHSB,DHSB,DHSB,DHSB,NASDAQ,25.797500610351562,25.797500610351562,25.797500610351562,25.80 - 25.80,27,27,-0.0019370700647114484,2025-10-17 18:53:24.533693+00:00,2025-10-17 18:53:24.533695+00:00,,,,,,,0.0
DHX,DHX,DHX,DHX,NASDAQ,2.0450000762939453,2.0450000762939453,2.1094000339508057,2.05 - 2.11,91221,91221,-0.7281488787497977,2025-10-17 18:53:24.535467+00:00,2025-10-17 18:53:24.535469+00:00,,,,,,,0.0
DIEM,DIEM,DIEM,DIEM,NASDAQ,32.67020034790039,32.4900016784668,32.709999084472656,32.49 - 32.71,43955,43955,0.09865757441452966,2025-10-17 18:53:24.540239+00:00,2025-10-17 18:53:24.540241+00:00,,,,,,,2.7425604693531764
DIG,DIG,DIG,DIG,NASDAQ,33.369998931884766,33.220001220703125,33.709999084472656,33.22 - 33.71,12821,12821,0.7548309422175854,2025-10-17 18:53:24.542388+00:00,2025-10-17 18:53:24.542390+00:00,,,,,,,3.0206773517060683
DIM,DIM,DIM,DIM,NASDAQ,76.58280181884766,76.41709899902344,76.61000061035156,76.42 - 76.61,3558,3558,-0.2698256207961455,2025-10-17 18:53:24.543892+00:00,2025-10-17 18:53:24.543894+00:00,,,,,,,3.5530170421766147
DINO,DINO,DINO,DINO,NASDAQ,51.678001403808594,50.560001373291016,51.89500045776367,50.56 - 51.90,949051,949051,2.069919639708142,2025-10-17 18:53:24.544836+00:00,2025-10-17 18:53:24.544837+00:00,,,,,,,3.870118707517592
DINT,DINT,DINT,DINT,NASDAQ,27.66119956970215,27.469999313354492,27.66119956970215,27.47 - 27.66,4860,4860,-0.248106648647392,2025-10-17 18:53:24.545449+00:00,2025-10-17 18:53:24.545450+00:00,,,,,,,1.8437378274751792
DIOD,DIOD,DIOD,DIOD,NASDAQ,54.3650016784668,53.5,55.459999084472656,53.50 - 55.46,126333,126333,-2.4843019220326514,2025-10-17 18:53:24.546067+00:00,2025-10-17 18:53:24.546068+00:00,,,,,,,0.0
DISO,DISO,DISO,DISO,NASDAQ,12.420000076293945,12.270000457763672,12.460100173950195,12.27 - 12.46,60938,60938,0.7380939231092087,2025-10-17 18:53:24.547319+00:00,2025-10-17 18:53:24.547320+00:00,,,,,,,42.31884031975272
DISV,DISV,DISV,DISV,NASDAQ,35.63999938964844,35.459999084472656,35.66999816894531,35.46 - 35.67,115241,115241,-0.4469269576030488,2025-10-17 18:53:24.547940+00:00,2025-10-17 18:53:24.547941+00:00,,,,,,,2.6374860159874776
DIT,DIT,DIT,DIT,NASDAQ,118.69999694824219,116.76000213623047,118.69999694824219,116.76 - 118.70,521,521,-0.2856216101060251,2025-10-17 18:53:24.548513+00:00,2025-10-17 18:53:24.548514+00:00,,,,,,,0.8424600048103109
DIVB,DIVB,DIVB,DIVB,NASDAQ,51.68000030517578,51.3400993347168,51.70000076293945,51.34 - 51.70,52815,52815,0.6034677433068845,2025-10-17 18:53:24.549591+00:00,2025-10-17 18:53:24.549592+00:00,,,,,,,2.496130016219845
DIVI,DIVI,DIVI,DIVI,NASDAQ,37.76499938964844,37.55009841918945,37.780601501464844,37.55 - 37.78,142023,142023,0.2788091945346713,2025-10-17 18:53:24.551332+00:00,2025-10-17 18:53:24.551334+00:00,,,,,,,2.9789488102265604
DIVN,DIVN,DIVN,DIVN,NASDAQ,25.930099487304688,25.842599868774414,25.930099487304688,25.84 - 25.93,8242,8242,0.6525128589818378,2025-10-17 18:53:24.555399+00:00,2025-10-17 18:53:24.555401+00:00,,,,,,,0.23910436606830238
DIVO,DIVO,DIVO,DIVO,NASDAQ,44.345001220703125,43.959999084472656,44.36000061035156,43.96 - 44.36,320285,320285,1.0597086172948529,2025-10-17 18:53:24.556469+00:00,2025-10-17 18:53:24.556471+00:00,,,,,,,4.546171934839863
DIVP,DIVP,DIVP,DIVP,NASDAQ,24.81730079650879,24.649999618530273,24.829999923706055,24.65 - 24.83,3267,3267,1.1052769280512431,2025-10-17 18:53:24.557193+00:00,2025-10-17 18:53:24.557194+00:00,,,,,,,7.063620715136781
DJAN,DJAN,DJAN,DJAN,NASDAQ,42.07440185546875,41.987998962402344,42.07440185546875,41.99 - 42.07,4879,4879,0.27264721995293995,2025-10-17 18:53:24.559542+00:00,2025-10-17 18:53:24.559544+00:00,,,,,,,0.0
DJD,DJD,DJD,DJD,NASDAQ,55.0,54.58000183105469,55.04999923706055,54.58 - 55.05,14413,14413,0.7326035477244492,2025-10-17 18:53:24.560564+00:00,2025-10-17 18:53:24.560565+00:00,,,,,,,2.6545454545454548
DJIA,DJIA,DJIA,DJIA,NASDAQ,21.979999542236328,21.860000610351562,21.979999542236328,21.86 - 21.98,23133,23133,0.7794593326763286,2025-10-17 18:53:24.561295+00:00,2025-10-17 18:53:24.561296+00:00,,,,,,,12.411283243013402
DJP,DJP,DJP,DJP,NASDAQ,35.90999984741211,35.690101623535156,35.959999084472656,35.69 - 35.96,16547,16547,-0.36071327639513234,2025-10-17 18:53:24.561928+00:00,2025-10-17 18:53:24.561929+00:00,,,,,,,0.0
DK,DK,DK,DK,NASDAQ,33.760101318359375,33.209999084472656,34.689998626708984,33.21 - 34.69,445282,445282,2.2413714425666837,2025-10-17 18:53:24.563000+00:00,2025-10-17 18:53:24.563001+00:00,,,,,,,3.0213179468312346
DKNG,DKNG,DKNG,DKNG,NASDAQ,34.61000061035156,34.13479995727539,35.150001525878906,34.13 - 35.15,6325021,6325021,-1.6481899374591256,2025-10-17 18:53:24.563796+00:00,2025-10-17 18:53:24.563797+00:00,,,,,,,0.0
DKS,DKS,DKS,DKS,NASDAQ,227.91000366210938,226.60000610351562,232.9199981689453,226.60 - 232.92,415176,415176,-1.0678436893774927,2025-10-17 18:53:24.564347+00:00,2025-10-17 18:53:24.564348+00:00,,,,,,,2.079329526502865
DLHC,DLHC,DLHC,DLHC,NASDAQ,5.599999904632568,5.500100135803223,5.670000076293945,5.50 - 5.67,5618,5618,1.8181800842285156,2025-10-17 18:53:24.565142+00:00,2025-10-17 18:53:24.565143+00:00,,,,,,,0.0
DLLL,DLLL,DLLL,DLLL,NASDAQ,33.939998626708984,32.9109001159668,34.4900016784668,32.91 - 34.49,74257,74257,-2.4432373281111053,2025-10-17 18:53:24.565707+00:00,2025-10-17 18:53:24.565708+00:00,,,,,,,0.0
DLN,DLN,DLN,DLN,NASDAQ,86.58989715576172,86.00700378417969,86.62000274658203,86.01 - 86.62,141632,141632,0.7327804536969147,2025-10-17 18:53:24.566254+00:00,2025-10-17 18:53:24.566255+00:00,,,,,,,1.8801269587738183
DLNG,DLNG,DLNG,DLNG,NASDAQ,3.549999952316284,3.5299999713897705,3.553299903869629,3.53 - 3.55,16050,16050,0.0,2025-10-17 18:53:24.567052+00:00,2025-10-17 18:53:24.567053+00:00,,,,,,,4.140845126042503
DLO,DLO,DLO,DLO,NASDAQ,15.210000038146973,14.90999984741211,15.420000076293945,14.91 - 15.42,1355387,1355387,-1.233763539543735,2025-10-17 18:53:24.567816+00:00,2025-10-17 18:53:24.567817+00:00,,,,,,,3.4516765199427346
DLPN,DLPN,DLPN,DLPN,NASDAQ,1.4199999570846558,1.399999976158142,1.437399983406067,1.40 - 1.44,17415,17415,0.0,2025-10-17 18:53:24.568433+00:00,2025-10-17 18:53:24.568433+00:00,,,,,,,0.0
DLS,DLS,DLS,DLS,NASDAQ,78.38130187988281,78.09500122070312,78.44999694824219,78.10 - 78.45,14186,14186,-0.07483498176493061,2025-10-17 18:53:24.569103+00:00,2025-10-17 18:53:24.569104+00:00,,,,,,,3.939715118195249
DLTH,DLTH,DLTH,DLTH,NASDAQ,3.0250000953674316,2.9800000190734863,3.308199882507324,2.98 - 3.31,37932,37932,-3.9682538481135947,2025-10-17 18:53:24.570041+00:00,2025-10-17 18:53:24.570043+00:00,,,,,,,0.0
DLX,DLX,DLX,DLX,NASDAQ,17.979999542236328,17.81999969482422,18.11989974975586,17.82 - 18.12,112548,112548,0.33481844691370877,2025-10-17 18:53:24.570995+00:00,2025-10-17 18:53:24.570996+00:00,,,,,,,6.674082483601362
DMAC,DMAC,DMAC,DMAC,NASDAQ,6.554999828338623,6.450099945068359,6.730899810791016,6.45 - 6.73,184838,184838,-1.8712575331171624,2025-10-17 18:53:24.578503+00:00,2025-10-17 18:53:24.578505+00:00,,,,,,,0.0
DMAX,DMAX,DMAX,DMAX,NASDAQ,26.46030044555664,26.41950035095215,26.46809959411621,26.42 - 26.47,2888,2888,0.3044021506621819,2025-10-17 18:53:24.587815+00:00,2025-10-17 18:53:24.587817+00:00,,,,,,,0.0
EBC,EBC,EBC,EBC,NASDAQ,18.045000076293945,17.3799991607666,18.125,17.38 - 18.12,3540593,3540593,4.790945388131617,2025-10-17 18:53:24.812702+00:00,2025-10-17 18:53:24.812704+00:00,,,,,,,2.7708506394347947
ECDA,ECDA,ECDA,ECDA,NASDAQ,2.5,2.259999990463257,2.6198999881744385,2.26 - 2.62,116263,116263,-4.580148503841451,2025-10-17 18:53:25.005085+00:00,2025-10-17 18:53:25.005087+00:00,,,,,,,0.0
EML,EML,EML,EML,NASDAQ,21.5,21.299999237060547,21.899999618530273,21.30 - 21.90,4137,4137,0.18639756399750426,2025-10-17 18:53:25.008491+00:00,2025-10-17 18:53:25.008492+00:00,,,,,,,2.046511627906977
FDD,FDD,FDD,FDD,NASDAQ,15.927200317382812,15.819999694824219,15.930000305175781,15.82 - 15.93,55808,55808,-0.4549980163574219,2025-10-17 18:53:26.505626+00:00,2025-10-17 18:53:26.505628+00:00,,,,,,,5.160982367396209
FWRD,FWRD,FWRD,FWRD,NASDAQ,20.290000915527344,19.989999771118164,20.90999984741211,19.99 - 20.91,540972,540972,-2.5456233768756054,2025-10-17 18:53:29.383668+00:00,2025-10-17 18:53:29.383670+00:00,,,,,,,0.0
EMQQ,EMQQ,EMQQ,EMQQ,NASDAQ,44.25899887084961,43.70000076293945,44.2599983215332,43.70 - 44.26,22560,22560,0.2923131647680343,2025-10-17 18:53:36.792682+00:00,2025-10-17 18:53:36.792684+00:00,,,,,,,1.324024525972634
IPG,IPG,IPG,IPG,NASDAQ,26.440000534057617,26.18000030517578,26.719999313354492,26.18 - 26.72,4282188,4282188,0.37965216738961016,2025-10-17 18:53:38.509264+00:00,2025-10-17 18:53:38.509265+00:00,,,,,,,4.992435602638114
FLXN,FLXN,FLXN,FLXN,NASDAQ,25.52389907836914,25.52389907836914,25.525100708007812,25.52 - 25.53,771,771,-0.023899757588173035,2025-10-17 18:53:39.979606+00:00,2025-10-17 18:53:39.979608+00:00,,,,,,,0.572012918370028
JULP,JULP,JULP,JULP,NASDAQ,29.979999542236328,29.979999542236328,30.0,29.98 - 30.00,266,266,0.026689644112623426,2025-10-17 18:53:40.897367+00:00,2025-10-17 18:53:40.897369+00:00,,,,,,,0.0
KMPB,KMPB,KMPB,KMPB,NASDAQ,23.650100708007812,23.650100708007812,23.860000610351562,23.65 - 23.86,13740,13740,-0.6298257725122843,2025-10-17 18:53:48.216983+00:00,2025-10-17 18:53:48.216985+00:00,,,,,,,6.207161728926347
KRUS,KRUS,KRUS,KRUS,NASDAQ,61.470001220703125,61.470001220703125,64.45999908447266,61.47 - 64.46,129376,129376,-2.629494407296181,2025-10-17 18:53:48.244968+00:00,2025-10-17 18:53:48.244969+00:00,,,,,,,0.0
MMSI,MMSI,MMSI,MMSI,NASDAQ,81.58000183105469,80.5,81.91000366210938,80.50 - 81.91,202588,202588,0.9528576855884973,2025-10-17 18:53:52.883966+00:00,2025-10-17 18:53:52.883967+00:00,,,,,,,0.0
HIMX,HIMX,HIMX,HIMX,NASDAQ,9.210700035095215,9.08240032196045,9.404999732971191,9.08 - 9.40,899590,899590,-0.9602167076148431,2025-10-17 18:54:02.641955+00:00,2025-10-17 18:54:02.641957+00:00,,,,,,,4.017067091428466
LOMA,LOMA,LOMA,LOMA,NASDAQ,7.820000171661377,7.769999980926514,7.929999828338623,7.77 - 7.93,209830,209830,-0.3821622080974483,2025-10-17 18:54:03.596761+00:00,2025-10-17 18:54:03.596763+00:00,,,,,,,0.0
LPRO,LPRO,LPRO,LPRO,NASDAQ,1.9450000524520874,1.8200000524520874,1.9800000190734863,1.82 - 1.98,738419,738419,4.569894488884086,2025-10-17 18:54:03.597546+00:00,2025-10-17 18:54:03.597547+00:00,,,,,,,0.0
IDVO,IDVO,IDVO,IDVO,NASDAQ,37.15999984741211,36.94499969482422,37.220001220703125,36.94 - 37.22,71751,71751,-0.2683802432253543,2025-10-17 18:54:04.083073+00:00,2025-10-17 18:54:04.083075+00:00,,,,,,,5.309472572932218
PFS,PFS,PFS,PFS,NASDAQ,18.155000686645508,17.829999923706055,18.219999313354492,17.83 - 18.22,391709,391709,1.5380399260998376,2025-10-17 18:54:16.849712+00:00,2025-10-17 18:54:16.849713+00:00,,,,,,,5.287799304277409
RCKT,RCKT,RCKT,RCKT,NASDAQ,3.710099935531616,3.630000114440918,3.9386000633239746,3.63 - 3.94,2130476,2130476,-7.247501611709595,2025-10-17 18:54:17.210513+00:00,2025-10-17 18:54:17.210515+00:00,,,,,,,0.0
RNST,RNST,RNST,RNST,NASDAQ,34.18000030517578,33.54999923706055,34.31999969482422,33.55 - 34.32,289067,289067,1.665679331000566,2025-10-17 18:54:31.774185+00:00,2025-10-17 18:54:31.774187+00:00,,,,,,,2.574605009195228
RZB,RZB,RZB,RZB,NASDAQ,24.959999084472656,24.90999984741211,25.0,24.91 - 25.00,12889,12889,0.12033204544585135,2025-10-17 18:54:41.178005+00:00,2025-10-17 18:54:41.178007+00:00,,,,,,,5.753205339231442
OXLCO,OXLCO,OXLCO,OXLCO,NASDAQ,23.440000534057617,23.33919906616211,23.440000534057617,23.34 - 23.44,2930,2930,0.5275168401211208,2025-10-17 18:54:41.788427+00:00,2025-10-17 18:54:41.788429+00:00,,,,,,,6.399317260341121
SVOL,SVOL,SVOL,SVOL,NASDAQ,17.210100173950195,16.850000381469727,17.229999542236328,16.85 - 17.23,402329,402329,1.8349145705299732,2025-10-17 18:54:42.201103+00:00,2025-10-17 18:54:42.201106+00:00,,,,,,,19.697735432889704
SRPT,SRPT,SRPT,SRPT,NASDAQ,22.309999465942383,21.93440055847168,22.989999771118164,21.93 - 22.99,2570609,2570609,-4.413027763118088,2025-10-17 18:54:43.190821+00:00,2025-10-17 18:54:43.190823+00:00,,,,,,,0.0
PSMJ,PSMJ,PSMJ,PSMJ,NASDAQ,31.420000076293945,31.344999313354492,31.420000076293945,31.34 - 31.42,916,916,0.20730516666109053,2025-10-17 18:54:46.024694+00:00,2025-10-17 18:54:46.024695+00:00,,,,,,,0.0
SMSI,SMSI,SMSI,SMSI,NASDAQ,0.7330999970436096,0.699999988079071,0.744700014591217,0.70 - 0.74,342875,342875,3.253523830903129,2025-10-17 18:54:50.701871+00:00,2025-10-17 18:54:50.701873+00:00,,,,,,,0.0
