{
	"settings": {
		"appearanceTools": true,
		"color": {
			"gradients": [
				{
					"gradient": "linear-gradient(135deg, rgb(0, 2, 8) 0%, rgb(0, 1, 10) 30%, rgb(6, 11, 21) 55%, rgb(0 23 30) 70%, rgb(0 17 22) 100%)",
					"name": "Color 1",
					"slug": "custom-color-1"
				},
				{
					"gradient": "linear-gradient(190deg, rgb(0, 2, 8) 0%, rgb(0, 1, 10) 30%, rgb(6, 11, 21) 55%, rgb(0 23 30) 70%, rgb(0 17 22) 100%)",
					"name": "Color 2",
					"slug": "custom-color-2"
				}
			],
			"palette": [
				{
					"color": "#3685fb",
					"name": "Color 1",
					"slug": "custom-color-1"
				},
				{
					"color": "#000",
					"name": "Color 2",
					"slug": "custom-color-2"
				},
				{
					"color": "#ffffff",
					"name": "Color 3",
					"slug": "custom-color-3"
				},
				{
					"color": "#fafafa",
					"name": "Color 4",
					"slug": "custom-color-4"
				}
			]
		},
		"layout": {
			"contentSize": "1180px",
			"wideSize": "1200px"
		},
		"shadow": {
			"presets": [
				{
					"name": "Theme Shadow",
					"shadow": "0px 10px 30px rgb(0 0 0 / 10%)",
					"slug": "theme-shadow"
				}
			]
		},
		"spacing": {
			"units": [
				"%",
				"px",
				"em",
				"rem",
				"vh",
				"vw"
			]
		},
		"typography": {
			"fluid": true,
			"fontFamilies": [
				{
					"fontFamily": "-apple-system, BlinkMacSystemFont, 'Segoe UI', Roboto, Oxygen-Sans, Ubuntu, Cantarell, 'Helvetica Neue', sans-serif",
					"name": "System Font",
					"slug": "system-font"
				},
				{
					"fontFace": [
						{
							"fontFamily": "Poppins",
							"fontStyle": "normal",
							"fontWeight": "400",
							"src": "file:./assets/fonts/pxiEyp8kv8JHgFVrFJXUc1NECPY.woff2"
						},
						{
							"fontFamily": "Poppins",
							"fontStyle": "normal",
							"fontWeight": "300",
							"src": "file:./assets/fonts/pxiByp8kv8JHgFVrLDz8V15vFP-KUEg.woff2"
						},
						{
							"fontFamily": "Poppins",
							"fontStyle": "normal",
							"fontWeight": "500",
							"src": "file:./assets/fonts/pxiByp8kv8JHgFVrLGT9V15vFP-KUEg.woff2"
						},
						{
							"fontFamily": "Poppins",
							"fontStyle": "normal",
							"fontWeight": "600",
							"src": "file:./assets/fonts/pxiByp8kv8JHgFVrLEj6V15vFP-KUEg.woff2"
						},
						{
							"fontFamily": "Poppins",
							"fontStyle": "normal",
							"fontWeight": "700",
							"src": "file:./assets/fonts/pxiByp8kv8JHgFVrLCz7V15vFP-KUEg.woff2"
						},
						{
							"fontFamily": "Poppins",
							"fontStyle": "italic",
							"fontWeight": "400",
							"src": "file:./assets/fonts/pxiGyp8kv8JHgFVrJJLecnFBGPaTSQ.woff2"
						}
					],
					"fontFamily": "Poppins, sans-serif",
					"name": "Poppins",
					"slug": "poppins"
				},
				{
					"fontFace": [
						{
							"fontFamily": "Nunito",
							"fontStyle": "normal",
							"fontWeight": "400",
							"src": "file:./assets/fonts/XRXI3I6Li01BKofiOc5wtlZ2di8HDLshRTY9jo7eTWk.woff2"
						},
						{
							"fontFamily": "Nunito",
							"fontStyle": "normal",
							"fontWeight": "500",
							"src": "file:./assets/fonts/XRXI3I6Li01BKofiOc5wtlZ2di8HDIkhRTY9jo7eTWk.woff2"
						},
						{
							"fontFamily": "Nunito",
							"fontStyle": "normal",
							"fontWeight": "600",
							"src": "file:./assets/fonts/XRXI3I6Li01BKofiOc5wtlZ2di8HDGUmRTY9jo7eTWk.woff2"
						},
						{
							"fontFamily": "Nunito",
							"fontStyle": "normal",
							"fontWeight": "700",
							"src": "file:./assets/fonts/XRXI3I6Li01BKofiOc5wtlZ2di8HDFwmRTY9jo7eTWk.woff2"
						},
						{
							"fontFamily": "Nunito",
							"fontStyle": "italic",
							"fontWeight": "400",
							"src": "file:./assets/fonts/XRXK3I6Li01BKofIMPyPbj8d7IEAGXNirXA3j6zbXWnoeg.woff2"
						}
					],
					"fontFamily": "Nunito, sans-serif",
					"name": "Nunito",
					"slug": "nunito"
				}
			],
			"fontSizes": [
				{
					"name": "Extra Small",
					"size": "clamp(0.875rem, 1vw + 0.125rem, 18px)",
					"slug": "extra-small"
				},
				{
					"name": "Small",
					"size": "clamp(1rem, 1.5vw + 0.25rem, 24px)",
					"slug": "small"
				},
				{
					"name": "Medium",
					"size": "clamp(1.25rem, 2vw + 0.5rem, 36px)",
					"slug": "medium"
				},
				{
					"name": "Medium Large",
					"size": "clamp(1.5rem, 2.5vw + 0.75rem, 48px)",
					"slug": "medium-large"
				},
				{
					"name": "Large",
					"size": "clamp(2rem, 3vw + 1rem, 64px)",
					"slug": "large"
				},
				{
					"name": "X Large",
					"size": "clamp(2.25rem, 3.5vw + 1.25rem, 72px)",
					"slug": "x-large"
				},
				{
					"name": "XX Large",
					"size": "clamp(2.5rem, 4vw + 1.5rem, 80px)",
					"slug": "xx-large"
				},
				{
					"name": "Extra Large",
					"size": "clamp(2.8rem, 4.5vw + 1.8rem, 90px)",
					"slug": "extra-large"
				},
				{
					"name": "Huge",
					"size": "clamp(3rem, 5vw + 2rem, 100px)",
					"slug": "huge"
				}
			],
			"writingMode": true
		},
		"useRootPaddingAwareAlignments": true
	},
	"styles": {
		"blocks": {
			"core/list-item": {
				"spacing": {
					"padding": {
						"bottom": "var(--wp--preset--spacing--20)",
						"top": "var(--wp--preset--spacing--20)"
					}
				}
			},
			"core/post-content": {
				"elements": {
					"link": {
						"typography": {
							"textDecoration": "underline"
						}
					}
				}
			},
			"core/query-pagination-numbers": {
				"typography": {
					"letterSpacing": "5px"
				}
			}
		},
		"color": {
			"background": "#ffffff"
		},
		"elements": {
			"button": {
				"typography": {
					"fontFamily": "var(--wp--preset--font-family--poppins)"
				}
			},
			"heading": {
				"typography": {
					"fontFamily": "var(--wp--preset--font-family--poppins)"
				}
			},
			"link": {
				":hover": {
					"color": {
						"text": "var(--wp--preset--color--custom-color-1)"
					}
				},
				"color": {
					"text": "var(--wp--preset--color--custom-color-2)"
				},
				"typography": {
					"textDecoration": "none"
				}
			}
		},
		"spacing": {
			"blockGap": "20px"
		},
		"typography": {
			"fontFamily": "var(--wp--preset--font-family--nunito)",
			"fontSize": "18px"
		}
	},
	"templateParts": [
		{
			"area": "header",
			"name": "header"
		},
		{
			"area": "footer",
			"name": "footer"
		}
	],
	"version": 3,
	"$schema": "https://schemas.wp.org/wp/6.6/theme.json"
}