change_percent,company_name,created_at,current_price,days_high,days_low,days_range,exchange,last_updated,name,symbol,ticker,volume,volume_today
-5.3435065878150265,AACG,2025-10-31 12:17:46.683409+00:00,1.2400000095367432,1.3300000429153442,1.2300000190734863,1.23 - 1.33,NASDAQ,2025-10-31 12:17:46.683408+00:00,AACG,AACG,AACG,19000,19000
0.0,AAME,2025-10-31 12:17:46.683924+00:00,2.869999885559082,2.930000066757202,2.819999933242798,2.82 - 2.93,NASDAQ,2025-10-31 12:17:46.683923+00:00,AAME,AAME,AAME,8100,8100
-1.15558019363567,AAOI,2025-10-31 12:17:46.684331+00:00,35.06999969482422,36.29999923706055,34.099998474121094,34.10 - 36.30,NASDAQ,2025-10-31 12:17:46.684330+00:00,AAOI,AAOI,AAOI,3582200,3582200
-4.485977110211686,ABAT,2025-10-31 12:17:46.684871+00:00,5.110000133514404,5.480000019073486,4.96999979019165,4.97 - 5.48,NASDAQ,2025-10-31 12:17:46.684870+00:00,ABAT,ABAT,ABAT,5693500,5693500
-6.407316711757059,ABSI,2025-10-31 12:17:46.685512+00:00,4.090000152587891,4.320000171661377,4.090000152587891,4.09 - 4.32,NASDAQ,2025-10-31 12:17:46.685512+00:00,ABSI,ABSI,ABSI,2691600,2691600
0.9320864539393098,ACAD,2025-10-31 12:17:46.686101+00:00,22.739999771118164,22.8799991607666,22.149999618530273,22.15 - 22.88,NASDAQ,2025-10-31 12:17:46.686101+00:00,ACAD,ACAD,ACAD,1190300,1190300
-1.5113375943064602,ACIC,2025-10-31 12:17:46.686854+00:00,11.729999542236328,12.0600004196167,11.729999542236328,11.73 - 12.06,NASDAQ,2025-10-31 12:17:46.686853+00:00,ACIC,ACIC,ACIC,162300,162300
-1.5636312981735152,ACLS,2025-10-31 12:17:46.687201+00:00,81.83999633789062,84.69999694824219,81.73999786376953,81.74 - 84.70,NASDAQ,2025-10-31 12:17:46.687200+00:00,ACLS,ACLS,ACLS,599200,599200
2.6455064499479612,ACRV,2025-10-31 12:17:46.687790+00:00,1.940000057220459,1.9700000286102295,1.8799999952316284,1.88 - 1.97,NASDAQ,2025-10-31 12:17:46.687789+00:00,ACRV,ACRV,ACRV,206400,206400
0.3178383927833263,ADAMH,2025-10-31 12:17:46.688488+00:00,25.25,25.280000686645508,25.170000076293945,25.17 - 25.28,NASDAQ,2025-10-31 12:17:46.688487+00:00,ADAMH,ADAMH,ADAMH,23200,23200
0.40845466839659234,ADBE,2025-10-31 12:17:46.689144+00:00,339.239990234375,344.70001220703125,333.1000061035156,333.10 - 344.70,NASDAQ,2025-10-31 12:17:46.689143+00:00,ADBE,ADBE,ADBE,4367900,4367900
0.6547655675418294,ADPT,2025-10-31 12:17:46.689723+00:00,16.90999984741211,17.364999771118164,16.774999618530273,16.77 - 17.36,NASDAQ,2025-10-31 12:17:46.689722+00:00,ADPT,ADPT,ADPT,1515900,1515900
-4.779415921820445,ADV,2025-10-31 12:17:46.690312+00:00,1.2949999570846558,1.4149999618530273,1.2799999713897705,1.28 - 1.41,NASDAQ,2025-10-31 12:17:46.690311+00:00,ADV,ADV,ADV,506300,506300
0.0,ADVM,2025-10-31 12:17:46.690661+00:00,4.230000019073486,4.340000152587891,4.199999809265137,4.20 - 4.34,NASDAQ,2025-10-31 12:17:46.690661+00:00,ADVM,ADVM,ADVM,304500,304500
-9.503174782448205,AEVA,2025-10-31 12:17:46.691357+00:00,15.664999961853027,16.899999618530273,15.529999732971191,15.53 - 16.90,NASDAQ,2025-10-31 12:17:46.691357+00:00,AEVA,AEVA,AEVA,1553000,1553000
2.9867307400776464,AFRI,2025-10-31 12:17:46.691865+00:00,9.3100004196167,9.5,8.949999809265137,8.95 - 9.50,NASDAQ,2025-10-31 12:17:46.691864+00:00,AFRI,AFRI,AFRI,2600,2600
-0.47169205690294447,AGAE,2025-10-31 12:17:46.692284+00:00,0.6330000162124634,0.6769999861717224,0.6159999966621399,0.62 - 0.68,NASDAQ,2025-10-31 12:17:46.692284+00:00,AGAE,AGAE,AGAE,396400,396400
-9.658248046437846,AGH,2025-10-31 12:17:46.692695+00:00,6.079999923706055,6.809999942779541,5.974999904632568,5.97 - 6.81,NASDAQ,2025-10-31 12:17:46.692694+00:00,AGH,AGH,AGH,237100,237100
0.1833666147780807,AGNCM,2025-10-31 12:17:46.693184+00:00,24.584999084472656,24.667999267578125,24.530000686645508,24.53 - 24.67,NASDAQ,2025-10-31 12:17:46.693184+00:00,AGNCM,AGNCM,AGNCM,16100,16100
-0.11899555885089995,AGNCO,2025-10-31 12:17:46.693520+00:00,25.18000030517578,25.280000686645508,25.170000076293945,25.17 - 25.28,NASDAQ,2025-10-31 12:17:46.693519+00:00,AGNCO,AGNCO,AGNCO,22900,22900
0.16135137838440883,AGNCP,2025-10-31 12:17:46.693813+00:00,24.829999923706055,24.850000381469727,24.760000228881836,24.76 - 24.85,NASDAQ,2025-10-31 12:17:46.693812+00:00,AGNCP,AGNCP,AGNCP,35600,35600
-2.3991304819892836,AHCO,2025-10-31 12:17:46.694345+00:00,8.949999809265137,9.170000076293945,8.880000114440918,8.88 - 9.17,NASDAQ,2025-10-31 12:17:46.694344+00:00,AHCO,AHCO,AHCO,900900,900900
-2.083331393077926,AIFF,2025-10-31 12:17:46.694741+00:00,1.8799999952316284,1.9500000476837158,1.850000023841858,1.85 - 1.95,NASDAQ,2025-10-31 12:17:46.694741+00:00,AIFF,AIFF,AIFF,255900,255900
-2.678564738253854,AIRO,2025-10-31 12:17:46.695357+00:00,16.350000381469727,16.780000686645508,16.260000228881836,16.26 - 16.78,NASDAQ,2025-10-31 12:17:46.695356+00:00,AIRO,AIRO,AIRO,401300,401300
-4.166662823113064,AKAN,2025-10-31 12:17:46.696017+00:00,1.6100000143051147,1.6699999570846558,1.5399999618530273,1.54 - 1.67,NASDAQ,2025-10-31 12:17:46.696016+00:00,AKAN,AKAN,AKAN,122900,122900
-2.796267431680258,AKTX,2025-10-31 12:17:46.696443+00:00,0.7300000190734863,0.7599999904632568,0.7300000190734863,0.73 - 0.76,NASDAQ,2025-10-31 12:17:46.696442+00:00,AKTX,AKTX,AKTX,200000,200000
-2.34419547280979,ALAB,2025-10-31 12:17:46.696736+00:00,169.5500030517578,175.63999938964844,167.4199981689453,167.42 - 175.64,NASDAQ,2025-10-31 12:17:46.696735+00:00,ALAB,ALAB,ALAB,3061300,3061300
0.0,ALCY,2025-10-31 12:17:46.697098+00:00,11.649999618530273,11.649999618530273,11.649999618530273,11.65 - 11.65,NASDAQ,2025-10-31 12:17:46.697097+00:00,ALCY,ALCY,ALCY,500,500
0.23900208832792902,ALDF,2025-10-31 12:17:46.697403+00:00,10.484999656677246,10.484999656677246,10.479999542236328,10.48 - 10.48,NASDAQ,2025-10-31 12:17:46.697403+00:00,ALDF,ALDF,ALDF,8000,8000
-2.1464042063712716,ALGT,2025-10-31 12:17:46.697972+00:00,61.09000015258789,63.27000045776367,60.72999954223633,60.73 - 63.27,NASDAQ,2025-10-31 12:17:46.697971+00:00,ALGT,ALGT,ALGT,199500,199500
-0.8196713302251629,ALLO,2025-10-31 12:17:46.698440+00:00,1.2100000381469727,1.2599999904632568,1.2100000381469727,1.21 - 1.26,NASDAQ,2025-10-31 12:17:46.698439+00:00,ALLO,ALLO,ALLO,1243300,1243300
-4.654441701042882,ALM,2025-10-31 12:17:46.698865+00:00,6.760000228881836,7.039999961853027,6.639999866485596,6.64 - 7.04,NASDAQ,2025-10-31 12:17:46.698864+00:00,ALM,ALM,ALM,3315000,3315000
-6.650885405191049,ALNY,2025-10-31 12:17:46.699315+00:00,449.55999755859375,472.3599853515625,436.510009765625,436.51 - 472.36,NASDAQ,2025-10-31 12:17:46.699314+00:00,ALNY,ALNY,ALNY,2313900,2313900
-0.6493448855910747,ALOT,2025-10-31 12:17:46.699608+00:00,9.180000305175781,9.25,9.050000190734863,9.05 - 9.25,NASDAQ,2025-10-31 12:17:46.699607+00:00,ALOT,ALOT,ALOT,2400,2400
-2.515728315886917,ALXO,2025-10-31 12:17:46.700362+00:00,1.5499999523162842,1.6100000143051147,1.5199999809265137,1.52 - 1.61,NASDAQ,2025-10-31 12:17:46.700361+00:00,ALXO,ALXO,ALXO,123000,123000
1.1519067203553024,AMLX,2025-10-31 12:17:46.701052+00:00,14.050000190734863,14.25,13.539999961853027,13.54 - 14.25,NASDAQ,2025-10-31 12:17:46.701051+00:00,AMLX,AMLX,AMLX,1242700,1242700
-4.629636068402729,AMOD,2025-10-31 12:17:46.701354+00:00,1.0299999713897705,1.0700000524520874,1.0099999904632568,1.01 - 1.07,NASDAQ,2025-10-31 12:17:46.701353+00:00,AMOD,AMOD,AMOD,59700,59700
-1.143072874992501,AMRK,2025-10-31 12:17:46.701795+00:00,26.809999465942383,27.094999313354492,26.549999237060547,26.55 - 27.09,NASDAQ,2025-10-31 12:17:46.701794+00:00,AMRK,AMRK,AMRK,177300,177300
-0.6896544920278584,ANGH,2025-10-31 12:17:46.702644+00:00,2.880000114440918,2.9000000953674316,2.8450000286102295,2.85 - 2.90,NASDAQ,2025-10-31 12:17:46.702643+00:00,ANGH,ANGH,ANGH,3100,3100
1.0330519074667968,ANIK,2025-10-31 12:17:46.703047+00:00,9.779999732971191,9.899999618530273,9.680000305175781,9.68 - 9.90,NASDAQ,2025-10-31 12:17:46.703047+00:00,ANIK,ANIK,ANIK,59800,59800
-0.32527706910818316,ANIP,2025-10-31 12:17:46.703341+00:00,91.93000030517578,93.45999908447266,91.66999816894531,91.67 - 93.46,NASDAQ,2025-10-31 12:17:46.703341+00:00,ANIP,ANIP,ANIP,198100,198100
0.6104131919763152,APGE,2025-10-31 12:17:46.704346+00:00,56.040000915527344,57.0,55.349998474121094,55.35 - 57.00,NASDAQ,2025-10-31 12:17:46.704345+00:00,APGE,APGE,APGE,857700,857700
0.0,APRE,2025-10-31 12:17:46.644125+00:00,1.4500000476837158,1.4700000286102295,1.399999976158142,1.40 - 1.47,NASDAQ,2025-10-31 12:17:46.644121+00:00,APRE,APRE,APRE,41000,41000
-2.1739174096029172,APWC,2025-10-31 12:17:46.644641+00:00,1.7999999523162842,1.8899999856948853,1.7999999523162842,1.80 - 1.89,NASDAQ,2025-10-31 12:17:46.644640+00:00,APWC,APWC,APWC,7600,7600
41.21037622382763,AQMS,2025-10-31 12:17:46.645129+00:00,9.800000190734863,11.479999542236328,6.900000095367432,6.90 - 11.48,NASDAQ,2025-10-31 12:17:46.645128+00:00,AQMS,AQMS,AQMS,7877200,7877200
-3.108805409853593,ARBE,2025-10-31 12:17:46.645685+00:00,1.8700000047683716,1.9299999475479126,1.850000023841858,1.85 - 1.93,NASDAQ,2025-10-31 12:17:46.645684+00:00,ARBE,ARBE,ARBE,1490700,1490700
-2.512560405862701,ARBKL,2025-10-31 12:17:46.646021+00:00,1.940000057220459,1.9800000190734863,1.7999999523162842,1.80 - 1.98,NASDAQ,2025-10-31 12:17:46.646015+00:00,ARBKL,ARBKL,ARBKL,4900,4900
-2.231930995626702,ARCC,2025-10-31 12:17:46.646542+00:00,20.149999618530273,20.649999618530273,20.139999389648438,20.14 - 20.65,NASDAQ,2025-10-31 12:17:46.646541+00:00,ARCC,ARCC,ARCC,6406100,6406100
2.012717611263945,ARCT,2025-10-31 12:17:46.646887+00:00,9.630000114440918,9.979999542236328,9.40999984741211,9.41 - 9.98,NASDAQ,2025-10-31 12:17:46.646886+00:00,ARCT,ARCT,ARCT,1050300,1050300
-0.19586912039928844,ARGX,2025-10-31 12:17:46.647335+00:00,820.3599853515625,831.989990234375,749.75,749.75 - 831.99,NASDAQ,2025-10-31 12:17:46.647334+00:00,ARGX,ARGX,ARGX,925800,925800
-2.5056870164623963,ARKO,2025-10-31 12:17:46.647760+00:00,4.28000020980835,4.395999908447266,4.25,4.25 - 4.40,NASDAQ,2025-10-31 12:17:46.647759+00:00,ARKO,ARKO,ARKO,415300,415300
-6.568216029077462,ARQQ,2025-10-31 12:17:46.648268+00:00,42.38999938964844,44.54999923706055,41.5,41.50 - 44.55,NASDAQ,2025-10-31 12:17:46.648268+00:00,ARQQ,ARQQ,ARQQ,448400,448400
-1.463032130640329,ARQT,2025-10-31 12:17:46.648636+00:00,24.920000076293945,27.07900047302246,24.770000457763672,24.77 - 27.08,NASDAQ,2025-10-31 12:17:46.648636+00:00,ARQT,ARQT,ARQT,3060200,3060200
-10.25056544307786,ARTV,2025-10-31 12:17:46.649102+00:00,3.940000057220459,4.559999942779541,3.940000057220459,3.94 - 4.56,NASDAQ,2025-10-31 12:17:46.649102+00:00,ARTV,ARTV,ARTV,413300,413300
3.5453612844431555,ARVN,2025-10-31 12:17:46.649482+00:00,9.930000305175781,10.180000305175781,9.710000038146973,9.71 - 10.18,NASDAQ,2025-10-31 12:17:46.649481+00:00,ARVN,ARVN,ARVN,2758700,2758700
-0.9722424455422358,ASND,2025-10-31 12:17:46.649986+00:00,203.7100067138672,206.88499450683594,203.02499389648438,203.02 - 206.88,NASDAQ,2025-10-31 12:17:46.649985+00:00,ASND,ASND,ASND,267900,267900
-4.0540531041161625,ASO,2025-10-31 12:17:46.650353+00:00,46.86000061035156,48.7599983215332,46.59000015258789,46.59 - 48.76,NASDAQ,2025-10-31 12:17:46.650352+00:00,ASO,ASO,ASO,2454400,2454400
0.7714553962286916,ASPC,2025-10-31 12:17:46.651054+00:00,10.449999809265137,10.449999809265137,10.449999809265137,10.45 - 10.45,NASDAQ,2025-10-31 12:17:46.651054+00:00,ASPC,ASPC,ASPC,1000,1000
-3.1315260242591654,ASPS,2025-10-31 12:17:46.651466+00:00,9.279999732971191,10.0,9.210000038146973,9.21 - 10.00,NASDAQ,2025-10-31 12:17:46.651465+00:00,ASPS,ASPS,ASPS,10600,10600
-4.358355006524471,ASTC,2025-10-31 12:17:46.651985+00:00,3.950000047683716,4.190000057220459,3.940000057220459,3.94 - 4.19,NASDAQ,2025-10-31 12:17:46.651984+00:00,ASTC,ASTC,ASTC,15400,15400
-1.9907810952177831,ASTE,2025-10-31 12:17:46.652395+00:00,46.77000045776367,48.33000183105469,46.13999938964844,46.14 - 48.33,NASDAQ,2025-10-31 12:17:46.652394+00:00,ASTE,ASTE,ASTE,135300,135300
-4.3308286738574955,ASTH,2025-10-31 12:17:46.652737+00:00,31.809999465942383,33.33000183105469,31.75,31.75 - 33.33,NASDAQ,2025-10-31 12:17:46.652736+00:00,ASTH,ASTH,ASTH,375200,375200
-2.358488444120755,ASTI,2025-10-31 12:17:46.653077+00:00,2.069999933242798,2.1700000762939453,2.0299999713897705,2.03 - 2.17,NASDAQ,2025-10-31 12:17:46.653077+00:00,ASTI,ASTI,ASTI,83800,83800
-6.117646834429573,ASTL,2025-10-31 12:17:46.653433+00:00,3.990000009536743,4.300000190734863,3.565000057220459,3.57 - 4.30,NASDAQ,2025-10-31 12:17:46.653432+00:00,ASTL,ASTL,ASTL,4939500,4939500
-4.221830322870345,ASTS,2025-10-31 12:17:46.653787+00:00,76.68000030517578,80.4800033569336,74.5,74.50 - 80.48,NASDAQ,2025-10-31 12:17:46.653786+00:00,ASTS,ASTS,ASTS,9064300,9064300
-1.3651863802616762,ATAI,2025-10-31 12:17:46.654213+00:00,5.78000020980835,5.869999885559082,5.710000038146973,5.71 - 5.87,NASDAQ,2025-10-31 12:17:46.654212+00:00,ATAI,ATAI,ATAI,4556900,4556900
-0.9702841093566613,ATEC,2025-10-31 12:17:46.654618+00:00,16.329999923706055,16.729999542236328,16.209999084472656,16.21 - 16.73,NASDAQ,2025-10-31 12:17:46.654617+00:00,ATEC,ATEC,ATEC,4077100,4077100
-3.608309583680324,ATGL,2025-10-31 12:17:46.655050+00:00,18.11199951171875,19.299999237060547,18.11199951171875,18.11 - 19.30,NASDAQ,2025-10-31 12:17:46.655049+00:00,ATGL,ATGL,ATGL,1400,1400
2.3312950055313113,ATHA,2025-10-31 12:17:46.655397+00:00,4.170000076293945,4.21999979019165,4.079999923706055,4.08 - 4.22,NASDAQ,2025-10-31 12:17:46.655396+00:00,ATHA,ATHA,ATHA,10500,10500
-4.135343231767321,ATLN,2025-10-31 12:17:46.656060+00:00,2.549999952316284,2.75,2.5199999809265137,2.52 - 2.75,NASDAQ,2025-10-31 12:17:46.656059+00:00,ATLN,ATLN,ATLN,18900,18900
3.4416793055865167,ATON,2025-10-31 12:17:46.656702+00:00,5.409999847412109,5.429999828338623,5.110000133514404,5.11 - 5.43,NASDAQ,2025-10-31 12:17:46.656701+00:00,ATON,ATON,ATON,60700,60700
-2.459013990675489,ATPC,2025-10-31 12:17:46.657045+00:00,1.190000057220459,1.2200000286102295,1.1699999570846558,1.17 - 1.22,NASDAQ,2025-10-31 12:17:46.657045+00:00,ATPC,ATPC,ATPC,19200,19200
-0.10668807165770229,ATRA,2025-10-31 12:17:46.657388+00:00,14.045000076293945,14.5,13.300000190734863,13.30 - 14.50,NASDAQ,2025-10-31 12:17:46.657387+00:00,ATRA,ATRA,ATRA,45700,45700
-3.8092509210868917,ATRC,2025-10-31 12:17:46.657734+00:00,34.09000015258789,36.86000061035156,30.940000534057617,30.94 - 36.86,NASDAQ,2025-10-31 12:17:46.657734+00:00,ATRC,ATRC,ATRC,2518600,2518600
-2.723732881754308,AUID,2025-10-31 12:17:46.658399+00:00,2.5,2.7290000915527344,2.4639999866485596,2.46 - 2.73,NASDAQ,2025-10-31 12:17:46.658399+00:00,AUID,AUID,AUID,23600,23600
-0.30899932635008465,AVBH,2025-10-31 12:17:46.659079+00:00,25.809999465942383,25.989999771118164,25.709999084472656,25.71 - 25.99,NASDAQ,2025-10-31 12:17:46.659078+00:00,AVBH,AVBH,AVBH,11800,11800
-1.124202293311006,AVBP,2025-10-31 12:17:46.659452+00:00,18.469999313354492,19.427000045776367,18.424999237060547,18.42 - 19.43,NASDAQ,2025-10-31 12:17:46.659452+00:00,AVBP,AVBP,AVBP,496000,496000
-2.4638606909521683,AVGO,2025-10-31 12:17:46.659846+00:00,376.4700012207031,386.3999938964844,370.05999755859375,370.06 - 386.40,NASDAQ,2025-10-31 12:17:46.659846+00:00,AVGO,AVGO,AVGO,24252400,24252400
-5.952384781855513,AWRE,2025-10-31 12:17:46.660454+00:00,2.369999885559082,2.5,2.2100000381469727,2.21 - 2.50,NASDAQ,2025-10-31 12:17:46.660453+00:00,AWRE,AWRE,AWRE,57400,57400
1.9325856412394662,AXGN,2025-10-31 12:17:46.660842+00:00,22.68000030517578,23.139999389648438,21.829999923706055,21.83 - 23.14,NASDAQ,2025-10-31 12:17:46.660841+00:00,AXGN,AXGN,AXGN,1902500,1902500
0.0,AXIN,2025-10-31 12:17:46.661164+00:00,10.069999694824219,10.069999694824219,10.069999694824219,10.07 - 10.07,NASDAQ,2025-10-31 12:17:46.661163+00:00,AXIN,AXIN,AXIN,0,0
-2.7072576493862046,AXON,2025-10-31 12:17:46.661496+00:00,738.8800048828125,760.8499755859375,737.6300048828125,737.63 - 760.85,NASDAQ,2025-10-31 12:17:46.661495+00:00,AXON,AXON,AXON,490700,490700
-0.13500932430677112,AXSM,2025-10-31 12:17:46.661818+00:00,133.14999389648438,136.24000549316406,131.01100158691406,131.01 - 136.24,NASDAQ,2025-10-31 12:17:46.661817+00:00,AXSM,AXSM,AXSM,405200,405200
0.1337625884308768,AZN,2025-10-31 12:17:46.662227+00:00,82.33999633789062,82.81999969482422,81.29000091552734,81.29 - 82.82,NASDAQ,2025-10-31 12:17:46.662226+00:00,AZN,AZN,AZN,5789200,5789200
-2.5044783452812744,BACQ,2025-10-31 12:17:46.662714+00:00,10.899999618530273,11.149999618530273,10.770000457763672,10.77 - 11.15,NASDAQ,2025-10-31 12:17:46.662713+00:00,BACQ,BACQ,BACQ,1363100,1363100
-4.672900111677935,BAOS,2025-10-31 12:17:46.663336+00:00,3.059999942779541,3.2699999809265137,3.0299999713897705,3.03 - 3.27,NASDAQ,2025-10-31 12:17:46.663335+00:00,BAOS,BAOS,BAOS,22300,22300
0.467289251077145,BBLG,2025-10-31 12:17:46.663931+00:00,2.1500000953674316,2.2170000076293945,2.1059999465942383,2.11 - 2.22,NASDAQ,2025-10-31 12:17:46.663930+00:00,BBLG,BBLG,BBLG,8500,8500
-0.03732821403540847,BBNX,2025-10-31 12:17:46.664252+00:00,26.780000686645508,28.760000228881836,26.0,26.00 - 28.76,NASDAQ,2025-10-31 12:17:46.664251+00:00,BBNX,BBNX,BBNX,1095400,1095400
3.716510946565882,BBOT,2025-10-31 12:17:46.664579+00:00,12.0,12.119999885559082,11.34000015258789,11.34 - 12.12,NASDAQ,2025-10-31 12:17:46.664579+00:00,BBOT,BBOT,BBOT,264300,264300
0.0,BBSI,2025-10-31 12:17:46.664921+00:00,40.29999923706055,40.81999969482422,40.18000030517578,40.18 - 40.82,NASDAQ,2025-10-31 12:17:46.664920+00:00,BBSI,BBSI,BBSI,162000,162000
3.6523864348357282,BCAX,2025-10-31 12:17:46.665309+00:00,16.459999084472656,16.809999465942383,15.420000076293945,15.42 - 16.81,NASDAQ,2025-10-31 12:17:46.665308+00:00,BCAX,BCAX,BCAX,457300,457300
0.8838345220947794,BCBP,2025-10-31 12:17:46.665616+00:00,7.989999771118164,8.100000381469727,7.909999847412109,7.91 - 8.10,NASDAQ,2025-10-31 12:17:46.665616+00:00,BCBP,BCBP,BCBP,100100,100100
-0.19753538532021603,BDCI,2025-10-31 12:17:46.666479+00:00,10.104999542236328,10.12399959564209,10.100000381469727,10.10 - 10.12,NASDAQ,2025-10-31 12:17:46.666478+00:00,BDCI,BDCI,BDCI,151400,151400
-0.27803274399677924,BEAG,2025-10-31 12:17:46.667003+00:00,10.760000228881836,10.84000015258789,10.75,10.75 - 10.84,NASDAQ,2025-10-31 12:17:46.667003+00:00,BEAG,BEAG,BEAG,12100,12100
-3.916032308344577,BEAM,2025-10-31 12:17:46.667358+00:00,23.799999237060547,24.950000762939453,23.719999313354492,23.72 - 24.95,NASDAQ,2025-10-31 12:17:46.667357+00:00,BEAM,BEAM,BEAM,1731000,1731000
0.6249993946403356,BEAT,2025-10-31 12:17:46.667707+00:00,1.6100000143051147,1.6399999856948853,1.5499999523162842,1.55 - 1.64,NASDAQ,2025-10-31 12:17:46.667706+00:00,BEAT,BEAT,BEAT,33100,33100
-1.2068814873745686,BELFB,2025-10-31 12:17:46.668249+00:00,150.6199951171875,155.25,129.94000244140625,129.94 - 155.25,NASDAQ,2025-10-31 12:17:46.668249+00:00,BELFB,BELFB,BELFB,273000,273000
0.41036541779836844,BFC,2025-10-31 12:17:46.668567+00:00,124.79000091552734,130.6199951171875,123.95999908447266,123.96 - 130.62,NASDAQ,2025-10-31 12:17:46.668567+00:00,BFC,BFC,BFC,61600,61600
-0.6283720497413907,BFIN,2025-10-31 12:17:46.668906+00:00,11.069999694824219,11.329999923706055,11.0600004196167,11.06 - 11.33,NASDAQ,2025-10-31 12:17:46.668905+00:00,BFIN,BFIN,BFIN,13900,13900
0.8762313549100491,BGC,2025-10-31 12:17:46.669282+00:00,9.210000038146973,9.239999771118164,9.010000228881836,9.01 - 9.24,NASDAQ,2025-10-31 12:17:46.669282+00:00,BGC,BGC,BGC,3011100,3011100
1.3671908833203663,BGLC,2025-10-31 12:17:46.669723+00:00,5.190000057220459,5.230000019073486,5.0,5.00 - 5.23,NASDAQ,2025-10-31 12:17:46.669722+00:00,BGLC,BGLC,BGLC,9300,9300
0.0,BHAT,2025-10-31 12:17:46.670197+00:00,1.5499999523162842,1.559999942779541,1.5099999904632568,1.51 - 1.56,NASDAQ,2025-10-31 12:17:46.670196+00:00,BHAT,BHAT,BHAT,51300,51300
-1.2961811988582115,BHF,2025-10-31 12:17:46.670517+00:00,45.689998626708984,46.72700119018555,45.665000915527344,45.67 - 46.73,NASDAQ,2025-10-31 12:17:46.670517+00:00,BHF,BHF,BHF,380400,380400
-1.1194048882451455,BHFAO,2025-10-31 12:17:46.671012+00:00,15.899999618530273,16.030000686645508,15.899999618530273,15.90 - 16.03,NASDAQ,2025-10-31 12:17:46.671011+00:00,BHFAO,BHFAO,BHFAO,31300,31300
-1.0745896306784615,BHFAP,2025-10-31 12:17:46.671354+00:00,15.649999618530273,15.854000091552734,15.609999656677246,15.61 - 15.85,NASDAQ,2025-10-31 12:17:46.671353+00:00,BHFAP,BHFAP,BHFAP,109900,109900
-0.7625806708107298,BHST,2025-10-31 12:17:46.671743+00:00,9.760000228881836,10.0,9.510000228881836,9.51 - 10.00,NASDAQ,2025-10-31 12:17:46.671742+00:00,BHST,BHST,BHST,23300,23300
1.183552003771251,BIIB,2025-10-31 12:17:46.672172+00:00,149.61000061035156,154.44000244140625,138.0,138.00 - 154.44,NASDAQ,2025-10-31 12:17:46.672171+00:00,BIIB,BIIB,BIIB,2744700,2744700
-5.120198102250565,BILI,2025-10-31 12:17:46.672535+00:00,30.389999389648438,30.610000610351562,29.959999084472656,29.96 - 30.61,NASDAQ,2025-10-31 12:17:46.672534+00:00,BILI,BILI,BILI,2578300,2578300
0.6510441647455034,BIOA,2025-10-31 12:17:46.672889+00:00,7.730000019073486,8.149999618530273,7.659999847412109,7.66 - 8.15,NASDAQ,2025-10-31 12:17:46.672889+00:00,BIOA,BIOA,BIOA,429000,429000
-10.416663174206933,BIOX,2025-10-31 12:17:46.673226+00:00,1.7200000286102295,1.8980000019073486,1.7200000286102295,1.72 - 1.90,NASDAQ,2025-10-31 12:17:46.673226+00:00,BIOX,BIOX,BIOX,535100,535100
-4.694842144522395,BITF,2025-10-31 12:17:46.673599+00:00,4.059999942779541,4.28000020980835,3.9200000762939453,3.92 - 4.28,NASDAQ,2025-10-31 12:17:46.673598+00:00,BITF,BITF,BITF,68953100,68953100
-0.17528049392473513,BKHA,2025-10-31 12:17:46.674094+00:00,11.390000343322754,11.4399995803833,11.369999885559082,11.37 - 11.44,NASDAQ,2025-10-31 12:17:46.674093+00:00,BKHA,BKHA,BKHA,3900,3900
0.08570168943627836,BKNG,2025-10-31 12:17:46.674471+00:00,5080.2099609375,5279.759765625,5055.0,5055.00 - 5279.76,NASDAQ,2025-10-31 12:17:46.674470+00:00,BKNG,BKNG,BKNG,325500,325500
0.35373321489375453,BL,2025-10-31 12:17:46.674818+00:00,56.7400016784668,58.47999954223633,56.459999084472656,56.46 - 58.48,NASDAQ,2025-10-31 12:17:46.674817+00:00,BL,BL,BL,1476400,1476400
14.2679845987522,BLBX,2025-10-31 12:17:46.675241+00:00,9.210000038146973,9.59000015258789,7.880000114440918,7.88 - 9.59,NASDAQ,2025-10-31 12:17:46.675240+00:00,BLBX,BLBX,BLBX,361200,361200
-2.323897152219159,BLFS,2025-10-31 12:17:46.675667+00:00,26.899999618530273,27.760000228881836,26.860000610351562,26.86 - 27.76,NASDAQ,2025-10-31 12:17:46.675666+00:00,BLFS,BLFS,BLFS,300200,300200
-2.987489139761307,BLKB,2025-10-31 12:17:46.676162+00:00,65.91999816894531,68.5,65.81999969482422,65.82 - 68.50,NASDAQ,2025-10-31 12:17:46.676162+00:00,BLKB,BLKB,BLKB,447400,447400
1.7123270893795304,BLNE,2025-10-31 12:17:46.676532+00:00,2.9700000286102295,3.109999895095825,2.9200000762939453,2.92 - 3.11,NASDAQ,2025-10-31 12:17:46.676531+00:00,BLNE,BLNE,BLNE,330800,330800
0.10203925930723852,BLTE,2025-10-31 12:17:46.676972+00:00,98.0999984741211,99.0,95.29000091552734,95.29 - 99.00,NASDAQ,2025-10-31 12:17:46.676971+00:00,BLTE,BLTE,BLTE,79100,79100
-1.0830314655719266,BMBL,2025-10-31 12:17:46.677359+00:00,5.480000019073486,5.546999931335449,5.380000114440918,5.38 - 5.55,NASDAQ,2025-10-31 12:17:46.677358+00:00,BMBL,BMBL,BMBL,2607600,2607600
2.6143844320456395,BMGL,2025-10-31 12:17:46.677750+00:00,1.5700000524520874,1.5800000429153442,1.5299999713897705,1.53 - 1.58,NASDAQ,2025-10-31 12:17:46.677750+00:00,BMGL,BMGL,BMGL,15200,15200
-1.0752678064499148,BMRA,2025-10-31 12:17:46.678207+00:00,2.759999990463257,2.8299999237060547,2.75,2.75 - 2.83,NASDAQ,2025-10-31 12:17:46.678206+00:00,BMRA,BMRA,BMRA,27500,27500
1.1019272890350313,BNBX,2025-10-31 12:17:46.678679+00:00,3.6700000762939453,3.7699999809265137,3.559999942779541,3.56 - 3.77,NASDAQ,2025-10-31 12:17:46.678678+00:00,BNBX,BNBX,BNBX,91200,91200
-4.2105223531537606,BNC,2025-10-31 12:17:46.679013+00:00,7.28000020980835,7.46999979019165,7.21999979019165,7.22 - 7.47,NASDAQ,2025-10-31 12:17:46.679013+00:00,BNC,BNC,BNC,387600,387600
0.0,BNTC,2025-10-31 12:17:43.410927+00:00,16.170000076293945,16.31999969482422,15.970000267028809,15.97 - 16.32,NASDAQ,2025-10-31 12:17:43.410923+00:00,BNTC,BNTC,BNTC,42900,42900
3.9832297270482133,BODI,2025-10-31 12:17:43.411411+00:00,4.960000038146973,5.0,4.671000003814697,4.67 - 5.00,NASDAQ,2025-10-31 12:17:43.411410+00:00,BODI,BODI,BODI,8900,8900
0.0,BOTJ,2025-10-31 12:17:43.411964+00:00,16.239999771118164,16.25,16.149999618530273,16.15 - 16.25,NASDAQ,2025-10-31 12:17:43.411963+00:00,BOTJ,BOTJ,BOTJ,2100,2100
-3.0075247948591937,BRNS,2025-10-31 12:17:43.412720+00:00,1.2899999618530273,1.3700000047683716,1.2699999809265137,1.27 - 1.37,NASDAQ,2025-10-31 12:17:43.412719+00:00,BRNS,BRNS,BRNS,9500,9500
-3.205125266043049,BRTX,2025-10-31 12:17:43.413023+00:00,1.5099999904632568,1.569599986076355,1.4950000047683716,1.50 - 1.57,NASDAQ,2025-10-31 12:17:43.413022+00:00,BRTX,BRTX,BRTX,35200,35200
0.0,BRY,2025-10-31 12:17:43.413307+00:00,3.3299999237060547,3.390000104904175,3.2799999713897705,3.28 - 3.39,NASDAQ,2025-10-31 12:17:43.413307+00:00,BRY,BRY,BRY,425800,425800
1.4369981789528783,BRZE,2025-10-31 12:17:43.413582+00:00,27.530000686645508,28.299999237060547,26.829999923706055,26.83 - 28.30,NASDAQ,2025-10-31 12:17:43.413582+00:00,BRZE,BRZE,BRZE,1317400,1317400
1.75438146414101,BSBK,2025-10-31 12:17:43.413925+00:00,8.699999809265137,8.699999809265137,8.520000457763672,8.52 - 8.70,NASDAQ,2025-10-31 12:17:43.413924+00:00,BSBK,BSBK,BSBK,5000,5000
-0.9427632304807918,BSET,2025-10-31 12:17:43.414230+00:00,14.710000038146973,14.949999809265137,14.460000038146973,14.46 - 14.95,NASDAQ,2025-10-31 12:17:43.414230+00:00,BSET,BSET,BSET,31100,31100
1.734666697236437,BSVN,2025-10-31 12:17:43.414511+00:00,41.63999938964844,41.880001068115234,40.970001220703125,40.97 - 41.88,NASDAQ,2025-10-31 12:17:43.414510+00:00,BSVN,BSVN,BSVN,21900,21900
-0.3168941217927248,BSY,2025-10-31 12:17:43.414792+00:00,50.33000183105469,51.224998474121094,50.060001373291016,50.06 - 51.22,NASDAQ,2025-10-31 12:17:43.414791+00:00,BSY,BSY,BSY,1311500,1311500
-10.000002384185791,BTBD,2025-10-31 12:17:43.415124+00:00,1.7999999523162842,1.9600000381469727,1.75,1.75 - 1.96,NASDAQ,2025-10-31 12:17:43.415124+00:00,BTBD,BTBD,BTBD,358800,358800
0.0,BWBBP,2025-10-31 12:17:43.415915+00:00,20.77400016784668,20.77400016784668,20.77400016784668,20.77 - 20.77,NASDAQ,2025-10-31 12:17:43.415914+00:00,BWBBP,BWBBP,BWBBP,0,0
-10.569108370094376,BYND,2025-10-31 12:17:43.416356+00:00,1.649999976158142,1.7699999809265137,1.600000023841858,1.60 - 1.77,NASDAQ,2025-10-31 12:17:43.416355+00:00,BYND,BYND,BYND,145691400,145691400
-3.3268115822342987,BYRN,2025-10-31 12:17:43.416637+00:00,19.760000228881836,20.510000228881836,19.75,19.75 - 20.51,NASDAQ,2025-10-31 12:17:43.416636+00:00,BYRN,BYRN,BYRN,236600,236600
-5.21092470552349,BZAI,2025-10-31 12:17:43.417015+00:00,3.819999933242798,3.9800000190734863,3.805000066757202,3.81 - 3.98,NASDAQ,2025-10-31 12:17:43.417014+00:00,BZAI,BZAI,BZAI,1877700,1877700
0.6734000247088343,CALC,2025-10-31 12:17:43.417559+00:00,2.990000009536743,2.994999885559082,2.9600000381469727,2.96 - 2.99,NASDAQ,2025-10-31 12:17:43.417559+00:00,CALC,CALC,CALC,19200,19200
-0.28696050518640304,CALM,2025-10-31 12:17:43.417837+00:00,86.87000274658203,88.19999694824219,85.25,85.25 - 88.20,NASDAQ,2025-10-31 12:17:43.417836+00:00,CALM,CALM,CALM,1020500,1020500
-9.48905071380695,CAN,2025-10-31 12:17:43.418209+00:00,1.2400000095367432,1.3300000429153442,1.2300000190734863,1.23 - 1.33,NASDAQ,2025-10-31 12:17:43.418209+00:00,CAN,CAN,CAN,53518000,53518000
-2.884612739438744,CAPS,2025-10-31 12:17:43.418533+00:00,1.0099999904632568,1.059999942779541,1.0099999904632568,1.01 - 1.06,NASDAQ,2025-10-31 12:17:43.418533+00:00,CAPS,CAPS,CAPS,146000,146000
-6.865289104525931,CAPT,2025-10-31 12:17:43.418818+00:00,0.718999981880188,0.7649999856948853,0.7039999961853027,0.70 - 0.76,NASDAQ,2025-10-31 12:17:43.418817+00:00,CAPT,CAPT,CAPT,167300,167300
-0.8059947624231034,CARE,2025-10-31 12:17:43.419492+00:00,17.229999542236328,17.829999923706055,17.200000762939453,17.20 - 17.83,NASDAQ,2025-10-31 12:17:43.419490+00:00,CARE,CARE,CARE,56700,56700
0.7493419843152377,CASH,2025-10-31 12:17:43.421298+00:00,68.56999969482422,69.33999633789062,68.05999755859375,68.06 - 69.34,NASDAQ,2025-10-31 12:17:43.421296+00:00,CASH,CASH,CASH,180600,180600
-0.589520659959296,CATY,2025-10-31 12:17:43.421927+00:00,45.529998779296875,46.38999938964844,45.47999954223633,45.48 - 46.39,NASDAQ,2025-10-31 12:17:43.421926+00:00,CATY,CATY,CATY,376700,376700
