{
    "version": 2,
    "$schema": "https://schemas.wp.org/wp/6.4/theme.json",
    "title": "Red",
    "settings": {
        "color": {
            "palette": [
                {
                    "color": "#b13838",
                    "name": "Color 1",
                    "slug": "custom-color-1"
                },
                {
                    "color": "#000",
                    "name": "Color 2",
                    "slug": "custom-color-2"
                },
                {
                    "color": "#ffffff",
                    "name": "Color 3",
                    "slug": "custom-color-3"
                },
                {
                    "color": "#fafafa",
                    "name": "Color 4",
                    "slug": "custom-color-4"
                }
            ]
        }
    }
}